source,meter_configuration,household_id,profile_people_household_size,profile_people_household_type,profile_people_survey_sex_answer,profile_people_highest_household_education,profile_people_gross_household_income_band,profile_people_age_group_counts,profile_people_life_status_counts,profile_dwelling_type,profile_dwelling_floor_area_band_m2,profile_dwelling_owner_occupied,profile_dwelling_construction_year_band,profile_dwelling_energy_renovation_reported,profile_dwelling_rental_unit_present,profile_dwelling_rental_unit_separate_meter,profile_dwelling_shared_flat,profile_dwelling_heated_room_count,profile_preferences_living_room_comfort_temperature_celsius,profile_usage_habits_daytime_home,profile_usage_habits_daytime_home_scope,profile_usage_habits_lower_temperature_in_less_used_rooms,profile_usage_habits_reduce_temperature_at_night_or_away,profile_usage_habits_heating_control,profile_usage_habits_water_heater_control,profile_usage_habits_dryer_usage_level,profile_usage_habits_wood_stove_use_answers,profile_energy_attitudes_reported_electricity_reduction_effort,profile_energy_attitudes_follows_electricity_use,profile_energy_attitudes_follows_electricity_prices,profile_energy_attitudes_internet_access,profile_energy_attitudes_use_information_channels,profile_energy_attitudes_price_information_channels,profile_energy_systems_electricity_contract,profile_energy_systems_respondent_receives_bill,profile_energy_systems_renewable_electricity_contract,profile_energy_systems_hot_water_arrangement,profile_energy_systems_ventilation_answers,profile_energy_systems_gas_available,profile_energy_systems_gas_heating,profile_energy_systems_gas_hot_water,profile_energy_systems_gas_cooking,profile_energy_systems_gas_other_appliance,profile_vehicles_car_present,profile_vehicles_car_count,profile_vehicles_electric_or_plugin_hybrid_present,profile_vehicles_electric_or_plugin_hybrid_count,profile_vehicles_electric_or_plugin_hybrid_details,profile_quality_flags
iflex,iflex,Exp_1,2,Couple without children living at home,Man,High school / High school level (11-13 years of schooling),,"{""0_1"": 0, ""16_22"": 0, ""23_29"": 0, ""2_5"": 0, ""30_39"": 0, ""40_49"": 0, ""50_66"": 0, ""67_plus"": 2, ""6_15"": 0}","{""full_time_work"": 0, ""other"": 0, ""part_time_work"": 0, ""retired"": 2, ""school_or_kindergarten"": 0, ""student"": 0, ""unemployed_or_not_in_education"": 0}",Detached house,80-99 m2,True,1946-1960,False,False,,,,24.0,True,weekday_daytime,True,False,"Yes, automated by time (set schedule in thermostat)",No,,,,False,False,,,,,True,,Own electric water heater,"[""What air ventilation system do you have in your home? Natural ventilation (ventilation via windows and air vents)""]",,,,,,True,1,False,,[],[]
iflex,iflex,Exp_220,1,Living alone,Woman,"College / University, higher degree (4 years or more)",NOK 800 000 - 999 999,"{""0_1"": 0, ""16_22"": 0, ""23_29"": 0, ""2_5"": 0, ""30_39"": 0, ""40_49"": 0, ""50_66"": 0, ""67_plus"": 1, ""6_15"": 0}","{""full_time_work"": 0, ""other"": 0, ""part_time_work"": 0, ""retired"": 1, ""school_or_kindergarten"": 0, ""student"": 0, ""unemployed_or_not_in_education"": 0}",Detached house,160 m2 or larger,True,1971-1980,False,False,,,,23.0,True,weekday_daytime,True,True,"Yes, manually (turn on and off panel heaters, regulate temperature on thermostats, etc.)",No,,"[""Only on the coldest days""]",,False,False,,,,Variable price,True,False,Own electric water heater,"[""What air ventilation system do you have in your home? Natural ventilation (ventilation via windows and air vents)""]",,,,,,True,1,False,,[],[]
iflex,iflex,Exp_2,1,Living alone,Woman,"College / University, undergraduate degree (1-3 years)",NOK 300 000 - 499 999,"{""0_1"": 0, ""16_22"": 0, ""23_29"": 0, ""2_5"": 0, ""30_39"": 0, ""40_49"": 0, ""50_66"": 0, ""67_plus"": 1, ""6_15"": 0}","{""full_time_work"": 0, ""other"": 0, ""part_time_work"": 0, ""retired"": 1, ""school_or_kindergarten"": 0, ""student"": 0, ""unemployed_or_not_in_education"": 0}",Semi-detached house,80-99 m2,True,1901-1920,True,False,,,,23.0,True,weekday_daytime,True,True,"Yes, manually (turn on and off panel heaters, regulate temperature on thermostats, etc.)",No,,"[""Only on the coldest days""]",,False,False,,,,Fixed price,True,,Own electric water heater,"[""What air ventilation system do you have in your home? Natural ventilation (ventilation via windows and air vents)""]",,,,,,True,1,False,,[],[]
iflex,iflex,Exp_221,4,Multi-family household without children 0-17 years,Man,"College / University, undergraduate degree (1-3 years)",NOK 1 000 000 - 1 499 999,"{""0_1"": 0, ""16_22"": 0, ""23_29"": 0, ""2_5"": 1, ""30_39"": 2, ""40_49"": 0, ""50_66"": 0, ""67_plus"": 0, ""6_15"": 1}","{""full_time_work"": 2, ""other"": 0, ""part_time_work"": 0, ""retired"": 0, ""school_or_kindergarten"": 2, ""student"": 0, ""unemployed_or_not_in_education"": 0}","Townhouses, chain houses and other small houses with 3 homes or more",80-99 m2,True,2011 or later,False,False,,,,23.0,False,weekday_daytime,True,True,"Yes, automated by price (advanced control based on spot price for electricity)",No,,"[""Almost every day in winter""]",,True,True,,"[""Website (e.g. electricity supplier or others)"", ""App (e.g. electricity supplier or others)""]","[""App (e.g. electricity supplier or others)""]",Spot price / Hourly spot,True,True,Own electric water heater,"[""What air ventilation system do you have in your home? Balanced ventilation system with heat recovery""]",,,,,,True,2,True,2,"[{""charging_control"": ""Yes, automated by price (advanced control based on spot price for electricity)"", ""distance_before_charging_km"": 50.0, ""electric_range_km"": 550.0, ""home_charging_frequency"": ""Daily"", ""home_charging_method"": ""Home charging station 16A, 3 phase [12kW]"", ""usual_charging_location"": ""At home on a shared electricity meter with other homes"", ""usual_charging_time"": ""Night (10 pm - 7 am)"", ""vehicle_number"": 1}, {""charging_control"": ""No"", ""distance_before_charging_km"": 100.0, ""electric_range_km"": 220.0, ""home_charging_frequency"": ""Several times a week"", ""home_charging_method"": ""Home charging station 16A, 3 phase [12kW]"", ""usual_charging_location"": ""At home on a shared electricity meter with other homes"", ""usual_charging_time"": ""Night (10 pm - 7 am)"", ""vehicle_number"": 2}]",[]
iflex,iflex,Exp_3,2,Couple without children living at home,Man,"College / University, undergraduate degree (1-3 years)",NOK 1 000 000 - 1 499 999,"{""0_1"": 0, ""16_22"": 0, ""23_29"": 0, ""2_5"": 0, ""30_39"": 0, ""40_49"": 0, ""50_66"": 2, ""67_plus"": 0, ""6_15"": 0}","{""full_time_work"": 2, ""other"": 0, ""part_time_work"": 0, ""retired"": 0, ""school_or_kindergarten"": 0, ""student"": 0, ""unemployed_or_not_in_education"": 0}","Townhouses, chain houses and other small houses with 3 homes or more",60-79 m2,True,1981-1990,False,False,,,,22.0,False,weekday_daytime,True,False,"Yes, manually (turn on and off panel heaters, regulate temperature on thermostats, etc.)",,,,,True,False,,"[""Website (e.g. electricity supplier or others)""]",,Fixed price,True,,Shared water heater or district heating,"[""What air ventilation system do you have in your home? Natural ventilation (ventilation via windows and air vents)""]",,,,,,True,2,False,,[],[]
iflex,iflex,Exp_222,2,Couple without children living at home,Woman,"College / University, higher degree (4 years or more)",NOK 1 000 000 - 1 499 999,"{""0_1"": 0, ""16_22"": 0, ""23_29"": 0, ""2_5"": 0, ""30_39"": 2, ""40_49"": 0, ""50_66"": 0, ""67_plus"": 0, ""6_15"": 0}","{""full_time_work"": 2, ""other"": 0, ""part_time_work"": 0, ""retired"": 0, ""school_or_kindergarten"": 0, ""student"": 0, ""unemployed_or_not_in_education"": 0}",Apartment block,100-119 m2,True,2011 or later,True,False,,,,22.0,True,weekday_daytime,True,True,"Yes, manually (turn on and off panel heaters, regulate temperature on thermostats, etc.)",,,,,True,False,,"[""Electricity bill""]",,Fixed price,True,,Shared water heater or district heating,"[""What air ventilation system do you have in your home? Natural ventilation (ventilation via windows and air vents)"", ""What air ventilation system do you have in your home? Balanced ventilation system with heat recovery""]",,,,,,True,2,True,1,"[{""charging_control"": ""No"", ""distance_before_charging_km"": 60.0, ""electric_range_km"": 160.0, ""home_charging_frequency"": ""Several times a week"", ""home_charging_method"": ""Charging station 32A, 3 phase [22kW] or higher"", ""usual_charging_location"": ""At home on a shared electricity meter with other homes"", ""usual_charging_time"": ""Evening (5 pm - 10 pm)"", ""vehicle_number"": 1}]",[]
iflex,iflex,Exp_4,5,Couple with small child (youngest child 0-5 years),Woman,"College / University, higher degree (4 years or more)",NOK 1 500 000 or more,"{""0_1"": 1, ""16_22"": 0, ""23_29"": 0, ""2_5"": 1, ""30_39"": 0, ""40_49"": 2, ""50_66"": 0, ""67_plus"": 0, ""6_15"": 1}","{""full_time_work"": 2, ""other"": 0, ""part_time_work"": 0, ""retired"": 0, ""school_or_kindergarten"": 3, ""student"": 0, ""unemployed_or_not_in_education"": 0}",Detached house,120-159 m2,True,1991-2000,False,False,,,,23.0,False,weekday_daytime,True,True,"Yes, manually (turn on and off panel heaters, regulate temperature on thermostats, etc.)",No,,"[""Weekly in winter""]",,True,True,,"[""Electricity bill""]","[""Website (e.g. electricity supplier or others)""]",Spot price / Hourly spot,True,False,Own electric water heater,"[""What air ventilation system do you have in your home? Balanced ventilation system with heat recovery""]",,,,,,True,1,True,1,"[{""charging_control"": ""No"", ""distance_before_charging_km"": 20.0, ""electric_range_km"": 40.0, ""home_charging_frequency"": ""Daily"", ""home_charging_method"": ""Home charging station 16A, 3 phase [12kW]"", ""usual_charging_location"": ""At home on the same electricity meter as the rest of the home"", ""usual_charging_time"": ""Night (10 pm - 7 am)"", ""vehicle_number"": 1}]",[]
iflex,iflex,Exp_224,2,Couple without children living at home,Woman,"College / University, undergraduate degree (1-3 years)",NOK 800 000 - 999 999,,"{""full_time_work"": 0, ""other"": 0, ""part_time_work"": 0, ""retired"": 0, ""school_or_kindergarten"": 0, ""student"": 0, ""unemployed_or_not_in_education"": 0}",Apartment block,80-99 m2,True,2001-2010,False,False,,,,21.0,True,weekday_daytime,True,True,"Yes, manually (turn on and off panel heaters, regulate temperature on thermostats, etc.)",,,,,True,True,,"[""App (e.g. electricity supplier or others)""]","[""Other""]",Spot price / Hourly spot,True,,Shared water heater or district heating,"[""What air ventilation system do you have in your home? Natural ventilation (ventilation via windows and air vents)""]",,,,,,True,1,False,,[],"[""age_distribution_inconsistent_with_household_size""]"
iflex,iflex,Exp_5,1,Living alone,Woman,"College / University, higher degree (4 years or more)",NOK 300 000 - 499 999,"{""0_1"": 0, ""16_22"": 0, ""23_29"": 0, ""2_5"": 0, ""30_39"": 0, ""40_49"": 0, ""50_66"": 1, ""67_plus"": 0, ""6_15"": 0}","{""full_time_work"": 1, ""other"": 0, ""part_time_work"": 0, ""retired"": 0, ""school_or_kindergarten"": 0, ""student"": 0, ""unemployed_or_not_in_education"": 0}",Detached house,100-119 m2,True,1900 or earlier,False,False,,,,24.0,False,weekday_daytime,True,True,"Yes, manually (turn on and off panel heaters, regulate temperature on thermostats, etc.)",No,,"[""Sometimes, mostly for having it cosy""]",,False,False,,,,Variable price,True,,Own electric water heater,"[""What air ventilation system do you have in your home? Natural ventilation (ventilation via windows and air vents)""]",,,,,,False,,,,,[]
iflex,iflex,Exp_225,2,Couple without children living at home,Man,"College / University, higher degree (4 years or more)",NOK 800 000 - 999 999,"{""0_1"": 0, ""16_22"": 0, ""23_29"": 0, ""2_5"": 0, ""30_39"": 0, ""40_49"": 0, ""50_66"": 0, ""67_plus"": 2, ""6_15"": 0}","{""full_time_work"": 0, ""other"": 0, ""part_time_work"": 0, ""retired"": 2, ""school_or_kindergarten"": 0, ""student"": 0, ""unemployed_or_not_in_education"": 0}",Apartment block,80-99 m2,True,2001-2010,False,False,,,,20.0,True,weekday_daytime,True,False,"Yes, manually (turn on and off panel heaters, regulate temperature on thermostats, etc.)",No,,,,False,True,,,"[""Website (e.g. electricity supplier or others)""]",Spot price / Hourly spot,True,,Own electric water heater,"[""What air ventilation system do you have in your home? Natural ventilation (ventilation via windows and air vents)"", ""What air ventilation system do you have in your home? Mechanical ventilation manually controlled""]",,,,,,True,1,False,,[],[]
iflex,iflex,Exp_6,2,Couple without children living at home,Man,"College / University, higher degree (4 years or more)",NOK 1 500 000 or more,"{""0_1"": 0, ""16_22"": 0, ""23_29"": 0, ""2_5"": 0, ""30_39"": 0, ""40_49"": 0, ""50_66"": 2, ""67_plus"": 0, ""6_15"": 0}","{""full_time_work"": 2, ""other"": 0, ""part_time_work"": 0, ""retired"": 0, ""school_or_kindergarten"": 0, ""student"": 0, ""unemployed_or_not_in_education"": 0}",Detached house,160 m2 or larger,True,1946-1960,True,False,,,,21.0,False,weekday_daytime,True,True,"Yes, automated by time (set schedule in thermostat)",No,,,,False,True,,,"[""Electricity bill"", ""Website (e.g. electricity supplier or others)""]",Spot price / Hourly spot,True,False,Own electric water heater,"[""What air ventilation system do you have in your home? Natural ventilation (ventilation via windows and air vents)""]",,,,,,True,2,False,,[],[]
iflex,iflex,Exp_226,2,Couple without children living at home,Man,"College / University, higher degree (4 years or more)",NOK 1 500 000 or more,"{""0_1"": 0, ""16_22"": 0, ""23_29"": 0, ""2_5"": 0, ""30_39"": 0, ""40_49"": 0, ""50_66"": 2, ""67_plus"": 0, ""6_15"": 0}","{""full_time_work"": 2, ""other"": 0, ""part_time_work"": 0, ""retired"": 0, ""school_or_kindergarten"": 0, ""student"": 0, ""unemployed_or_not_in_education"": 0}","Townhouses, chain houses and other small houses with 3 homes or more",80-99 m2,True,1921-1940,True,False,,,,22.0,False,weekday_daytime,True,True,"Yes, manually (turn on and off panel heaters, regulate temperature on thermostats, etc.)",No,,"[""Weekly in winter""]",,True,False,,"[""App (e.g. electricity supplier or others)""]",,Variable price,True,False,Own electric water heater,"[""What air ventilation system do you have in your home? Natural ventilation (ventilation via windows and air vents)""]",,,,,,True,1,False,,[],[]
iflex,iflex,Exp_7,2,Couple without children living at home,Man,"College / University, higher degree (4 years or more)",NOK 1 000 000 - 1 499 999,"{""0_1"": 0, ""16_22"": 0, ""23_29"": 0, ""2_5"": 0, ""30_39"": 0, ""40_49"": 0, ""50_66"": 2, ""67_plus"": 0, ""6_15"": 0}","{""full_time_work"": 2, ""other"": 0, ""part_time_work"": 0, ""retired"": 0, ""school_or_kindergarten"": 0, ""student"": 0, ""unemployed_or_not_in_education"": 0}","Townhouses, chain houses and other small houses with 3 homes or more",120-159 m2,True,1971-1980,True,False,,,,22.0,False,weekday_daytime,True,True,"Yes, automated by time (set schedule in thermostat)","Yes, automated by time",,"[""Almost every day in winter""]",,True,False,,"[""App (e.g. electricity supplier or others)""]",,Spot price / Hourly spot,True,True,Own electric water heater,"[""What air ventilation system do you have in your home? Natural ventilation (ventilation via windows and air vents)""]",,,,,,True,1,False,,[],[]
iflex,iflex,Exp_227,2,Couple without children living at home,Man,"College / University, higher degree (4 years or more)",NOK 1 000 000 - 1 499 999,"{""0_1"": 0, ""16_22"": 0, ""23_29"": 0, ""2_5"": 0, ""30_39"": 0, ""40_49"": 0, ""50_66"": 0, ""67_plus"": 2, ""6_15"": 0}","{""full_time_work"": 0, ""other"": 0, ""part_time_work"": 0, ""retired"": 2, ""school_or_kindergarten"": 0, ""student"": 0, ""unemployed_or_not_in_education"": 0}",Detached house,160 m2 or larger,True,1981-1990,False,False,,,,24.0,True,weekday_daytime,False,False,"Yes, manually (turn on and off panel heaters, regulate temperature on thermostats, etc.)",No,,"[""Sometimes, mostly for having it cosy""]",,False,False,,,,,True,,Own electric water heater,"[""What air ventilation system do you have in your home? Natural ventilation (ventilation via windows and air vents)""]",,,,,,True,3,True,1,"[{""charging_control"": ""Yes, manually"", ""distance_before_charging_km"": 55.0, ""electric_range_km"": 110.0, ""home_charging_frequency"": ""Daily"", ""home_charging_method"": ""Standard outlet [10-16A, 1 phase, 2.3 - 3.5 kW]"", ""usual_charging_location"": ""At home on a shared electricity meter with other homes"", ""usual_charging_time"": ""Night (10 pm - 7 am)"", ""vehicle_number"": 1}]",[]
iflex,iflex,Exp_8,2,Couple without children living at home,Man,"College / University, undergraduate degree (1-3 years)",NOK 1 500 000 or more,"{""0_1"": 0, ""16_22"": 0, ""23_29"": 1, ""2_5"": 0, ""30_39"": 1, ""40_49"": 0, ""50_66"": 0, ""67_plus"": 0, ""6_15"": 0}","{""full_time_work"": 2, ""other"": 0, ""part_time_work"": 0, ""retired"": 0, ""school_or_kindergarten"": 0, ""student"": 0, ""unemployed_or_not_in_education"": 0}","Townhouses, chain houses and other small houses with 3 homes or more",100-119 m2,True,2011 or later,False,False,,,,20.0,False,weekday_daytime,True,True,"Yes, manually (turn on and off panel heaters, regulate temperature on thermostats, etc.)",No,,,,True,True,,"[""Electricity bill"", ""Website (e.g. electricity supplier or others)""]","[""Website (e.g. electricity supplier or others)""]",Spot price / Hourly spot,True,,Own electric water heater,"[""What air ventilation system do you have in your home? Mechanical ventilation manually controlled""]",,,,,,True,1,False,,[],[]
iflex,iflex,Exp_228,1,Living alone,Woman,High school / High school level (11-13 years of schooling),NOK 500 000 -799 999,"{""0_1"": 0, ""16_22"": 0, ""23_29"": 0, ""2_5"": 0, ""30_39"": 1, ""40_49"": 0, ""50_66"": 0, ""67_plus"": 0, ""6_15"": 0}","{""full_time_work"": 1, ""other"": 0, ""part_time_work"": 0, ""retired"": 0, ""school_or_kindergarten"": 0, ""student"": 0, ""unemployed_or_not_in_education"": 0}",Detached house,120-159 m2,True,1991-2000,False,False,,,,23.0,False,weekday_daytime,True,False,"Yes, manually (turn on and off panel heaters, regulate temperature on thermostats, etc.)",No,,"[""Sometimes, mostly for having it cosy"", ""Only on the coldest days"", ""Weekly in winter""]",,False,False,,,,Variable price,True,False,Own electric water heater,"[""What air ventilation system do you have in your home? Natural ventilation (ventilation via windows and air vents)""]",,,,,,True,2,False,,[],[]
iflex,iflex,Exp_9,2,Couple without children living at home,Man,"College / University, higher degree (4 years or more)",NOK 1 500 000 or more,"{""0_1"": 0, ""16_22"": 0, ""23_29"": 0, ""2_5"": 0, ""30_39"": 0, ""40_49"": 0, ""50_66"": 2, ""67_plus"": 0, ""6_15"": 0}","{""full_time_work"": 2, ""other"": 0, ""part_time_work"": 0, ""retired"": 0, ""school_or_kindergarten"": 0, ""student"": 0, ""unemployed_or_not_in_education"": 0}",Detached house,160 m2 or larger,True,1981-1990,True,False,,,,23.0,False,weekday_daytime,True,True,"Yes, automated by time (set schedule in thermostat)",,,"[""Sometimes, mostly for having it cosy"", ""Weekly in winter""]",,False,False,,,,Fixed price,True,False,Shared water heater or district heating,"[""0"", ""What air ventilation system do you have in your home? Mechanical ventilation manually controlled""]",,,,,,True,3,False,,[],[]
iflex,iflex,Exp_229,2,Couple without children living at home,Woman,"College / University, higher degree (4 years or more)",NOK 1 000 000 - 1 499 999,"{""0_1"": 0, ""16_22"": 0, ""23_29"": 0, ""2_5"": 0, ""30_39"": 0, ""40_49"": 0, ""50_66"": 2, ""67_plus"": 0, ""6_15"": 0}","{""full_time_work"": 2, ""other"": 0, ""part_time_work"": 0, ""retired"": 0, ""school_or_kindergarten"": 0, ""student"": 0, ""unemployed_or_not_in_education"": 0}","Townhouses, chain houses and other small houses with 3 homes or more",160 m2 or larger,True,1991-2000,False,False,,,,22.0,True,weekday_daytime,True,True,"Yes, manually (turn on and off panel heaters, regulate temperature on thermostats, etc.)",No,,,,True,True,,"[""Electricity bill""]","[""Electricity bill""]",Fixed price,True,False,Own electric water heater,"[""What air ventilation system do you have in your home? Balanced ventilation system with heat recovery""]",,,,,,True,2,False,,[],[]
iflex,iflex,Exp_10,2,Couple without children living at home,Man,"College / University, higher degree (4 years or more)",NOK 1 500 000 or more,"{""0_1"": 0, ""16_22"": 0, ""23_29"": 0, ""2_5"": 0, ""30_39"": 0, ""40_49"": 0, ""50_66"": 0, ""67_plus"": 2, ""6_15"": 0}","{""full_time_work"": 0, ""other"": 0, ""part_time_work"": 0, ""retired"": 2, ""school_or_kindergarten"": 0, ""student"": 0, ""unemployed_or_not_in_education"": 0}",Apartment block,160 m2 or larger,True,1981-1990,False,False,,,,22.0,True,weekday_daytime,False,True,"Yes, manually (turn on and off panel heaters, regulate temperature on thermostats, etc.)",,,"[""Sometimes, mostly for having it cosy""]",,False,False,,,,Spot price / Hourly spot,True,False,Other,"[""What air ventilation system do you have in your home? Natural ventilation (ventilation via windows and air vents)""]",,,,,,True,1,False,,[],[]
iflex,iflex,Exp_232,4,Multi-family household with large children (youngest child 6-17 years),Man,"College / University, higher degree (4 years or more)",NOK 1 500 000 or more,"{""0_1"": 0, ""16_22"": 1, ""23_29"": 0, ""2_5"": 0, ""30_39"": 0, ""40_49"": 2, ""50_66"": 0, ""67_plus"": 0, ""6_15"": 1}","{""full_time_work"": 2, ""other"": 0, ""part_time_work"": 0, ""retired"": 0, ""school_or_kindergarten"": 2, ""student"": 0, ""unemployed_or_not_in_education"": 0}",Detached house,160 m2 or larger,True,1971-1980,True,True,True,,,25.0,False,weekday_daytime,True,True,No,No,,"[""Weekly in winter""]",,True,False,,"[""Website (e.g. electricity supplier or others)""]",,,True,False,Own electric water heater,"[""What air ventilation system do you have in your home? Mechanical ventilation manually controlled""]",,,,,,True,1,False,,[],[]
iflex,iflex,Exp_11,2,Mother/father with large children (youngest child 6-17 years),Man,"College / University, undergraduate degree (1-3 years)",NOK 500 000 -799 999,"{""0_1"": 0, ""16_22"": 0, ""23_29"": 0, ""2_5"": 0, ""30_39"": 0, ""40_49"": 0, ""50_66"": 1, ""67_plus"": 0, ""6_15"": 1}","{""full_time_work"": 1, ""other"": 0, ""part_time_work"": 0, ""retired"": 0, ""school_or_kindergarten"": 1, ""student"": 0, ""unemployed_or_not_in_education"": 0}",Semi-detached house,120-159 m2,True,1946-1960,True,False,,,,23.0,False,weekday_daytime,True,True,"Yes, manually (turn on and off panel heaters, regulate temperature on thermostats, etc.)",No,,"[""Only on the coldest days""]",,False,True,,,"[""Website (e.g. electricity supplier or others)""]",Variable price,True,True,Own electric water heater,"[""What air ventilation system do you have in your home? Natural ventilation (ventilation via windows and air vents)""]",,,,,,True,1,False,,[],[]
iflex,iflex,Exp_233,2,Couple without children living at home,Man,"College / University, higher degree (4 years or more)",NOK 1 000 000 - 1 499 999,"{""0_1"": 0, ""16_22"": 0, ""23_29"": 0, ""2_5"": 0, ""30_39"": 0, ""40_49"": 0, ""50_66"": 0, ""67_plus"": 2, ""6_15"": 0}","{""full_time_work"": 0, ""other"": 0, ""part_time_work"": 0, ""retired"": 2, ""school_or_kindergarten"": 0, ""student"": 0, ""unemployed_or_not_in_education"": 0}",Apartment block,160 m2 or larger,True,1971-1980,True,False,,,,23.0,True,weekday_daytime,True,True,"Yes, automated by time (set schedule in thermostat)",,,"[""Sometimes, mostly for having it cosy""]",,False,False,,,,,True,,Shared water heater or district heating,"[""What air ventilation system do you have in your home? Natural ventilation (ventilation via windows and air vents)"", ""What air ventilation system do you have in your home? Mechanical ventilation manually controlled""]",,,,,,True,1,True,1,"[{""charging_control"": ""No"", ""distance_before_charging_km"": 40.0, ""electric_range_km"": 50.0, ""home_charging_frequency"": ""Several times a week"", ""home_charging_method"": ""Home charging station 16A, 3 phase [12kW]"", ""usual_charging_location"": ""At home on an additional electricity meter"", ""usual_charging_time"": null, ""vehicle_number"": 1}]",[]
iflex,iflex,Exp_12,3,Living alone,Man,"College / University, higher degree (4 years or more)",NOK 1 500 000 or more,"{""0_1"": 0, ""16_22"": 1, ""23_29"": 0, ""2_5"": 0, ""30_39"": 0, ""40_49"": 0, ""50_66"": 2, ""67_plus"": 0, ""6_15"": 0}","{""full_time_work"": 2, ""other"": 0, ""part_time_work"": 0, ""retired"": 0, ""school_or_kindergarten"": 0, ""student"": 1, ""unemployed_or_not_in_education"": 0}","Townhouses, chain houses and other small houses with 3 homes or more",120-159 m2,True,1946-1960,True,False,,,,19.0,False,weekday_daytime,True,True,"Yes, automated by time (set schedule in thermostat)",No,,"[""Weekly in winter""]",,True,False,,"[""Electricity bill"", ""Website (e.g. electricity supplier or others)"", ""App (e.g. electricity supplier or others)""]",,Spot price / Hourly spot,True,False,Own electric water heater,"[""What air ventilation system do you have in your home? Natural ventilation (ventilation via windows and air vents)""]",,,,,,True,1,False,,[],[]
iflex,iflex,Exp_236,3,Single-family households with adult children (youngest child 18 years or older),Man,"College / University, higher degree (4 years or more)",NOK 1 000 000 - 1 499 999,"{""0_1"": 0, ""16_22"": 0, ""23_29"": 0, ""2_5"": 0, ""30_39"": 1, ""40_49"": 0, ""50_66"": 0, ""67_plus"": 2, ""6_15"": 0}","{""full_time_work"": 3, ""other"": 0, ""part_time_work"": 0, ""retired"": 0, ""school_or_kindergarten"": 0, ""student"": 0, ""unemployed_or_not_in_education"": 0}",Detached house,160 m2 or larger,True,1981-1990,True,False,,,,24.0,True,weekday_daytime,True,True,"Yes, automated by time (set schedule in thermostat)",No,,"[""Sometimes, mostly for having it cosy"", ""Only on the coldest days""]",,False,False,,,,Spot price / Hourly spot,True,False,Own electric water heater,"[""What air ventilation system do you have in your home? Natural ventilation (ventilation via windows and air vents)""]",,,,,,True,2,False,,[],[]
iflex,iflex,Exp_13,2,Multi-family household without children 0-17 years,Woman,High school / High school level (11-13 years of schooling),NOK 500 000 -799 999,"{""0_1"": 0, ""16_22"": 0, ""23_29"": 2, ""2_5"": 0, ""30_39"": 0, ""40_49"": 0, ""50_66"": 0, ""67_plus"": 0, ""6_15"": 0}","{""full_time_work"": 1, ""other"": 0, ""part_time_work"": 0, ""retired"": 0, ""school_or_kindergarten"": 0, ""student"": 0, ""unemployed_or_not_in_education"": 1}","Townhouses, chain houses and other small houses with 3 homes or more",80-99 m2,True,1961-1970,True,False,,,,22.0,True,weekday_daytime,True,True,"Yes, manually (turn on and off panel heaters, regulate temperature on thermostats, etc.)",No,,,,True,False,,"[""Electricity bill""]",,,True,,Own electric water heater,"[""What air ventilation system do you have in your home? Natural ventilation (ventilation via windows and air vents)""]",,,,,,True,1,False,,[],[]
iflex,iflex,Exp_237,2,Couple without children living at home,Man,"College / University, higher degree (4 years or more)",NOK 1 000 000 - 1 499 999,"{""0_1"": 0, ""16_22"": 0, ""23_29"": 0, ""2_5"": 0, ""30_39"": 0, ""40_49"": 0, ""50_66"": 2, ""67_plus"": 0, ""6_15"": 0}","{""full_time_work"": 0, ""other"": 0, ""part_time_work"": 0, ""retired"": 2, ""school_or_kindergarten"": 0, ""student"": 0, ""unemployed_or_not_in_education"": 0}",Semi-detached house,160 m2 or larger,True,1971-1980,False,False,,,,20.0,True,weekday_daytime,True,False,"Yes, manually (turn on and off panel heaters, regulate temperature on thermostats, etc.)",No,,,,False,False,,,,Variable price,True,,Own electric water heater,"[""What air ventilation system do you have in your home? Natural ventilation (ventilation via windows and air vents)""]",,,,,,True,1,False,,[],[]
iflex,iflex,Exp_14,3,Couple without children living at home,Man,"College / University, higher degree (4 years or more)",NOK 800 000 - 999 999,"{""0_1"": 0, ""16_22"": 1, ""23_29"": 0, ""2_5"": 0, ""30_39"": 0, ""40_49"": 0, ""50_66"": 1, ""67_plus"": 1, ""6_15"": 0}","{""full_time_work"": 1, ""other"": 0, ""part_time_work"": 0, ""retired"": 2, ""school_or_kindergarten"": 0, ""student"": 0, ""unemployed_or_not_in_education"": 0}",Detached house,160 m2 or larger,True,1981-1990,True,False,,,,24.0,True,weekday_daytime,True,False,"Yes, manually (turn on and off panel heaters, regulate temperature on thermostats, etc.)",No,,"[""Sometimes, mostly for having it cosy""]",,True,False,,"[""Electricity bill""]",,Fixed price,True,False,Own electric water heater,"[""What air ventilation system do you have in your home? Natural ventilation (ventilation via windows and air vents)""]",,,,,,True,2,True,1,"[{""charging_control"": ""No"", ""distance_before_charging_km"": 80.0, ""electric_range_km"": 160.0, ""home_charging_frequency"": ""Several times a week"", ""home_charging_method"": ""Standard outlet [10-16A, 1 phase, 2.3 - 3.5 kW]"", ""usual_charging_location"": ""At home on an additional electricity meter"", ""usual_charging_time"": null, ""vehicle_number"": 1}]",[]
iflex,iflex,Exp_239,4,Mother/father with large children (youngest child 6-17 years),Man,"College / University, higher degree (4 years or more)",NOK 1 500 000 or more,"{""0_1"": 0, ""16_22"": 1, ""23_29"": 0, ""2_5"": 0, ""30_39"": 0, ""40_49"": 0, ""50_66"": 2, ""67_plus"": 0, ""6_15"": 1}","{""full_time_work"": 2, ""other"": 0, ""part_time_work"": 0, ""retired"": 0, ""school_or_kindergarten"": 1, ""student"": 1, ""unemployed_or_not_in_education"": 0}",Detached house,160 m2 or larger,True,1981-1990,False,False,,,,21.0,False,weekday_daytime,True,True,"Yes, manually (turn on and off panel heaters, regulate temperature on thermostats, etc.)",No,,,,False,False,,,,,True,False,Own electric water heater,"[""What air ventilation system do you have in your home? Natural ventilation (ventilation via windows and air vents)""]",,,,,,True,2,True,1,"[{""charging_control"": ""No"", ""distance_before_charging_km"": 150.0, ""electric_range_km"": 50.0, ""home_charging_frequency"": ""Daily"", ""home_charging_method"": ""Standard outlet [10-16A, 1 phase, 2.3 - 3.5 kW]"", ""usual_charging_location"": ""At home on the same electricity meter as the rest of the home"", ""usual_charging_time"": ""Night (10 pm - 7 am)"", ""vehicle_number"": 1}]",[]
iflex,iflex,Exp_16,2,Couple without children living at home,Man,"College / University, undergraduate degree (1-3 years)",NOK 1 000 000 - 1 499 999,"{""0_1"": 0, ""16_22"": 0, ""23_29"": 0, ""2_5"": 0, ""30_39"": 0, ""40_49"": 0, ""50_66"": 0, ""67_plus"": 2, ""6_15"": 0}","{""full_time_work"": 0, ""other"": 0, ""part_time_work"": 0, ""retired"": 2, ""school_or_kindergarten"": 0, ""student"": 0, ""unemployed_or_not_in_education"": 0}",Detached house,160 m2 or larger,True,1981-1990,False,False,,,,20.0,True,weekday_daytime,True,True,"Yes, manually (turn on and off panel heaters, regulate temperature on thermostats, etc.)",No,,"[""Weekly in winter"", ""Almost every day in winter""]",,True,False,,"[""Other:""]",,Variable price,True,False,Own electric water heater,"[""What air ventilation system do you have in your home? Natural ventilation (ventilation via windows and air vents)"", ""What air ventilation system do you have in your home? Mechanical ventilation manually controlled""]",,,,,,True,2,False,,[],[]
iflex,iflex,Exp_240,1,Living alone,Man,"College / University, undergraduate degree (1-3 years)",NOK 300 000 - 499 999,"{""0_1"": 0, ""16_22"": 0, ""23_29"": 0, ""2_5"": 0, ""30_39"": 0, ""40_49"": 0, ""50_66"": 1, ""67_plus"": 0, ""6_15"": 0}","{""full_time_work"": 0, ""other"": 0, ""part_time_work"": 0, ""retired"": 1, ""school_or_kindergarten"": 0, ""student"": 0, ""unemployed_or_not_in_education"": 0}",Detached house,120-159 m2,True,1971-1980,False,False,,,,18.0,True,weekday_daytime,True,True,"Yes, automated by time (set schedule in thermostat)",No,,,,True,False,,"[""Electricity bill""]",,,True,False,Own electric water heater,"[""What air ventilation system do you have in your home? Natural ventilation (ventilation via windows and air vents)""]",,,,,,False,,,,,[]
iflex,iflex,Exp_17,4,Mother/father with large children (youngest child 6-17 years),Woman,"College / University, higher degree (4 years or more)",NOK 1 500 000 or more,"{""0_1"": 0, ""16_22"": 2, ""23_29"": 0, ""2_5"": 0, ""30_39"": 0, ""40_49"": 0, ""50_66"": 2, ""67_plus"": 0, ""6_15"": 0}","{""full_time_work"": 2, ""other"": 0, ""part_time_work"": 0, ""retired"": 0, ""school_or_kindergarten"": 0, ""student"": 2, ""unemployed_or_not_in_education"": 0}",Detached house,160 m2 or larger,True,1991-2000,False,False,,,,20.0,False,weekday_daytime,True,False,"Yes, manually (turn on and off panel heaters, regulate temperature on thermostats, etc.)",No,,,,False,False,,,,Variable price,True,,Own electric water heater,"[""What air ventilation system do you have in your home? Natural ventilation (ventilation via windows and air vents)""]",,,,,,True,2,True,1,"[{""charging_control"": ""Yes, manually"", ""distance_before_charging_km"": 50.0, ""electric_range_km"": 190.0, ""home_charging_frequency"": ""Daily"", ""home_charging_method"": null, ""usual_charging_location"": ""At home on the same electricity meter as the rest of the home"", ""usual_charging_time"": null, ""vehicle_number"": 1}]",[]
iflex,iflex,Exp_241,4,Mother/father with large children (youngest child 6-17 years),Man,"College / University, higher degree (4 years or more)",NOK 1 500 000 or more,"{""0_1"": 0, ""16_22"": 0, ""23_29"": 0, ""2_5"": 0, ""30_39"": 0, ""40_49"": 2, ""50_66"": 0, ""67_plus"": 0, ""6_15"": 2}","{""full_time_work"": 2, ""other"": 0, ""part_time_work"": 0, ""retired"": 0, ""school_or_kindergarten"": 2, ""student"": 0, ""unemployed_or_not_in_education"": 0}","Townhouses, chain houses and other small houses with 3 homes or more",120-159 m2,True,1991-2000,False,False,,,,22.0,False,weekday_daytime,True,False,No,No,,"[""Almost every day in winter""]",,False,False,,,,Spot price / Hourly spot,True,False,Own electric water heater,"[""0"", ""What air ventilation system do you have in your home? Don't know""]",,,,,,True,1,True,1,"[{""charging_control"": ""Yes, manually"", ""distance_before_charging_km"": 20.0, ""electric_range_km"": 55.0, ""home_charging_frequency"": ""Daily"", ""home_charging_method"": ""Home charging station 16A, 3 phase [12kW]"", ""usual_charging_location"": ""At home on a shared electricity meter with other homes"", ""usual_charging_time"": ""Night (10 pm - 7 am)"", ""vehicle_number"": 1}]",[]
iflex,iflex,Exp_18,2,Couple without children living at home,Man,"College / University, higher degree (4 years or more)",NOK 500 000 -799 999,"{""0_1"": 0, ""16_22"": 0, ""23_29"": 0, ""2_5"": 0, ""30_39"": 0, ""40_49"": 0, ""50_66"": 0, ""67_plus"": 2, ""6_15"": 0}","{""full_time_work"": 0, ""other"": 0, ""part_time_work"": 0, ""retired"": 2, ""school_or_kindergarten"": 0, ""student"": 0, ""unemployed_or_not_in_education"": 0}",Apartment block,60-79 m2,True,1946-1960,True,False,,,,22.0,True,weekday_daytime,True,True,"Yes, manually (turn on and off panel heaters, regulate temperature on thermostats, etc.)",No,,"[""Only on the coldest days""]",,True,True,,"[""Website (e.g. electricity supplier or others)""]","[""Website (e.g. electricity supplier or others)"", ""Media / news""]",Spot price / Hourly spot,True,False,Own electric water heater,"[""What air ventilation system do you have in your home? Natural ventilation (ventilation via windows and air vents)""]",,,,,,True,1,False,,[],[]
iflex,iflex,Exp_242,5,Mother/father with large children (youngest child 6-17 years),Man,"College / University, undergraduate degree (1-3 years)",NOK 1 500 000 or more,"{""0_1"": 0, ""16_22"": 1, ""23_29"": 0, ""2_5"": 0, ""30_39"": 0, ""40_49"": 2, ""50_66"": 0, ""67_plus"": 0, ""6_15"": 2}","{""full_time_work"": 2, ""other"": 0, ""part_time_work"": 0, ""retired"": 0, ""school_or_kindergarten"": 2, ""student"": 0, ""unemployed_or_not_in_education"": 0}",Detached house,100-119 m2,True,1971-1980,True,False,,,,20.0,False,weekday_daytime,True,True,"Yes, manually (turn on and off panel heaters, regulate temperature on thermostats, etc.)",No,,"[""Only on the coldest days""]",,True,True,,"[""App (e.g. electricity supplier or others)""]","[""Website (e.g. electricity supplier or others)"", ""App (e.g. electricity supplier or others)""]",Spot price / Hourly spot,True,False,Own electric water heater,"[""What air ventilation system do you have in your home? Natural ventilation (ventilation via windows and air vents)""]",,,,,,True,1,True,1,"[{""charging_control"": ""Yes, automated by time"", ""distance_before_charging_km"": 50.0, ""electric_range_km"": 300.0, ""home_charging_frequency"": ""Daily"", ""home_charging_method"": ""Standard outlet [10-16A, 1 phase, 2.3 - 3.5 kW]"", ""usual_charging_location"": ""At home on the same electricity meter as the rest of the home"", ""usual_charging_time"": ""Night (10 pm - 7 am)"", ""vehicle_number"": 1}]",[]
iflex,iflex,Exp_20,2,Couple without children living at home,Man,"College / University, higher degree (4 years or more)",NOK 1 500 000 or more,"{""0_1"": 0, ""16_22"": 0, ""23_29"": 0, ""2_5"": 0, ""30_39"": 0, ""40_49"": 0, ""50_66"": 2, ""67_plus"": 0, ""6_15"": 0}","{""full_time_work"": 1, ""other"": 0, ""part_time_work"": 1, ""retired"": 0, ""school_or_kindergarten"": 0, ""student"": 0, ""unemployed_or_not_in_education"": 0}",Detached house,160 m2 or larger,True,1981-1990,False,False,,,,23.0,True,weekday_daytime,True,False,"Yes, manually (turn on and off panel heaters, regulate temperature on thermostats, etc.)",No,,"[""Weekly in winter""]",,True,True,,"[""App (e.g. electricity supplier or others)""]","[""Electricity bill"", ""Media / news""]",,True,False,Own electric water heater,"[""What air ventilation system do you have in your home? Natural ventilation (ventilation via windows and air vents)""]",,,,,,True,2,False,,[],[]
iflex,iflex,Exp_243,5,Mother/father with large children (youngest child 6-17 years),Man,"College / University, higher degree (4 years or more)",NOK 1 500 000 or more,"{""0_1"": 0, ""16_22"": 0, ""23_29"": 0, ""2_5"": 0, ""30_39"": 0, ""40_49"": 2, ""50_66"": 0, ""67_plus"": 0, ""6_15"": 3}","{""full_time_work"": 2, ""other"": 0, ""part_time_work"": 0, ""retired"": 0, ""school_or_kindergarten"": 3, ""student"": 0, ""unemployed_or_not_in_education"": 0}","Townhouses, chain houses and other small houses with 3 homes or more",160 m2 or larger,True,2011 or later,False,False,,,,20.0,False,weekday_daytime,True,False,"Yes, manually (turn on and off panel heaters, regulate temperature on thermostats, etc.)",,,"[""Sometimes, mostly for having it cosy""]",,True,False,,"[""App (e.g. electricity supplier or others)""]",,Fixed price,True,False,Heat pump,"[""What air ventilation system do you have in your home? Balanced ventilation system with heat recovery""]",,,,,,True,2,True,1,"[{""charging_control"": ""Yes, manually"", ""distance_before_charging_km"": 100.0, ""electric_range_km"": 200.0, ""home_charging_frequency"": ""Several times a week"", ""home_charging_method"": ""Charging station 32A, 3 phase [22kW] or higher"", ""usual_charging_location"": ""At home on the same electricity meter as the rest of the home"", ""usual_charging_time"": ""Night (10 pm - 7 am)"", ""vehicle_number"": 1}]",[]
iflex,iflex,Exp_21,3,Mother/father with large children (youngest child 6-17 years),Man,"College / University, higher degree (4 years or more)",NOK 500 000 -799 999,"{""0_1"": 0, ""16_22"": 1, ""23_29"": 0, ""2_5"": 0, ""30_39"": 0, ""40_49"": 1, ""50_66"": 0, ""67_plus"": 0, ""6_15"": 1}","{""full_time_work"": 1, ""other"": 0, ""part_time_work"": 0, ""retired"": 0, ""school_or_kindergarten"": 1, ""student"": 1, ""unemployed_or_not_in_education"": 0}","Townhouses, chain houses and other small houses with 3 homes or more",100-119 m2,True,1981-1990,False,False,,,,22.0,False,weekday_daytime,True,True,"Yes, manually (turn on and off panel heaters, regulate temperature on thermostats, etc.)",No,,,,False,False,,,,,True,,Own electric water heater,"[""0"", ""What air ventilation system do you have in your home? Mechanical ventilation manually controlled""]",,,,,,True,1,False,,[],[]
iflex,iflex,Exp_245,3,Single-family households with adult children (youngest child 18 years or older),Man,"College / University, higher degree (4 years or more)",NOK 1 500 000 or more,"{""0_1"": 0, ""16_22"": 0, ""23_29"": 1, ""2_5"": 0, ""30_39"": 0, ""40_49"": 0, ""50_66"": 2, ""67_plus"": 0, ""6_15"": 0}","{""full_time_work"": 2, ""other"": 0, ""part_time_work"": 0, ""retired"": 0, ""school_or_kindergarten"": 0, ""student"": 1, ""unemployed_or_not_in_education"": 0}","Townhouses, chain houses and other small houses with 3 homes or more",120-159 m2,True,1981-1990,True,False,,,,22.0,False,weekday_daytime,True,True,"Yes, manually (turn on and off panel heaters, regulate temperature on thermostats, etc.)",No,,"[""Almost every day in winter""]",,False,True,,,"[""Electricity bill""]",,True,False,Own electric water heater,"[""What air ventilation system do you have in your home? Natural ventilation (ventilation via windows and air vents)""]",,,,,,True,1,True,1,"[{""charging_control"": ""No"", ""distance_before_charging_km"": 200.0, ""electric_range_km"": 450.0, ""home_charging_frequency"": ""About once a week"", ""home_charging_method"": null, ""usual_charging_location"": ""Not at home (at work, street charging, public stations, other places)"", ""usual_charging_time"": ""Night (10 pm - 7 am)"", ""vehicle_number"": 1}]",[]
iflex,iflex,Exp_24,3,Mother/father with large children (youngest child 6-17 years),Man,"College / University, higher degree (4 years or more)",NOK 500 000 -799 999,"{""0_1"": 0, ""16_22"": 1, ""23_29"": 0, ""2_5"": 0, ""30_39"": 0, ""40_49"": 1, ""50_66"": 0, ""67_plus"": 0, ""6_15"": 1}","{""full_time_work"": 1, ""other"": 0, ""part_time_work"": 0, ""retired"": 0, ""school_or_kindergarten"": 1, ""student"": 1, ""unemployed_or_not_in_education"": 0}",Apartment block,100-119 m2,True,1900 or earlier,False,False,,,,20.0,False,weekday_daytime,True,True,"Yes, manually (turn on and off panel heaters, regulate temperature on thermostats, etc.)",No,,"[""Weekly in winter""]",,True,False,,"[""Website (e.g. electricity supplier or others)""]",,Variable price,True,False,Own electric water heater,"[""What air ventilation system do you have in your home? Natural ventilation (ventilation via windows and air vents)""]",,,,,,True,1,False,,[],[]
iflex,iflex,Exp_246,2,Couple without children living at home,Man,"College / University, undergraduate degree (1-3 years)",NOK 300 000 - 499 999,"{""0_1"": 0, ""16_22"": 0, ""23_29"": 0, ""2_5"": 0, ""30_39"": 0, ""40_49"": 0, ""50_66"": 0, ""67_plus"": 2, ""6_15"": 0}","{""full_time_work"": 0, ""other"": 0, ""part_time_work"": 0, ""retired"": 2, ""school_or_kindergarten"": 0, ""student"": 0, ""unemployed_or_not_in_education"": 0}","Townhouses, chain houses and other small houses with 3 homes or more",120-159 m2,True,1946-1960,True,False,,,,20.0,True,weekday_daytime,True,False,No,,,"[""Sometimes, mostly for having it cosy""]",,True,False,,"[""Website (e.g. electricity supplier or others)""]",,Spot price / Hourly spot,True,,Heat pump,"[""What air ventilation system do you have in your home? Natural ventilation (ventilation via windows and air vents)""]",,,,,,True,2,False,,[],[]
iflex,iflex,Exp_25,4,Couple with small child (youngest child 0-5 years),Man,"College / University, higher degree (4 years or more)",NOK 1 000 000 - 1 499 999,"{""0_1"": 0, ""16_22"": 0, ""23_29"": 0, ""2_5"": 2, ""30_39"": 2, ""40_49"": 0, ""50_66"": 0, ""67_plus"": 0, ""6_15"": 0}","{""full_time_work"": 2, ""other"": 0, ""part_time_work"": 0, ""retired"": 0, ""school_or_kindergarten"": 2, ""student"": 0, ""unemployed_or_not_in_education"": 0}",Semi-detached house,80-99 m2,True,1941-1945,True,False,,,,22.0,False,weekday_daytime,True,True,"Yes, manually (turn on and off panel heaters, regulate temperature on thermostats, etc.)",No,,,,True,False,,"[""Electricity bill""]",,Variable price,True,False,Own electric water heater,"[""What air ventilation system do you have in your home? Natural ventilation (ventilation via windows and air vents)""]",,,,,,True,1,False,,[],[]
iflex,iflex,Exp_249,4,Other,Man,"College / University, higher degree (4 years or more)",NOK 1 000 000 - 1 499 999,"{""0_1"": 0, ""16_22"": 1, ""23_29"": 1, ""2_5"": 0, ""30_39"": 0, ""40_49"": 0, ""50_66"": 1, ""67_plus"": 1, ""6_15"": 0}","{""full_time_work"": 0, ""other"": 0, ""part_time_work"": 1, ""retired"": 1, ""school_or_kindergarten"": 0, ""student"": 2, ""unemployed_or_not_in_education"": 0}","Townhouses, chain houses and other small houses with 3 homes or more",120-159 m2,True,1961-1970,False,False,,,,23.0,True,weekday_daytime,True,True,"Yes, manually (turn on and off panel heaters, regulate temperature on thermostats, etc.)",No,,"[""Almost every day in winter""]",,True,True,,"[""Electricity bill"", ""Website (e.g. electricity supplier or others)""]","[""Website (e.g. electricity supplier or others)""]",Spot price / Hourly spot,True,,Own electric water heater,"[""What air ventilation system do you have in your home? Natural ventilation (ventilation via windows and air vents)"", ""What air ventilation system do you have in your home? Mechanical ventilation manually controlled""]",,,,,,True,2,False,,[],[]
iflex,iflex,Exp_26,2,Couple without children living at home,Man,"College / University, undergraduate degree (1-3 years)",NOK 800 000 - 999 999,"{""0_1"": 0, ""16_22"": 0, ""23_29"": 0, ""2_5"": 0, ""30_39"": 0, ""40_49"": 0, ""50_66"": 0, ""67_plus"": 2, ""6_15"": 0}","{""full_time_work"": 0, ""other"": 0, ""part_time_work"": 0, ""retired"": 2, ""school_or_kindergarten"": 0, ""student"": 0, ""unemployed_or_not_in_education"": 0}",Detached house,120-159 m2,True,1946-1960,False,False,,,,22.0,True,weekday_daytime,True,True,"Yes, manually (turn on and off panel heaters, regulate temperature on thermostats, etc.)",No,,"[""Only on the coldest days""]",,False,False,,,,Spot price / Hourly spot,True,False,Own electric water heater,"[""What air ventilation system do you have in your home? Natural ventilation (ventilation via windows and air vents)""]",,,,,,True,1,False,,[],[]
iflex,iflex,Exp_250,2,Couple without children living at home,Man,"College / University, higher degree (4 years or more)",NOK 500 000 -799 999,"{""0_1"": 0, ""16_22"": 0, ""23_29"": 0, ""2_5"": 0, ""30_39"": 0, ""40_49"": 0, ""50_66"": 2, ""67_plus"": 0, ""6_15"": 0}","{""full_time_work"": 0, ""other"": 0, ""part_time_work"": 0, ""retired"": 2, ""school_or_kindergarten"": 0, ""student"": 0, ""unemployed_or_not_in_education"": 0}",Detached house,120-159 m2,True,1971-1980,False,False,,,,20.0,True,weekday_daytime,True,True,"Yes, manually (turn on and off panel heaters, regulate temperature on thermostats, etc.)",No,,"[""Only on the coldest days""]",,False,False,,,,Spot price / Hourly spot,True,,Own electric water heater,"[""What air ventilation system do you have in your home? Natural ventilation (ventilation via windows and air vents)""]",,,,,,True,1,False,,[],[]
iflex,iflex,Exp_27,2,Couple without children living at home,Man,"College / University, undergraduate degree (1-3 years)",NOK 800 000 - 999 999,"{""0_1"": 0, ""16_22"": 0, ""23_29"": 0, ""2_5"": 0, ""30_39"": 0, ""40_49"": 2, ""50_66"": 0, ""67_plus"": 0, ""6_15"": 0}","{""full_time_work"": 2, ""other"": 0, ""part_time_work"": 0, ""retired"": 0, ""school_or_kindergarten"": 0, ""student"": 0, ""unemployed_or_not_in_education"": 0}",Apartment block,50-59 m2,True,1971-1980,False,False,,,,22.0,True,weekday_daytime,True,True,"Yes, manually (turn on and off panel heaters, regulate temperature on thermostats, etc.)",,,,,False,False,,,,Spot price / Hourly spot,True,,Shared water heater or district heating,"[""What air ventilation system do you have in your home? Natural ventilation (ventilation via windows and air vents)""]",,,,,,True,1,True,1,"[{""charging_control"": ""No"", ""distance_before_charging_km"": 40.0, ""electric_range_km"": 50.0, ""home_charging_frequency"": ""Several times a week"", ""home_charging_method"": ""Charging station 32A, 3 phase [22kW] or higher"", ""usual_charging_location"": ""At home on an additional electricity meter"", ""usual_charging_time"": ""Evening (5 pm - 10 pm)"", ""vehicle_number"": 1}]",[]
iflex,iflex,Exp_251,2,Couple without children living at home,Man,"College / University, higher degree (4 years or more)",NOK 1 000 000 - 1 499 999,"{""0_1"": 0, ""16_22"": 0, ""23_29"": 0, ""2_5"": 0, ""30_39"": 0, ""40_49"": 0, ""50_66"": 0, ""67_plus"": 2, ""6_15"": 0}","{""full_time_work"": 0, ""other"": 0, ""part_time_work"": 0, ""retired"": 2, ""school_or_kindergarten"": 0, ""student"": 0, ""unemployed_or_not_in_education"": 0}",Detached house,160 m2 or larger,True,1981-1990,False,False,,,,22.0,True,weekday_daytime,True,True,"Yes, manually (turn on and off panel heaters, regulate temperature on thermostats, etc.)",No,,"[""Sometimes, mostly for having it cosy""]",,False,False,,,,Variable price,True,,Own electric water heater,"[""What air ventilation system do you have in your home? Natural ventilation (ventilation via windows and air vents)"", ""What air ventilation system do you have in your home? Mechanical ventilation manually controlled""]",,,,,,True,2,False,,[],[]
iflex,iflex,Exp_29,1,Living alone,Man,"College / University, undergraduate degree (1-3 years)",Below NOK 300 000,,"{""full_time_work"": 0, ""other"": 0, ""part_time_work"": 0, ""retired"": 0, ""school_or_kindergarten"": 0, ""student"": 1, ""unemployed_or_not_in_education"": 0}",Apartment block,30-49 m2,True,1921-1940,True,False,,,,15.0,False,weekday_daytime,False,False,No,No,,"[""Sometimes, mostly for having it cosy""]",,False,False,,,,Spot price / Hourly spot,True,,Own electric water heater,"[""What air ventilation system do you have in your home? Natural ventilation (ventilation via windows and air vents)""]",,,,,,False,,,,,"[""age_distribution_inconsistent_with_household_size""]"
iflex,iflex,Exp_252,2,Couple without children living at home,Man,"College / University, undergraduate degree (1-3 years)",NOK 1 000 000 - 1 499 999,"{""0_1"": 0, ""16_22"": 0, ""23_29"": 0, ""2_5"": 0, ""30_39"": 0, ""40_49"": 0, ""50_66"": 1, ""67_plus"": 1, ""6_15"": 0}","{""full_time_work"": 2, ""other"": 0, ""part_time_work"": 0, ""retired"": 0, ""school_or_kindergarten"": 0, ""student"": 0, ""unemployed_or_not_in_education"": 0}","Townhouses, chain houses and other small houses with 3 homes or more",60-79 m2,True,1981-1990,False,False,,,,22.0,False,weekday_daytime,True,False,No,No,,"[""Only on the coldest days""]",,False,False,,,,,True,,Own electric water heater,"[""What air ventilation system do you have in your home? Natural ventilation (ventilation via windows and air vents)""]",,,,,,True,1,False,,[],[]
iflex,iflex,Exp_30,3,Mother/father with small children (youngest child 0-5 years),Woman,"College / University, higher degree (4 years or more)",NOK 1 000 000 - 1 499 999,"{""0_1"": 0, ""16_22"": 0, ""23_29"": 0, ""2_5"": 1, ""30_39"": 2, ""40_49"": 0, ""50_66"": 0, ""67_plus"": 0, ""6_15"": 0}","{""full_time_work"": 2, ""other"": 0, ""part_time_work"": 0, ""retired"": 0, ""school_or_kindergarten"": 1, ""student"": 0, ""unemployed_or_not_in_education"": 0}",Semi-detached house,100-119 m2,True,1971-1980,True,False,,,,22.0,False,weekday_daytime,True,False,"Yes, automated by time (set schedule in thermostat)",No,,"[""Weekly in winter""]",,True,True,,"[""App (e.g. electricity supplier or others)""]","[""App (e.g. electricity supplier or others)""]",,True,,Own electric water heater,"[""What air ventilation system do you have in your home? Natural ventilation (ventilation via windows and air vents)""]",,,,,,True,1,True,1,"[{""charging_control"": null, ""distance_before_charging_km"": null, ""electric_range_km"": 45.0, ""home_charging_frequency"": null, ""home_charging_method"": null, ""usual_charging_location"": ""Not at home (at work, street charging, public stations, other places)"", ""usual_charging_time"": null, ""vehicle_number"": 1}]",[]
iflex,iflex,Exp_253,2,Couple without children living at home,Man,"College / University, higher degree (4 years or more)",NOK 1 000 000 - 1 499 999,,"{""full_time_work"": 2, ""other"": 0, ""part_time_work"": 0, ""retired"": 0, ""school_or_kindergarten"": 0, ""student"": 0, ""unemployed_or_not_in_education"": 0}",Detached house,160 m2 or larger,True,1981-1990,False,False,,,,22.0,False,weekday_daytime,True,True,"Yes, automated by time (set schedule in thermostat)",No,,"[""Sometimes, mostly for having it cosy""]",,False,False,,,,,True,,Own electric water heater,"[""What air ventilation system do you have in your home? Natural ventilation (ventilation via windows and air vents)""]",,,,,,True,2,False,,[],"[""age_distribution_inconsistent_with_household_size""]"
iflex,iflex,Exp_31,4,Multi-family household with large children (youngest child 6-17 years),Man,"College / University, higher degree (4 years or more)",NOK 1 500 000 or more,"{""0_1"": 0, ""16_22"": 1, ""23_29"": 1, ""2_5"": 0, ""30_39"": 0, ""40_49"": 0, ""50_66"": 2, ""67_plus"": 0, ""6_15"": 0}","{""full_time_work"": 2, ""other"": 0, ""part_time_work"": 0, ""retired"": 0, ""school_or_kindergarten"": 0, ""student"": 0, ""unemployed_or_not_in_education"": 0}",Detached house,160 m2 or larger,True,1921-1940,True,False,,,,22.0,False,weekday_daytime,True,True,"Yes, automated by time (set schedule in thermostat)",No,,"[""Sometimes, mostly for having it cosy""]",,True,True,,"[""App (e.g. electricity supplier or others)""]","[""App (e.g. electricity supplier or others)""]",Spot price / Hourly spot,True,False,Own electric water heater,"[""What air ventilation system do you have in your home? Natural ventilation (ventilation via windows and air vents)""]",,,,,,True,2,True,1,"[{""charging_control"": ""Yes, automated by price (advanced control based on spot price for electricity)"", ""distance_before_charging_km"": 60.0, ""electric_range_km"": 350.0, ""home_charging_frequency"": ""Daily"", ""home_charging_method"": ""Home charging station 16A, 3 phase [12kW]"", ""usual_charging_location"": ""At home on the same electricity meter as the rest of the home"", ""usual_charging_time"": ""Night (10 pm - 7 am)"", ""vehicle_number"": 1}]",[]
iflex,iflex,Exp_255,6,Multi-family household with small children (youngest child 0-5 years),Man,"College / University, higher degree (4 years or more)",NOK 1 500 000 or more,"{""0_1"": 1, ""16_22"": 1, ""23_29"": 0, ""2_5"": 0, ""30_39"": 2, ""40_49"": 0, ""50_66"": 2, ""67_plus"": 0, ""6_15"": 0}","{""full_time_work"": 3, ""other"": 0, ""part_time_work"": 2, ""retired"": 0, ""school_or_kindergarten"": 0, ""student"": 1, ""unemployed_or_not_in_education"": 0}",Detached house,120-159 m2,True,1900 or earlier,False,False,,,,23.0,True,weekday_daytime,True,False,"Yes, manually (turn on and off panel heaters, regulate temperature on thermostats, etc.)",No,,"[""Almost every day in winter""]",,False,False,,,,Variable price,True,False,Own electric water heater,"[""What air ventilation system do you have in your home? Natural ventilation (ventilation via windows and air vents)""]",,,,,,True,2,False,,[],[]
iflex,iflex,Exp_32,2,Single-family households with adult children (youngest child 18 years or older),Woman,"College / University, higher degree (4 years or more)",NOK 1 000 000 - 1 499 999,"{""0_1"": 0, ""16_22"": 1, ""23_29"": 0, ""2_5"": 0, ""30_39"": 0, ""40_49"": 0, ""50_66"": 1, ""67_plus"": 0, ""6_15"": 0}","{""full_time_work"": 1, ""other"": 0, ""part_time_work"": 0, ""retired"": 0, ""school_or_kindergarten"": 0, ""student"": 1, ""unemployed_or_not_in_education"": 0}",Detached house,160 m2 or larger,True,1981-1990,True,False,,,,23.0,False,weekday_daytime,True,False,"Yes, manually (turn on and off panel heaters, regulate temperature on thermostats, etc.)",No,,"[""Almost every day in winter""]",,True,False,,"[""Electricity bill"", ""Website (e.g. electricity supplier or others)""]",,,True,,Own electric water heater,"[""What air ventilation system do you have in your home? Natural ventilation (ventilation via windows and air vents)""]",,,,,,True,1,False,,[],[]
iflex,iflex,Exp_256,2,Couple without children living at home,Man,"College / University, undergraduate degree (1-3 years)",NOK 500 000 -799 999,"{""0_1"": 0, ""16_22"": 0, ""23_29"": 0, ""2_5"": 0, ""30_39"": 0, ""40_49"": 0, ""50_66"": 0, ""67_plus"": 2, ""6_15"": 0}","{""full_time_work"": 0, ""other"": 0, ""part_time_work"": 0, ""retired"": 2, ""school_or_kindergarten"": 0, ""student"": 0, ""unemployed_or_not_in_education"": 0}","Townhouses, chain houses and other small houses with 3 homes or more",160 m2 or larger,True,1981-1990,True,False,,,,21.0,True,weekday_daytime,True,True,"Yes, automated by time (set schedule in thermostat)",No,,"[""Only on the coldest days"", ""Almost every day in winter""]",,True,False,,"[""Electricity bill"", ""App (e.g. electricity supplier or others)""]",,Spot price / Hourly spot,True,True,Own electric water heater,"[""What air ventilation system do you have in your home? Natural ventilation (ventilation via windows and air vents)""]",,,,,,True,1,False,,[],[]
iflex,iflex,Exp_33,4,Couple with large children (youngest child 6-17 years),Man,"College / University, higher degree (4 years or more)",NOK 1 000 000 - 1 499 999,"{""0_1"": 0, ""16_22"": 2, ""23_29"": 0, ""2_5"": 0, ""30_39"": 0, ""40_49"": 0, ""50_66"": 1, ""67_plus"": 1, ""6_15"": 0}","{""full_time_work"": 2, ""other"": 2, ""part_time_work"": 0, ""retired"": 0, ""school_or_kindergarten"": 0, ""student"": 0, ""unemployed_or_not_in_education"": 0}",Detached house,120-159 m2,True,1961-1970,True,False,,,,20.0,False,weekday_daytime,True,False,"Yes, manually (turn on and off panel heaters, regulate temperature on thermostats, etc.)",No,,"[""Sometimes, mostly for having it cosy"", ""Only on the coldest days""]",,False,True,,,"[""Electricity bill""]",,True,,Own electric water heater,"[""What air ventilation system do you have in your home? Natural ventilation (ventilation via windows and air vents)""]",,,,,,True,1,False,,[],[]
iflex,iflex,Exp_258,4,Mother/father with small children (youngest child 0-5 years),Man,High school / High school level (11-13 years of schooling),NOK 800 000 - 999 999,"{""0_1"": 0, ""16_22"": 0, ""23_29"": 0, ""2_5"": 1, ""30_39"": 2, ""40_49"": 0, ""50_66"": 0, ""67_plus"": 0, ""6_15"": 1}","{""full_time_work"": 2, ""other"": 0, ""part_time_work"": 0, ""retired"": 0, ""school_or_kindergarten"": 2, ""student"": 0, ""unemployed_or_not_in_education"": 0}",Semi-detached house,160 m2 or larger,True,1946-1960,True,False,,,,23.0,False,weekday_daytime,True,True,"Yes, automated by time (set schedule in thermostat)",No,,"[""Only on the coldest days""]",,True,True,,"[""Electricity bill"", ""App (e.g. electricity supplier or others)""]","[""App (e.g. electricity supplier or others)""]",Spot price / Hourly spot,True,True,Own electric water heater,"[""What air ventilation system do you have in your home? Natural ventilation (ventilation via windows and air vents)""]",,,,,,True,2,True,1,"[{""charging_control"": ""Yes, automated by price (advanced control based on spot price for electricity)"", ""distance_before_charging_km"": 40.0, ""electric_range_km"": 170.0, ""home_charging_frequency"": ""Daily"", ""home_charging_method"": ""Home charging station 16A, 3 phase [12kW]"", ""usual_charging_location"": ""At home on the same electricity meter as the rest of the home"", ""usual_charging_time"": ""Night (10 pm - 7 am)"", ""vehicle_number"": 1}]",[]
iflex,iflex,Exp_36,4,Couple with large children (youngest child 6-17 years),Woman,"College / University, higher degree (4 years or more)",NOK 1 000 000 - 1 499 999,"{""0_1"": 0, ""16_22"": 2, ""23_29"": 0, ""2_5"": 0, ""30_39"": 0, ""40_49"": 2, ""50_66"": 0, ""67_plus"": 0, ""6_15"": 0}","{""full_time_work"": 2, ""other"": 0, ""part_time_work"": 0, ""retired"": 0, ""school_or_kindergarten"": 0, ""student"": 2, ""unemployed_or_not_in_education"": 0}",Detached house,120-159 m2,True,1921-1940,True,False,,,,24.0,True,weekday_daytime,True,True,"Yes, automated by time (set schedule in thermostat)",No,,"[""Weekly in winter""]",,False,True,,,"[""Electricity bill"", ""Website (e.g. electricity supplier or others)""]",Spot price / Hourly spot,True,,Own electric water heater,"[""What air ventilation system do you have in your home? Natural ventilation (ventilation via windows and air vents)""]",,,,,,True,2,True,1,"[{""charging_control"": ""No"", ""distance_before_charging_km"": 30.0, ""electric_range_km"": 280.0, ""home_charging_frequency"": ""Daily"", ""home_charging_method"": ""Home charging station 16A, 3 phase [12kW]"", ""usual_charging_location"": ""At home on the same electricity meter as the rest of the home"", ""usual_charging_time"": ""Night (10 pm - 7 am)"", ""vehicle_number"": 1}]",[]
iflex,iflex,Exp_259,3,Single-family households with adult children (youngest child 18 years or older),Man,"College / University, undergraduate degree (1-3 years)",NOK 800 000 - 999 999,"{""0_1"": 0, ""16_22"": 0, ""23_29"": 0, ""2_5"": 0, ""30_39"": 2, ""40_49"": 0, ""50_66"": 1, ""67_plus"": 0, ""6_15"": 0}","{""full_time_work"": 2, ""other"": 0, ""part_time_work"": 0, ""retired"": 0, ""school_or_kindergarten"": 0, ""student"": 0, ""unemployed_or_not_in_education"": 1}",Detached house,160 m2 or larger,True,1901-1920,False,False,,,,22.0,True,weekday_daytime,True,True,"Yes, manually (turn on and off panel heaters, regulate temperature on thermostats, etc.)",No,,"[""Almost every day in winter""]",,True,True,,"[""Website (e.g. electricity supplier or others)""]","[""Website (e.g. electricity supplier or others)""]",Spot price / Hourly spot,True,,Own electric water heater,"[""What air ventilation system do you have in your home? Natural ventilation (ventilation via windows and air vents)""]",,,,,,True,2,True,1,"[{""charging_control"": ""Yes, manually"", ""distance_before_charging_km"": 125.0, ""electric_range_km"": 250.0, ""home_charging_frequency"": ""About once a week"", ""home_charging_method"": ""Home charging station 16A, 3 phase [12kW]"", ""usual_charging_location"": ""At home on the same electricity meter as the rest of the home"", ""usual_charging_time"": ""Afternoon (1 pm - 5 pm)"", ""vehicle_number"": 1}]",[]
iflex,iflex,Exp_37,3,Mother/father with large children (youngest child 6-17 years),Man,"College / University, higher degree (4 years or more)",NOK 1 500 000 or more,"{""0_1"": 0, ""16_22"": 1, ""23_29"": 0, ""2_5"": 0, ""30_39"": 0, ""40_49"": 0, ""50_66"": 2, ""67_plus"": 0, ""6_15"": 0}","{""full_time_work"": 1, ""other"": 0, ""part_time_work"": 0, ""retired"": 1, ""school_or_kindergarten"": 1, ""student"": 0, ""unemployed_or_not_in_education"": 0}",Detached house,160 m2 or larger,True,2001-2010,False,True,True,,,21.0,True,weekday_daytime,True,True,"Yes, manually (turn on and off panel heaters, regulate temperature on thermostats, etc.)",No,,"[""Sometimes, mostly for having it cosy"", ""Only on the coldest days""]",,True,True,,"[""Other:""]","[""Website (e.g. electricity supplier or others)"", ""Media / news""]",Spot price / Hourly spot,True,False,Own electric water heater,"[""What air ventilation system do you have in your home? Balanced ventilation system with heat recovery""]",,,,,,True,2,True,2,"[{""charging_control"": ""Yes, manually"", ""distance_before_charging_km"": 40.0, ""electric_range_km"": 100.0, ""home_charging_frequency"": ""Daily"", ""home_charging_method"": ""Standard outlet [10-16A, 1 phase, 2.3 - 3.5 kW]"", ""usual_charging_location"": ""At home on the same electricity meter as the rest of the home"", ""usual_charging_time"": ""Night (10 pm - 7 am)"", ""vehicle_number"": 1}, {""charging_control"": ""Yes, manually"", ""distance_before_charging_km"": 40.0, ""electric_range_km"": 180.0, ""home_charging_frequency"": ""Daily"", ""home_charging_method"": ""Home charging station 16A, 3 phase [12kW]"", ""usual_charging_location"": ""At home on the same electricity meter as the rest of the home"", ""usual_charging_time"": ""Night (10 pm - 7 am)"", ""vehicle_number"": 2}]",[]
iflex,iflex,Exp_261,2,Couple without children living at home,Man,"College / University, higher degree (4 years or more)",NOK 1 500 000 or more,"{""0_1"": 0, ""16_22"": 0, ""23_29"": 0, ""2_5"": 0, ""30_39"": 0, ""40_49"": 0, ""50_66"": 2, ""67_plus"": 0, ""6_15"": 0}","{""full_time_work"": 2, ""other"": 0, ""part_time_work"": 0, ""retired"": 0, ""school_or_kindergarten"": 0, ""student"": 0, ""unemployed_or_not_in_education"": 0}",Detached house,160 m2 or larger,True,1961-1970,True,False,,,,22.0,False,weekday_daytime,False,True,"Yes, automated by time (set schedule in thermostat)",No,,"[""Sometimes, mostly for having it cosy""]",,False,False,,,,Spot price / Hourly spot,True,False,Own electric water heater,"[""What air ventilation system do you have in your home? Natural ventilation (ventilation via windows and air vents)""]",,,,,,True,2,True,1,"[{""charging_control"": ""No"", ""distance_before_charging_km"": 100.0, ""electric_range_km"": 420.0, ""home_charging_frequency"": ""Several times a week"", ""home_charging_method"": null, ""usual_charging_location"": ""At home on the same electricity meter as the rest of the home"", ""usual_charging_time"": null, ""vehicle_number"": 1}]",[]
iflex,iflex,Exp_38,2,Couple without children living at home,Man,"College / University, undergraduate degree (1-3 years)",NOK 1 000 000 - 1 499 999,"{""0_1"": 0, ""16_22"": 0, ""23_29"": 0, ""2_5"": 0, ""30_39"": 0, ""40_49"": 0, ""50_66"": 0, ""67_plus"": 2, ""6_15"": 0}","{""full_time_work"": 0, ""other"": 0, ""part_time_work"": 0, ""retired"": 2, ""school_or_kindergarten"": 0, ""student"": 0, ""unemployed_or_not_in_education"": 0}","Townhouses, chain houses and other small houses with 3 homes or more",100-119 m2,True,1961-1970,True,False,,,,23.0,True,weekday_daytime,True,True,"Yes, manually (turn on and off panel heaters, regulate temperature on thermostats, etc.)",No,,,,True,False,,"[""Website (e.g. electricity supplier or others)""]",,Variable price,True,True,Own electric water heater,"[""What air ventilation system do you have in your home? Natural ventilation (ventilation via windows and air vents)""]",,,,,,True,1,True,1,"[{""charging_control"": ""No"", ""distance_before_charging_km"": 250.0, ""electric_range_km"": 430.0, ""home_charging_frequency"": ""Several times a week"", ""home_charging_method"": ""Home charging station 16A, 3 phase [12kW]"", ""usual_charging_location"": ""At home on an additional electricity meter"", ""usual_charging_time"": ""Evening (5 pm - 10 pm)"", ""vehicle_number"": 1}]",[]
iflex,iflex,Exp_262,4,Couple with large children (youngest child 6-17 years),Man,"College / University, higher degree (4 years or more)",NOK 1 000 000 - 1 499 999,"{""0_1"": 0, ""16_22"": 0, ""23_29"": 0, ""2_5"": 0, ""30_39"": 0, ""40_49"": 2, ""50_66"": 0, ""67_plus"": 0, ""6_15"": 2}","{""full_time_work"": 2, ""other"": 0, ""part_time_work"": 0, ""retired"": 0, ""school_or_kindergarten"": 2, ""student"": 0, ""unemployed_or_not_in_education"": 0}","Townhouses, chain houses and other small houses with 3 homes or more",120-159 m2,True,1946-1960,False,False,,,,22.0,False,weekday_daytime,True,True,"Yes, manually (turn on and off panel heaters, regulate temperature on thermostats, etc.)",No,,"[""Almost every day in winter""]",,True,True,,"[""App (e.g. electricity supplier or others)""]","[""App (e.g. electricity supplier or others)""]",Spot price / Hourly spot,True,True,Own electric water heater,"[""What air ventilation system do you have in your home? Natural ventilation (ventilation via windows and air vents)""]",,,,,,True,1,True,1,"[{""charging_control"": ""No"", ""distance_before_charging_km"": 10.0, ""electric_range_km"": 50.0, ""home_charging_frequency"": null, ""home_charging_method"": null, ""usual_charging_location"": ""Not at home (at work, street charging, public stations, other places)"", ""usual_charging_time"": null, ""vehicle_number"": 1}]",[]
iflex,iflex,Exp_39,4,Couple with large children (youngest child 6-17 years),Man,"College / University, higher degree (4 years or more)",NOK 1 500 000 or more,"{""0_1"": 0, ""16_22"": 1, ""23_29"": 0, ""2_5"": 0, ""30_39"": 0, ""40_49"": 0, ""50_66"": 2, ""67_plus"": 0, ""6_15"": 1}","{""full_time_work"": 2, ""other"": 0, ""part_time_work"": 0, ""retired"": 0, ""school_or_kindergarten"": 1, ""student"": 1, ""unemployed_or_not_in_education"": 0}","Townhouses, chain houses and other small houses with 3 homes or more",160 m2 or larger,True,1981-1990,False,False,,,,23.0,False,weekday_daytime,True,False,"Yes, manually (turn on and off panel heaters, regulate temperature on thermostats, etc.)",No,,"[""Weekly in winter""]",,False,False,,,,Spot price / Hourly spot,True,False,Own electric water heater,"[""What air ventilation system do you have in your home? Natural ventilation (ventilation via windows and air vents)""]",,,,,,True,3,True,2,"[{""charging_control"": ""No"", ""distance_before_charging_km"": 40.0, ""electric_range_km"": 230.0, ""home_charging_frequency"": ""Daily"", ""home_charging_method"": ""Charging station 32A, 3 phase [22kW] or higher"", ""usual_charging_location"": ""At home on the same electricity meter as the rest of the home"", ""usual_charging_time"": ""Afternoon (1 pm - 5 pm)"", ""vehicle_number"": 1}, {""charging_control"": ""No"", ""distance_before_charging_km"": 40.0, ""electric_range_km"": 130.0, ""home_charging_frequency"": ""Daily"", ""home_charging_method"": ""Standard outlet [10-16A, 1 phase, 2.3 - 3.5 kW]"", ""usual_charging_location"": ""At home on the same electricity meter as the rest of the home"", ""usual_charging_time"": ""Afternoon (1 pm - 5 pm)"", ""vehicle_number"": 2}]",[]
iflex,iflex,Exp_263,5,Mother/father with large children (youngest child 6-17 years),Man,"College / University, higher degree (4 years or more)",NOK 1 500 000 or more,"{""0_1"": 0, ""16_22"": 0, ""23_29"": 0, ""2_5"": 0, ""30_39"": 0, ""40_49"": 2, ""50_66"": 0, ""67_plus"": 0, ""6_15"": 3}","{""full_time_work"": 2, ""other"": 0, ""part_time_work"": 0, ""retired"": 0, ""school_or_kindergarten"": 3, ""student"": 0, ""unemployed_or_not_in_education"": 0}",Detached house,160 m2 or larger,True,1946-1960,True,False,,,,23.0,False,weekday_daytime,True,True,No,No,,"[""Almost every day in winter""]",,False,False,,,,Spot price / Hourly spot,True,False,Own electric water heater,"[""What air ventilation system do you have in your home? Natural ventilation (ventilation via windows and air vents)""]",,,,,,True,1,False,,[],[]
iflex,iflex,Exp_40,1,Living alone,Man,Primary school (up to 10 years of schooling),,"{""0_1"": 0, ""16_22"": 0, ""23_29"": 0, ""2_5"": 0, ""30_39"": 0, ""40_49"": 0, ""50_66"": 0, ""67_plus"": 1, ""6_15"": 0}","{""full_time_work"": 0, ""other"": 0, ""part_time_work"": 0, ""retired"": 1, ""school_or_kindergarten"": 0, ""student"": 0, ""unemployed_or_not_in_education"": 0}",Detached house,100-119 m2,True,1991-2000,False,False,,,,22.0,True,weekday_daytime,True,True,"Yes, manually (turn on and off panel heaters, regulate temperature on thermostats, etc.)","Yes, manually",,"[""Only on the coldest days""]",,True,True,,"[""Electricity bill""]","[""Website (e.g. electricity supplier or others)""]",Spot price / Hourly spot,True,,Own electric water heater,"[""What air ventilation system do you have in your home? Natural ventilation (ventilation via windows and air vents)""]",,,,,,True,1,False,,[],[]
iflex,iflex,Exp_267,2,Couple without children living at home,Man,"College / University, undergraduate degree (1-3 years)",NOK 1 500 000 or more,"{""0_1"": 0, ""16_22"": 0, ""23_29"": 0, ""2_5"": 0, ""30_39"": 0, ""40_49"": 2, ""50_66"": 0, ""67_plus"": 0, ""6_15"": 0}","{""full_time_work"": 2, ""other"": 0, ""part_time_work"": 0, ""retired"": 0, ""school_or_kindergarten"": 0, ""student"": 0, ""unemployed_or_not_in_education"": 0}",Apartment block,80-99 m2,True,2001-2010,False,False,,,,23.0,False,weekday_daytime,True,True,"Yes, automated by time (set schedule in thermostat)",No,,,,True,False,,"[""Electricity bill""]",,Spot price / Hourly spot,True,False,Own electric water heater,"[""What air ventilation system do you have in your home? Natural ventilation (ventilation via windows and air vents)""]",,,,,,True,1,True,1,"[{""charging_control"": ""Yes, automated by price (advanced control based on spot price for electricity)"", ""distance_before_charging_km"": 250.0, ""electric_range_km"": 300.0, ""home_charging_frequency"": ""Several times a week"", ""home_charging_method"": ""Home charging station 16A, 3 phase [12kW]"", ""usual_charging_location"": ""At home on a shared electricity meter with other homes"", ""usual_charging_time"": ""Evening (5 pm - 10 pm)"", ""vehicle_number"": 1}]",[]
iflex,iflex,Exp_41,4,Couple with large children (youngest child 6-17 years),Woman,"College / University, higher degree (4 years or more)",NOK 800 000 - 999 999,"{""0_1"": 0, ""16_22"": 0, ""23_29"": 0, ""2_5"": 0, ""30_39"": 0, ""40_49"": 1, ""50_66"": 1, ""67_plus"": 0, ""6_15"": 2}","{""full_time_work"": 1, ""other"": 0, ""part_time_work"": 1, ""retired"": 0, ""school_or_kindergarten"": 2, ""student"": 0, ""unemployed_or_not_in_education"": 0}",Detached house,160 m2 or larger,True,1946-1960,True,False,,,,20.0,True,weekday_daytime,True,True,"Yes, manually (turn on and off panel heaters, regulate temperature on thermostats, etc.)","Yes, manually",,"[""Only on the coldest days""]",,True,True,,"[""Electricity bill""]","[""Website (e.g. electricity supplier or others)""]",Variable price,True,,Own electric water heater,"[""What air ventilation system do you have in your home? Natural ventilation (ventilation via windows and air vents)""]",,,,,,True,2,False,,[],[]
iflex,iflex,Exp_269,2,Couple without children living at home,Man,"College / University, higher degree (4 years or more)",NOK 500 000 -799 999,"{""0_1"": 0, ""16_22"": 0, ""23_29"": 0, ""2_5"": 0, ""30_39"": 0, ""40_49"": 0, ""50_66"": 0, ""67_plus"": 2, ""6_15"": 0}","{""full_time_work"": 0, ""other"": 0, ""part_time_work"": 0, ""retired"": 2, ""school_or_kindergarten"": 0, ""student"": 0, ""unemployed_or_not_in_education"": 0}",Detached house,160 m2 or larger,True,1901-1920,True,False,,,,22.0,True,weekday_daytime,False,False,"Yes, automated by time (set schedule in thermostat)",No,,"[""Sometimes, mostly for having it cosy""]",,True,True,,"[""Electricity bill"", ""Other:""]","[""Electricity bill""]",Spot price / Hourly spot,True,False,Own electric water heater,"[""What air ventilation system do you have in your home? Natural ventilation (ventilation via windows and air vents)""]",,,,,,True,1,False,,[],[]
iflex,iflex,Exp_42,1,Living alone,Man,"College / University, higher degree (4 years or more)",,"{""0_1"": 0, ""16_22"": 0, ""23_29"": 0, ""2_5"": 0, ""30_39"": 0, ""40_49"": 0, ""50_66"": 1, ""67_plus"": 0, ""6_15"": 0}","{""full_time_work"": 1, ""other"": 0, ""part_time_work"": 0, ""retired"": 0, ""school_or_kindergarten"": 0, ""student"": 0, ""unemployed_or_not_in_education"": 0}",Detached house,160 m2 or larger,True,1981-1990,True,False,,,,22.0,False,weekday_daytime,True,False,No,No,,"[""Sometimes, mostly for having it cosy"", ""Only on the coldest days""]",,False,False,,,,Spot price / Hourly spot,True,False,Own electric water heater,"[""0"", ""What air ventilation system do you have in your home? Don't know""]",,,,,,True,1,False,,[],[]
iflex,iflex,Exp_270,1,Living alone,Man,"College / University, higher degree (4 years or more)",NOK 500 000 -799 999,"{""0_1"": 0, ""16_22"": 0, ""23_29"": 0, ""2_5"": 0, ""30_39"": 0, ""40_49"": 1, ""50_66"": 0, ""67_plus"": 0, ""6_15"": 0}","{""full_time_work"": 1, ""other"": 0, ""part_time_work"": 0, ""retired"": 0, ""school_or_kindergarten"": 0, ""student"": 0, ""unemployed_or_not_in_education"": 0}",Detached house,100-119 m2,True,1961-1970,False,False,,,,22.0,False,weekday_daytime,True,True,"Yes, automated by time (set schedule in thermostat)",No,,"[""Weekly in winter""]",,False,False,,,,Spot price / Hourly spot,True,False,Own electric water heater,"[""What air ventilation system do you have in your home? Natural ventilation (ventilation via windows and air vents)""]",,,,,,True,1,False,,[],[]
iflex,iflex,Exp_43,1,Other,Man,"College / University, higher degree (4 years or more)",NOK 800 000 - 999 999,"{""0_1"": 0, ""16_22"": 0, ""23_29"": 0, ""2_5"": 0, ""30_39"": 0, ""40_49"": 0, ""50_66"": 1, ""67_plus"": 0, ""6_15"": 0}","{""full_time_work"": 1, ""other"": 0, ""part_time_work"": 0, ""retired"": 0, ""school_or_kindergarten"": 0, ""student"": 0, ""unemployed_or_not_in_education"": 0}",Apartment block,50-59 m2,True,1901-1920,True,False,,,,20.0,False,weekday_daytime,True,True,"Yes, manually (turn on and off panel heaters, regulate temperature on thermostats, etc.)",No,,,,False,False,,,,Spot price / Hourly spot,True,False,Own electric water heater,"[""What air ventilation system do you have in your home? Natural ventilation (ventilation via windows and air vents)""]",,,,,,True,1,False,,[],[]
iflex,iflex,Exp_274,5,Couple with large children (youngest child 6-17 years),Man,"College / University, higher degree (4 years or more)",NOK 1 000 000 - 1 499 999,"{""0_1"": 0, ""16_22"": 3, ""23_29"": 0, ""2_5"": 0, ""30_39"": 0, ""40_49"": 0, ""50_66"": 2, ""67_plus"": 0, ""6_15"": 0}","{""full_time_work"": 3, ""other"": 0, ""part_time_work"": 0, ""retired"": 0, ""school_or_kindergarten"": 0, ""student"": 2, ""unemployed_or_not_in_education"": 0}",Detached house,160 m2 or larger,True,1981-1990,False,False,,,,21.0,True,weekday_daytime,True,True,"Yes, manually (turn on and off panel heaters, regulate temperature on thermostats, etc.)",No,,"[""Weekly in winter""]",,True,False,,"[""Electricity bill""]",,Spot price / Hourly spot,True,True,Own electric water heater,"[""What air ventilation system do you have in your home? Natural ventilation (ventilation via windows and air vents)""]",,,,,,True,3,False,,[],[]
iflex,iflex,Exp_44,2,Couple without children living at home,Man,"College / University, higher degree (4 years or more)",NOK 1 000 000 - 1 499 999,"{""0_1"": 0, ""16_22"": 0, ""23_29"": 0, ""2_5"": 0, ""30_39"": 0, ""40_49"": 0, ""50_66"": 2, ""67_plus"": 0, ""6_15"": 0}","{""full_time_work"": 2, ""other"": 0, ""part_time_work"": 0, ""retired"": 0, ""school_or_kindergarten"": 0, ""student"": 0, ""unemployed_or_not_in_education"": 0}",Detached house,160 m2 or larger,True,1981-1990,False,False,,,,20.0,False,weekday_daytime,False,True,"Yes, automated by time (set schedule in thermostat)",No,,"[""Weekly in winter""]",,False,False,,,,Spot price / Hourly spot,True,,Own electric water heater,"[""0"", ""What air ventilation system do you have in your home? Mechanical ventilation manually controlled""]",,,,,,True,2,True,1,"[{""charging_control"": ""No"", ""distance_before_charging_km"": 20.0, ""electric_range_km"": 300.0, ""home_charging_frequency"": ""Daily"", ""home_charging_method"": ""Standard outlet [10-16A, 1 phase, 2.3 - 3.5 kW]"", ""usual_charging_location"": ""At home on the same electricity meter as the rest of the home"", ""usual_charging_time"": ""Evening (5 pm - 10 pm)"", ""vehicle_number"": 1}]",[]
iflex,iflex,Exp_275,1,Living alone,Man,"College / University, higher degree (4 years or more)",NOK 500 000 -799 999,"{""0_1"": 0, ""16_22"": 0, ""23_29"": 0, ""2_5"": 0, ""30_39"": 0, ""40_49"": 0, ""50_66"": 0, ""67_plus"": 1, ""6_15"": 0}","{""full_time_work"": 0, ""other"": 0, ""part_time_work"": 0, ""retired"": 1, ""school_or_kindergarten"": 0, ""student"": 0, ""unemployed_or_not_in_education"": 0}",Apartment block,100-119 m2,True,2001-2010,False,False,,,,22.0,True,weekday_daytime,True,True,No,"Yes, manually",,,,True,True,,"[""Electricity bill""]","[""Website (e.g. electricity supplier or others)"", ""Media / news""]",Variable price,True,True,Own electric water heater,"[""What air ventilation system do you have in your home? Natural ventilation (ventilation via windows and air vents)"", ""What air ventilation system do you have in your home? Mechanical ventilation manually controlled""]",,,,,,True,1,False,,[],[]
iflex,iflex,Exp_45,3,Single-family households with adult children (youngest child 18 years or older),Man,"College / University, undergraduate degree (1-3 years)",NOK 800 000 - 999 999,"{""0_1"": 0, ""16_22"": 0, ""23_29"": 1, ""2_5"": 0, ""30_39"": 0, ""40_49"": 0, ""50_66"": 2, ""67_plus"": 0, ""6_15"": 0}","{""full_time_work"": 1, ""other"": 0, ""part_time_work"": 0, ""retired"": 2, ""school_or_kindergarten"": 0, ""student"": 0, ""unemployed_or_not_in_education"": 0}",Detached house,120-159 m2,True,1946-1960,True,False,,,,22.0,True,weekday_daytime,True,False,No,,,"[""Sometimes, mostly for having it cosy""]",,True,False,,"[""Electricity bill""]",,Fixed price,True,True,Shared water heater or district heating,"[""What air ventilation system do you have in your home? Natural ventilation (ventilation via windows and air vents)""]",,,,,,True,2,True,2,"[{""charging_control"": ""No"", ""distance_before_charging_km"": 20.0, ""electric_range_km"": 140.0, ""home_charging_frequency"": ""Several times a week"", ""home_charging_method"": ""Standard outlet [10-16A, 1 phase, 2.3 - 3.5 kW]"", ""usual_charging_location"": ""At home on the same electricity meter as the rest of the home"", ""usual_charging_time"": ""Afternoon (1 pm - 5 pm)"", ""vehicle_number"": 1}, {""charging_control"": null, ""distance_before_charging_km"": 1.0, ""electric_range_km"": 30.0, ""home_charging_frequency"": ""About once a month or less frequently"", ""home_charging_method"": null, ""usual_charging_location"": ""Not at home (at work, street charging, public stations, other places)"", ""usual_charging_time"": null, ""vehicle_number"": 2}]",[]
iflex,iflex,Exp_277,2,Couple without children living at home,Man,"College / University, undergraduate degree (1-3 years)",NOK 800 000 - 999 999,"{""0_1"": 0, ""16_22"": 0, ""23_29"": 0, ""2_5"": 0, ""30_39"": 0, ""40_49"": 0, ""50_66"": 0, ""67_plus"": 2, ""6_15"": 0}","{""full_time_work"": 0, ""other"": 0, ""part_time_work"": 0, ""retired"": 2, ""school_or_kindergarten"": 0, ""student"": 0, ""unemployed_or_not_in_education"": 0}",Detached house,120-159 m2,True,1971-1980,False,False,,,,21.0,True,weekday_daytime,True,True,"Yes, manually (turn on and off panel heaters, regulate temperature on thermostats, etc.)",No,,,,True,True,,"[""Electricity bill""]","[""Electricity bill""]",Spot price / Hourly spot,True,,Own electric water heater,"[""What air ventilation system do you have in your home? Natural ventilation (ventilation via windows and air vents)""]",,,,,,True,2,True,1,"[{""charging_control"": ""Yes, manually"", ""distance_before_charging_km"": 40.0, ""electric_range_km"": 50.0, ""home_charging_frequency"": ""Several times a week"", ""home_charging_method"": ""Standard outlet [10-16A, 1 phase, 2.3 - 3.5 kW]"", ""usual_charging_location"": ""At home on a shared electricity meter with other homes"", ""usual_charging_time"": ""Evening (5 pm - 10 pm)"", ""vehicle_number"": 1}]",[]
iflex,iflex,Exp_46,3,Single-family households with adult children (youngest child 18 years or older),Woman,"College / University, higher degree (4 years or more)",NOK 1 500 000 or more,"{""0_1"": 0, ""16_22"": 0, ""23_29"": 1, ""2_5"": 0, ""30_39"": 0, ""40_49"": 0, ""50_66"": 2, ""67_plus"": 0, ""6_15"": 0}","{""full_time_work"": 2, ""other"": 0, ""part_time_work"": 0, ""retired"": 1, ""school_or_kindergarten"": 0, ""student"": 0, ""unemployed_or_not_in_education"": 0}","Townhouses, chain houses and other small houses with 3 homes or more",160 m2 or larger,True,1946-1960,True,False,,,,21.0,True,weekday_daytime,True,True,"Yes, manually (turn on and off panel heaters, regulate temperature on thermostats, etc.)",No,,"[""Only on the coldest days""]",,True,False,,"[""Other:""]",,Spot price / Hourly spot,True,False,Own electric water heater,"[""What air ventilation system do you have in your home? Don't know""]",,,,,,True,2,False,,[],[]
iflex,iflex,Exp_278,4,Couple with large children (youngest child 6-17 years),Man,"College / University, higher degree (4 years or more)",NOK 1 000 000 - 1 499 999,"{""0_1"": 0, ""16_22"": 1, ""23_29"": 0, ""2_5"": 0, ""30_39"": 0, ""40_49"": 0, ""50_66"": 2, ""67_plus"": 0, ""6_15"": 1}","{""full_time_work"": 2, ""other"": 0, ""part_time_work"": 0, ""retired"": 0, ""school_or_kindergarten"": 2, ""student"": 0, ""unemployed_or_not_in_education"": 0}",Detached house,120-159 m2,True,2001-2010,False,False,,,,23.0,False,weekday_daytime,True,True,"Yes, automated by time (set schedule in thermostat)",No,,,,False,False,,,,Spot price / Hourly spot,True,,Own electric water heater,"[""What air ventilation system do you have in your home? Natural ventilation (ventilation via windows and air vents)""]",,,,,,True,2,True,1,"[{""charging_control"": ""No"", ""distance_before_charging_km"": 150.0, ""electric_range_km"": 200.0, ""home_charging_frequency"": ""Several times a week"", ""home_charging_method"": ""Charging station 32A, 3 phase [22kW] or higher"", ""usual_charging_location"": ""At home on the same electricity meter as the rest of the home"", ""usual_charging_time"": ""Evening (5 pm - 10 pm)"", ""vehicle_number"": 1}]",[]
iflex,iflex,Exp_47,6,Single-family households with adult children (youngest child 18 years or older),Man,"College / University, higher degree (4 years or more)",NOK 1 000 000 - 1 499 999,"{""0_1"": 1, ""16_22"": 0, ""23_29"": 0, ""2_5"": 2, ""30_39"": 2, ""40_49"": 0, ""50_66"": 0, ""67_plus"": 0, ""6_15"": 1}","{""full_time_work"": 2, ""other"": 0, ""part_time_work"": 0, ""retired"": 0, ""school_or_kindergarten"": 3, ""student"": 0, ""unemployed_or_not_in_education"": 1}",Detached house,160 m2 or larger,True,1946-1960,True,False,,,,23.0,True,weekday_daytime,True,True,"Yes, automated by time (set schedule in thermostat)",No,,"[""Sometimes, mostly for having it cosy""]",,True,True,,"[""App (e.g. electricity supplier or others)""]","[""Other""]",Spot price / Hourly spot,True,False,Own electric water heater,"[""What air ventilation system do you have in your home? Balanced ventilation system with heat recovery""]",,,,,,True,2,False,,[],[]
iflex,iflex,Exp_279,5,Couple with large children (youngest child 6-17 years),Man,"College / University, higher degree (4 years or more)",NOK 1 500 000 or more,"{""0_1"": 0, ""16_22"": 1, ""23_29"": 0, ""2_5"": 0, ""30_39"": 0, ""40_49"": 0, ""50_66"": 3, ""67_plus"": 0, ""6_15"": 1}","{""full_time_work"": 2, ""other"": 0, ""part_time_work"": 0, ""retired"": 0, ""school_or_kindergarten"": 1, ""student"": 1, ""unemployed_or_not_in_education"": 0}",Detached house,160 m2 or larger,True,1961-1970,True,True,True,,,21.0,True,weekday_daytime,True,True,"Yes, manually (turn on and off panel heaters, regulate temperature on thermostats, etc.)",No,,"[""Almost every day in winter""]",,True,False,,"[""Website (e.g. electricity supplier or others)""]",,Spot price / Hourly spot,True,,Own electric water heater,"[""What air ventilation system do you have in your home? Natural ventilation (ventilation via windows and air vents)""]",,,,,,True,2,True,1,"[{""charging_control"": ""No"", ""distance_before_charging_km"": 150.0, ""electric_range_km"": 300.0, ""home_charging_frequency"": ""Daily"", ""home_charging_method"": ""Standard outlet [10-16A, 1 phase, 2.3 - 3.5 kW]"", ""usual_charging_location"": ""At home on the same electricity meter as the rest of the home"", ""usual_charging_time"": ""Night (10 pm - 7 am)"", ""vehicle_number"": 1}]",[]
iflex,iflex,Exp_48,2,Other,Man,"College / University, higher degree (4 years or more)",NOK 1 000 000 - 1 499 999,"{""0_1"": 0, ""16_22"": 0, ""23_29"": 0, ""2_5"": 0, ""30_39"": 0, ""40_49"": 0, ""50_66"": 2, ""67_plus"": 0, ""6_15"": 0}","{""full_time_work"": 0, ""other"": 0, ""part_time_work"": 0, ""retired"": 2, ""school_or_kindergarten"": 0, ""student"": 0, ""unemployed_or_not_in_education"": 0}",Semi-detached house,100-119 m2,True,2001-2010,True,False,,,,23.0,True,weekday_daytime,True,True,"Yes, manually (turn on and off panel heaters, regulate temperature on thermostats, etc.)",No,,"[""Weekly in winter""]",,False,True,,,"[""Website (e.g. electricity supplier or others)""]",Variable price,True,False,Own electric water heater,"[""What air ventilation system do you have in your home? Natural ventilation (ventilation via windows and air vents)""]",,,,,,True,1,False,,[],[]
iflex,iflex,Exp_282,2,Couple without children living at home,Man,"College / University, higher degree (4 years or more)",NOK 1 000 000 - 1 499 999,"{""0_1"": 0, ""16_22"": 0, ""23_29"": 0, ""2_5"": 0, ""30_39"": 0, ""40_49"": 0, ""50_66"": 2, ""67_plus"": 0, ""6_15"": 0}","{""full_time_work"": 2, ""other"": 0, ""part_time_work"": 0, ""retired"": 0, ""school_or_kindergarten"": 0, ""student"": 0, ""unemployed_or_not_in_education"": 0}","Townhouses, chain houses and other small houses with 3 homes or more",160 m2 or larger,True,1946-1960,True,False,,,,22.0,False,weekday_daytime,True,False,"Yes, manually (turn on and off panel heaters, regulate temperature on thermostats, etc.)",,,,,False,False,,,,Spot price / Hourly spot,True,,Other,"[""What air ventilation system do you have in your home? Natural ventilation (ventilation via windows and air vents)""]",,,,,,True,1,True,1,"[{""charging_control"": ""No"", ""distance_before_charging_km"": 35.0, ""electric_range_km"": 43.0, ""home_charging_frequency"": ""Daily"", ""home_charging_method"": ""Standard outlet [10-16A, 1 phase, 2.3 - 3.5 kW]"", ""usual_charging_location"": ""At home on the same electricity meter as the rest of the home"", ""usual_charging_time"": null, ""vehicle_number"": 1}]",[]
iflex,iflex,Exp_49,2,Mother/father with large children (youngest child 6-17 years),Woman,"College / University, undergraduate degree (1-3 years)",NOK 800 000 - 999 999,"{""0_1"": 0, ""16_22"": 1, ""23_29"": 0, ""2_5"": 0, ""30_39"": 0, ""40_49"": 0, ""50_66"": 1, ""67_plus"": 0, ""6_15"": 0}","{""full_time_work"": 1, ""other"": 0, ""part_time_work"": 0, ""retired"": 0, ""school_or_kindergarten"": 0, ""student"": 1, ""unemployed_or_not_in_education"": 0}",Detached house,160 m2 or larger,True,1901-1920,True,True,True,,,24.0,False,weekday_daytime,True,True,"Yes, manually (turn on and off panel heaters, regulate temperature on thermostats, etc.)",No,,"[""Sometimes, mostly for having it cosy"", ""Weekly in winter""]",,True,True,,"[""Electricity bill"", ""Website (e.g. electricity supplier or others)"", ""App (e.g. electricity supplier or others)""]","[""Website (e.g. electricity supplier or others)""]",Fixed price,True,,Own electric water heater,"[""What air ventilation system do you have in your home? Natural ventilation (ventilation via windows and air vents)""]",,,,,,True,1,True,1,"[{""charging_control"": ""No"", ""distance_before_charging_km"": 40.0, ""electric_range_km"": 40.0, ""home_charging_frequency"": ""About once a month or less frequently"", ""home_charging_method"": ""Standard outlet [10-16A, 1 phase, 2.3 - 3.5 kW]"", ""usual_charging_location"": ""At home on the same electricity meter as the rest of the home"", ""usual_charging_time"": ""Afternoon (1 pm - 5 pm)"", ""vehicle_number"": 1}]",[]
iflex,iflex,Exp_283,2,Couple without children living at home,Woman,"College / University, higher degree (4 years or more)",NOK 1 000 000 - 1 499 999,"{""0_1"": 0, ""16_22"": 0, ""23_29"": 0, ""2_5"": 0, ""30_39"": 0, ""40_49"": 0, ""50_66"": 0, ""67_plus"": 2, ""6_15"": 0}","{""full_time_work"": 0, ""other"": 0, ""part_time_work"": 0, ""retired"": 2, ""school_or_kindergarten"": 0, ""student"": 0, ""unemployed_or_not_in_education"": 0}",Detached house,160 m2 or larger,True,1981-1990,False,False,,,,20.0,True,weekday_daytime,True,True,No,No,,"[""Weekly in winter""]",,False,False,,,,Spot price / Hourly spot,True,,Own electric water heater,"[""What air ventilation system do you have in your home? Natural ventilation (ventilation via windows and air vents)""]",,,,,,True,1,False,,[],[]
iflex,iflex,Exp_51,4,Mother/father with large children (youngest child 6-17 years),Man,"College / University, higher degree (4 years or more)",NOK 1 000 000 - 1 499 999,"{""0_1"": 0, ""16_22"": 2, ""23_29"": 0, ""2_5"": 0, ""30_39"": 0, ""40_49"": 2, ""50_66"": 0, ""67_plus"": 0, ""6_15"": 0}","{""full_time_work"": 2, ""other"": 0, ""part_time_work"": 0, ""retired"": 0, ""school_or_kindergarten"": 0, ""student"": 2, ""unemployed_or_not_in_education"": 0}","Townhouses, chain houses and other small houses with 3 homes or more",120-159 m2,True,1981-1990,True,False,,,,21.0,False,weekday_daytime,True,True,"Yes, automated by time (set schedule in thermostat)",No,,"[""Only on the coldest days""]",,False,False,,,,Spot price / Hourly spot,True,False,Own electric water heater,"[""What air ventilation system do you have in your home? Natural ventilation (ventilation via windows and air vents)""]",,,,,,True,2,True,1,"[{""charging_control"": ""Yes, manually"", ""distance_before_charging_km"": 20.0, ""electric_range_km"": 400.0, ""home_charging_frequency"": ""Several times a week"", ""home_charging_method"": ""Home charging station 16A, 3 phase [12kW]"", ""usual_charging_location"": ""At home on an additional electricity meter"", ""usual_charging_time"": ""Evening (5 pm - 10 pm)"", ""vehicle_number"": 1}]",[]
iflex,iflex,Exp_284,2,Couple without children living at home,Man,"College / University, higher degree (4 years or more)",NOK 1 000 000 - 1 499 999,"{""0_1"": 0, ""16_22"": 0, ""23_29"": 0, ""2_5"": 0, ""30_39"": 0, ""40_49"": 0, ""50_66"": 0, ""67_plus"": 2, ""6_15"": 0}","{""full_time_work"": 0, ""other"": 0, ""part_time_work"": 0, ""retired"": 2, ""school_or_kindergarten"": 0, ""student"": 0, ""unemployed_or_not_in_education"": 0}","Townhouses, chain houses and other small houses with 3 homes or more",160 m2 or larger,True,1971-1980,True,False,,,,23.0,True,weekday_daytime,False,False,No,No,,"[""Sometimes, mostly for having it cosy""]",,False,True,,,"[""Other""]",Spot price / Hourly spot,True,False,Own electric water heater,"[""What air ventilation system do you have in your home? Natural ventilation (ventilation via windows and air vents)""]",,,,,,True,1,True,1,"[{""charging_control"": ""No"", ""distance_before_charging_km"": 50.0, ""electric_range_km"": 40.0, ""home_charging_frequency"": ""Daily"", ""home_charging_method"": ""Standard outlet [10-16A, 1 phase, 2.3 - 3.5 kW]"", ""usual_charging_location"": ""At home on an additional electricity meter"", ""usual_charging_time"": ""Night (10 pm - 7 am)"", ""vehicle_number"": 1}]",[]
iflex,iflex,Exp_53,2,Mother/father with small children (youngest child 0-5 years),Woman,"College / University, higher degree (4 years or more)",NOK 500 000 -799 999,"{""0_1"": 0, ""16_22"": 0, ""23_29"": 0, ""2_5"": 1, ""30_39"": 0, ""40_49"": 1, ""50_66"": 0, ""67_plus"": 0, ""6_15"": 0}","{""full_time_work"": 1, ""other"": 0, ""part_time_work"": 0, ""retired"": 0, ""school_or_kindergarten"": 1, ""student"": 0, ""unemployed_or_not_in_education"": 0}","Townhouses, chain houses and other small houses with 3 homes or more",80-99 m2,True,1981-1990,True,False,,,,22.0,False,weekday_daytime,True,True,"Yes, manually (turn on and off panel heaters, regulate temperature on thermostats, etc.)",,,,,False,False,,,,Variable price,True,False,Shared water heater or district heating,"[""0"", ""What air ventilation system do you have in your home? Mechanical ventilation manually controlled""]",,,,,,False,,,,,[]
iflex,iflex,Exp_285,2,Couple without children living at home,Man,"College / University, higher degree (4 years or more)",NOK 1 000 000 - 1 499 999,"{""0_1"": 0, ""16_22"": 0, ""23_29"": 2, ""2_5"": 0, ""30_39"": 0, ""40_49"": 0, ""50_66"": 0, ""67_plus"": 0, ""6_15"": 0}","{""full_time_work"": 2, ""other"": 0, ""part_time_work"": 0, ""retired"": 0, ""school_or_kindergarten"": 0, ""student"": 0, ""unemployed_or_not_in_education"": 0}",Apartment block,80-99 m2,True,1946-1960,False,False,,,,22.0,False,weekday_daytime,True,True,"Yes, automated by time (set schedule in thermostat)",No,,,,True,False,,"[""Electricity bill"", ""Website (e.g. electricity supplier or others)""]",,Spot price / Hourly spot,True,,Own electric water heater,"[""What air ventilation system do you have in your home? Balanced ventilation system with heat recovery""]",,,,,,False,,,,,[]
iflex,iflex,Exp_54,2,Couple without children living at home,Man,"College / University, undergraduate degree (1-3 years)",NOK 1 000 000 - 1 499 999,"{""0_1"": 0, ""16_22"": 0, ""23_29"": 0, ""2_5"": 0, ""30_39"": 0, ""40_49"": 0, ""50_66"": 0, ""67_plus"": 2, ""6_15"": 0}","{""full_time_work"": 0, ""other"": 0, ""part_time_work"": 0, ""retired"": 2, ""school_or_kindergarten"": 0, ""student"": 0, ""unemployed_or_not_in_education"": 0}",Detached house,120-159 m2,True,1971-1980,True,False,,,,23.0,True,weekday_daytime,True,True,"Yes, manually (turn on and off panel heaters, regulate temperature on thermostats, etc.)",No,,,,True,True,,"[""Website (e.g. electricity supplier or others)""]","[""Website (e.g. electricity supplier or others)""]",Spot price / Hourly spot,True,True,Own electric water heater,"[""What air ventilation system do you have in your home? Natural ventilation (ventilation via windows and air vents)""]",,,,,,True,1,False,,[],[]
iflex,iflex,Exp_286,1,Living alone,Man,"College / University, higher degree (4 years or more)",NOK 500 000 -799 999,"{""0_1"": 0, ""16_22"": 0, ""23_29"": 0, ""2_5"": 0, ""30_39"": 1, ""40_49"": 0, ""50_66"": 0, ""67_plus"": 0, ""6_15"": 0}","{""full_time_work"": 1, ""other"": 0, ""part_time_work"": 0, ""retired"": 0, ""school_or_kindergarten"": 0, ""student"": 0, ""unemployed_or_not_in_education"": 0}",Apartment block,30-49 m2,True,1946-1960,False,False,,,,19.0,False,weekday_daytime,True,True,"Yes, manually (turn on and off panel heaters, regulate temperature on thermostats, etc.)",No,,"[""Weekly in winter""]",,True,True,,"[""Electricity bill""]","[""Other""]",Spot price / Hourly spot,True,True,Own electric water heater,"[""What air ventilation system do you have in your home? Natural ventilation (ventilation via windows and air vents)""]",,,,,,False,,,,,[]
iflex,iflex,Exp_55,4,Single-family households with adult children (youngest child 18 years or older),Woman,"College / University, undergraduate degree (1-3 years)",NOK 1 000 000 - 1 499 999,"{""0_1"": 0, ""16_22"": 2, ""23_29"": 0, ""2_5"": 0, ""30_39"": 0, ""40_49"": 0, ""50_66"": 2, ""67_plus"": 0, ""6_15"": 0}","{""full_time_work"": 2, ""other"": 0, ""part_time_work"": 1, ""retired"": 0, ""school_or_kindergarten"": 1, ""student"": 0, ""unemployed_or_not_in_education"": 0}",Detached house,100-119 m2,True,1900 or earlier,True,False,,,,20.0,False,weekday_daytime,True,False,"Yes, automated by time (set schedule in thermostat)",No,,"[""Only on the coldest days"", ""Weekly in winter""]",,True,False,,"[""Electricity bill""]",,,True,,Own electric water heater,"[""What air ventilation system do you have in your home? Natural ventilation (ventilation via windows and air vents)""]",,,,,,True,1,True,1,"[{""charging_control"": ""Yes, manually"", ""distance_before_charging_km"": 70.0, ""electric_range_km"": 100.0, ""home_charging_frequency"": ""Several times a week"", ""home_charging_method"": ""Standard outlet [10-16A, 1 phase, 2.3 - 3.5 kW]"", ""usual_charging_location"": ""At home on the same electricity meter as the rest of the home"", ""usual_charging_time"": ""Night (10 pm - 7 am)"", ""vehicle_number"": 1}]",[]
iflex,iflex,Exp_287,2,Couple without children living at home,Man,"College / University, undergraduate degree (1-3 years)",NOK 800 000 - 999 999,"{""0_1"": 0, ""16_22"": 0, ""23_29"": 0, ""2_5"": 0, ""30_39"": 0, ""40_49"": 0, ""50_66"": 2, ""67_plus"": 0, ""6_15"": 0}","{""full_time_work"": 1, ""other"": 0, ""part_time_work"": 0, ""retired"": 1, ""school_or_kindergarten"": 0, ""student"": 0, ""unemployed_or_not_in_education"": 0}",Detached house,160 m2 or larger,True,2011 or later,False,False,,,,19.0,True,weekday_daytime,True,False,"Yes, manually (turn on and off panel heaters, regulate temperature on thermostats, etc.)",No,,,,False,False,,,,Spot price / Hourly spot,True,False,Own electric water heater,"[""0"", ""What air ventilation system do you have in your home? Balanced ventilation system with heat recovery""]",,,,,,True,2,False,,[],[]
iflex,iflex,Exp_57,2,Couple without children living at home,Man,"College / University, higher degree (4 years or more)",NOK 1 000 000 - 1 499 999,"{""0_1"": 0, ""16_22"": 0, ""23_29"": 0, ""2_5"": 0, ""30_39"": 0, ""40_49"": 0, ""50_66"": 1, ""67_plus"": 1, ""6_15"": 0}","{""full_time_work"": 1, ""other"": 0, ""part_time_work"": 0, ""retired"": 1, ""school_or_kindergarten"": 0, ""student"": 0, ""unemployed_or_not_in_education"": 0}",Detached house,160 m2 or larger,True,1961-1970,False,False,,,,23.0,True,weekday_daytime,True,True,"Yes, manually (turn on and off panel heaters, regulate temperature on thermostats, etc.)",No,,"[""Sometimes, mostly for having it cosy"", ""Only on the coldest days""]",,True,True,,"[""Electricity bill""]","[""Electricity bill""]",Other,True,False,Own electric water heater,"[""What air ventilation system do you have in your home? Natural ventilation (ventilation via windows and air vents)""]",,,,,,True,1,False,,[],[]
iflex,iflex,Exp_290,2,Couple without children living at home,Man,High school / High school level (11-13 years of schooling),NOK 500 000 -799 999,,"{""full_time_work"": 0, ""other"": 0, ""part_time_work"": 0, ""retired"": 2, ""school_or_kindergarten"": 0, ""student"": 0, ""unemployed_or_not_in_education"": 0}",Semi-detached house,120-159 m2,True,1946-1960,False,False,,,,23.0,True,weekday_daytime,True,False,No,No,,"[""Almost every day in winter""]",,False,False,,,,Spot price / Hourly spot,True,,Own electric water heater,"[""What air ventilation system do you have in your home? Natural ventilation (ventilation via windows and air vents)""]",,,,,,True,1,False,,[],"[""age_distribution_inconsistent_with_household_size""]"
iflex,iflex,Exp_58,2,Couple without children living at home,Man,"College / University, higher degree (4 years or more)",NOK 800 000 - 999 999,"{""0_1"": 0, ""16_22"": 0, ""23_29"": 0, ""2_5"": 0, ""30_39"": 0, ""40_49"": 0, ""50_66"": 0, ""67_plus"": 2, ""6_15"": 0}","{""full_time_work"": 0, ""other"": 0, ""part_time_work"": 0, ""retired"": 2, ""school_or_kindergarten"": 0, ""student"": 0, ""unemployed_or_not_in_education"": 0}",Detached house,120-159 m2,True,1901-1920,True,False,,,,21.0,True,weekday_daytime,True,True,"Yes, manually (turn on and off panel heaters, regulate temperature on thermostats, etc.)",No,,"[""Weekly in winter"", ""Almost every day in winter""]",,False,False,,,,Fixed price,True,False,Own electric water heater,"[""What air ventilation system do you have in your home? Natural ventilation (ventilation via windows and air vents)""]",,,,,,True,1,False,,[],[]
iflex,iflex,Exp_291,5,Couple with large children (youngest child 6-17 years),Man,"College / University, higher degree (4 years or more)",NOK 1 500 000 or more,"{""0_1"": 0, ""16_22"": 0, ""23_29"": 0, ""2_5"": 0, ""30_39"": 0, ""40_49"": 2, ""50_66"": 0, ""67_plus"": 0, ""6_15"": 3}","{""full_time_work"": 2, ""other"": 0, ""part_time_work"": 0, ""retired"": 0, ""school_or_kindergarten"": 3, ""student"": 0, ""unemployed_or_not_in_education"": 0}",Detached house,160 m2 or larger,True,1921-1940,True,False,,,,22.0,False,weekday_daytime,True,True,"Yes, automated by time (set schedule in thermostat)",No,,"[""Only on the coldest days""]",,False,False,,,,Spot price / Hourly spot,True,,Own electric water heater,"[""What air ventilation system do you have in your home? Natural ventilation (ventilation via windows and air vents)""]",,,,,,True,2,True,1,"[{""charging_control"": ""No"", ""distance_before_charging_km"": 150.0, ""electric_range_km"": 270.0, ""home_charging_frequency"": ""About once a week"", ""home_charging_method"": ""Standard outlet [10-16A, 1 phase, 2.3 - 3.5 kW]"", ""usual_charging_location"": ""At home on the same electricity meter as the rest of the home"", ""usual_charging_time"": ""Afternoon (1 pm - 5 pm)"", ""vehicle_number"": 1}]",[]
iflex,iflex,Exp_59,1,Living alone,Man,High school / High school level (11-13 years of schooling),,"{""0_1"": 0, ""16_22"": 0, ""23_29"": 0, ""2_5"": 0, ""30_39"": 0, ""40_49"": 0, ""50_66"": 1, ""67_plus"": 0, ""6_15"": 0}","{""full_time_work"": 0, ""other"": 0, ""part_time_work"": 1, ""retired"": 0, ""school_or_kindergarten"": 0, ""student"": 0, ""unemployed_or_not_in_education"": 0}",Semi-detached house,160 m2 or larger,True,1901-1920,True,True,True,,,22.0,False,weekday_daytime,True,True,"Yes, manually (turn on and off panel heaters, regulate temperature on thermostats, etc.)",No,,"[""Only on the coldest days""]",,False,False,,,,Variable price,True,True,Own electric water heater,"[""What air ventilation system do you have in your home? Natural ventilation (ventilation via windows and air vents)""]",,,,,,True,1,False,,[],[]
iflex,iflex,Exp_292,2,Other,Woman,High school / High school level (11-13 years of schooling),,"{""0_1"": 0, ""16_22"": 0, ""23_29"": 0, ""2_5"": 0, ""30_39"": 0, ""40_49"": 0, ""50_66"": 0, ""67_plus"": 2, ""6_15"": 0}","{""full_time_work"": 0, ""other"": 0, ""part_time_work"": 0, ""retired"": 2, ""school_or_kindergarten"": 0, ""student"": 0, ""unemployed_or_not_in_education"": 0}",Detached house,120-159 m2,True,1971-1980,True,True,True,,,20.0,True,weekday_daytime,True,False,No,,,"[""Weekly in winter""]",,True,False,,"[""Electricity bill"", ""Website (e.g. electricity supplier or others)""]",,Variable price,True,True,Shared water heater or district heating,"[""What air ventilation system do you have in your home? Natural ventilation (ventilation via windows and air vents)""]",,,,,,True,2,False,,[],[]
iflex,iflex,Exp_60,1,Living alone,Woman,"College / University, undergraduate degree (1-3 years)",NOK 300 000 - 499 999,"{""0_1"": 0, ""16_22"": 0, ""23_29"": 0, ""2_5"": 0, ""30_39"": 0, ""40_49"": 1, ""50_66"": 0, ""67_plus"": 0, ""6_15"": 0}","{""full_time_work"": 1, ""other"": 0, ""part_time_work"": 0, ""retired"": 0, ""school_or_kindergarten"": 0, ""student"": 0, ""unemployed_or_not_in_education"": 0}",Other type of building,50-59 m2,True,1981-1990,True,False,,,,23.0,False,weekday_daytime,False,True,"Yes, automated by time (set schedule in thermostat)","Yes, manually",,,,False,True,,,"[""Electricity bill""]",Variable price,True,,Own electric water heater,"[""What air ventilation system do you have in your home? Natural ventilation (ventilation via windows and air vents)""]",,,,,,True,1,False,,[],[]
iflex,iflex,Exp_293,1,Couple with small child (youngest child 0-5 years),Man,"College / University, higher degree (4 years or more)",NOK 500 000 -799 999,"{""0_1"": 0, ""16_22"": 0, ""23_29"": 0, ""2_5"": 0, ""30_39"": 0, ""40_49"": 0, ""50_66"": 0, ""67_plus"": 1, ""6_15"": 0}","{""full_time_work"": 0, ""other"": 0, ""part_time_work"": 0, ""retired"": 1, ""school_or_kindergarten"": 0, ""student"": 0, ""unemployed_or_not_in_education"": 0}",Apartment block,100-119 m2,True,2011 or later,False,False,,,,23.0,False,weekday_daytime,True,True,"Yes, manually (turn on and off panel heaters, regulate temperature on thermostats, etc.)",No,,,,True,True,,"[""Electricity bill""]","[""Electricity bill"", ""Media / news""]",Spot price / Hourly spot,True,,Own electric water heater,"[""What air ventilation system do you have in your home? Balanced ventilation system with heat recovery""]",,,,,,True,1,True,1,"[{""charging_control"": null, ""distance_before_charging_km"": 150.0, ""electric_range_km"": 390.0, ""home_charging_frequency"": ""About once a week"", ""home_charging_method"": ""Home charging station 16A, 3 phase [12kW]"", ""usual_charging_location"": ""At home on the same electricity meter as the rest of the home"", ""usual_charging_time"": ""Night (10 pm - 7 am)"", ""vehicle_number"": 1}]",[]
iflex,iflex,Exp_61,2,Couple without children living at home,Woman,"College / University, undergraduate degree (1-3 years)",NOK 1 000 000 - 1 499 999,"{""0_1"": 0, ""16_22"": 0, ""23_29"": 0, ""2_5"": 0, ""30_39"": 0, ""40_49"": 0, ""50_66"": 2, ""67_plus"": 0, ""6_15"": 0}","{""full_time_work"": 2, ""other"": 0, ""part_time_work"": 0, ""retired"": 0, ""school_or_kindergarten"": 0, ""student"": 0, ""unemployed_or_not_in_education"": 0}",Apartment block,80-99 m2,True,2011 or later,False,False,,,,22.0,False,weekday_daytime,True,True,"Yes, manually (turn on and off panel heaters, regulate temperature on thermostats, etc.)",,,,,False,False,,,,Spot price / Hourly spot,True,,Shared water heater or district heating,"[""0"", ""What air ventilation system do you have in your home? Balanced ventilation system with heat recovery""]",,,,,,True,1,False,,[],[]
iflex,iflex,Exp_294,4,Couple with large children (youngest child 6-17 years),Man,"College / University, higher degree (4 years or more)",NOK 300 000 - 499 999,"{""0_1"": 0, ""16_22"": 0, ""23_29"": 0, ""2_5"": 0, ""30_39"": 0, ""40_49"": 2, ""50_66"": 0, ""67_plus"": 0, ""6_15"": 2}","{""full_time_work"": 2, ""other"": 0, ""part_time_work"": 0, ""retired"": 0, ""school_or_kindergarten"": 2, ""student"": 0, ""unemployed_or_not_in_education"": 0}",Detached house,160 m2 or larger,True,1961-1970,True,False,,,,23.0,False,weekday_daytime,False,False,"Yes, manually (turn on and off panel heaters, regulate temperature on thermostats, etc.)",No,,"[""Weekly in winter""]",,False,False,,,,Spot price / Hourly spot,True,False,Own electric water heater,"[""0"", ""What air ventilation system do you have in your home? Balanced ventilation system with heat recovery""]",,,,,,True,1,True,1,"[{""charging_control"": ""No"", ""distance_before_charging_km"": 50.0, ""electric_range_km"": 50.0, ""home_charging_frequency"": ""Daily"", ""home_charging_method"": ""Standard outlet [10-16A, 1 phase, 2.3 - 3.5 kW]"", ""usual_charging_location"": ""At home on the same electricity meter as the rest of the home"", ""usual_charging_time"": ""Afternoon (1 pm - 5 pm)"", ""vehicle_number"": 1}]",[]
iflex,iflex,Exp_62,3,Couple with small child (youngest child 0-5 years),Man,"College / University, higher degree (4 years or more)",NOK 1 000 000 - 1 499 999,"{""0_1"": 0, ""16_22"": 0, ""23_29"": 0, ""2_5"": 1, ""30_39"": 1, ""40_49"": 1, ""50_66"": 0, ""67_plus"": 0, ""6_15"": 0}","{""full_time_work"": 2, ""other"": 0, ""part_time_work"": 0, ""retired"": 0, ""school_or_kindergarten"": 1, ""student"": 0, ""unemployed_or_not_in_education"": 0}","Townhouses, chain houses and other small houses with 3 homes or more",120-159 m2,True,1991-2000,False,False,,,,22.0,True,weekday_daytime,True,True,"Yes, manually (turn on and off panel heaters, regulate temperature on thermostats, etc.)",No,,,,True,False,,"[""Website (e.g. electricity supplier or others)""]",,Spot price / Hourly spot,True,,Own electric water heater,"[""What air ventilation system do you have in your home? Balanced ventilation system with heat recovery""]",,,,,,True,1,True,1,"[{""charging_control"": ""Yes, automated by time"", ""distance_before_charging_km"": 150.0, ""electric_range_km"": 550.0, ""home_charging_frequency"": ""Several times a week"", ""home_charging_method"": ""Charging station 32A, 3 phase [22kW] or higher"", ""usual_charging_location"": ""At home on an additional electricity meter"", ""usual_charging_time"": ""Night (10 pm - 7 am)"", ""vehicle_number"": 1}]",[]
iflex,iflex,Exp_295,5,Couple with large children (youngest child 6-17 years),Man,"College / University, higher degree (4 years or more)",NOK 1 000 000 - 1 499 999,"{""0_1"": 0, ""16_22"": 1, ""23_29"": 0, ""2_5"": 0, ""30_39"": 0, ""40_49"": 1, ""50_66"": 1, ""67_plus"": 0, ""6_15"": 2}","{""full_time_work"": 2, ""other"": 0, ""part_time_work"": 0, ""retired"": 0, ""school_or_kindergarten"": 2, ""student"": 1, ""unemployed_or_not_in_education"": 0}",Detached house,160 m2 or larger,True,2001-2010,False,True,True,,,22.0,True,weekday_daytime,True,True,"Yes, manually (turn on and off panel heaters, regulate temperature on thermostats, etc.)",No,,,,True,True,,"[""App (e.g. electricity supplier or others)""]","[""App (e.g. electricity supplier or others)""]",Spot price / Hourly spot,True,False,Own electric water heater,"[""What air ventilation system do you have in your home? Balanced ventilation system with heat recovery""]",,,,,,True,1,True,1,"[{""charging_control"": ""Yes, manually"", ""distance_before_charging_km"": 80.0, ""electric_range_km"": 100.0, ""home_charging_frequency"": ""Daily"", ""home_charging_method"": ""Home charging station 16A, 3 phase [12kW]"", ""usual_charging_location"": ""At home on the same electricity meter as the rest of the home"", ""usual_charging_time"": ""Night (10 pm - 7 am)"", ""vehicle_number"": 1}]",[]
iflex,iflex,Exp_63,1,Living alone,Man,"College / University, higher degree (4 years or more)",NOK 500 000 -799 999,"{""0_1"": 0, ""16_22"": 0, ""23_29"": 0, ""2_5"": 0, ""30_39"": 0, ""40_49"": 0, ""50_66"": 0, ""67_plus"": 1, ""6_15"": 0}","{""full_time_work"": 0, ""other"": 0, ""part_time_work"": 0, ""retired"": 1, ""school_or_kindergarten"": 0, ""student"": 0, ""unemployed_or_not_in_education"": 0}",Apartment block,60-79 m2,True,1946-1960,False,False,,,,21.0,True,weekday_daytime,True,False,"Yes, manually (turn on and off panel heaters, regulate temperature on thermostats, etc.)",,,,,False,True,,,"[""Electricity bill""]",Spot price / Hourly spot,True,,Heat pump,"[""What air ventilation system do you have in your home? Natural ventilation (ventilation via windows and air vents)""]",,,,,,True,1,False,,[],[]
iflex,iflex,Exp_296,4,Couple with large children (youngest child 6-17 years),Man,"College / University, higher degree (4 years or more)",NOK 1 500 000 or more,"{""0_1"": 0, ""16_22"": 1, ""23_29"": 0, ""2_5"": 0, ""30_39"": 0, ""40_49"": 2, ""50_66"": 0, ""67_plus"": 0, ""6_15"": 1}","{""full_time_work"": 2, ""other"": 0, ""part_time_work"": 0, ""retired"": 0, ""school_or_kindergarten"": 2, ""student"": 0, ""unemployed_or_not_in_education"": 0}",Detached house,160 m2 or larger,True,1961-1970,True,False,,,,22.0,False,weekday_daytime,True,False,No,No,,"[""Almost every day in winter""]",,False,False,,,,Spot price / Hourly spot,True,False,Own electric water heater,"[""What air ventilation system do you have in your home? Natural ventilation (ventilation via windows and air vents)""]",,,,,,True,3,True,1,"[{""charging_control"": ""No"", ""distance_before_charging_km"": 100.0, ""electric_range_km"": 110.0, ""home_charging_frequency"": ""Several times a week"", ""home_charging_method"": ""Standard outlet [10-16A, 1 phase, 2.3 - 3.5 kW]"", ""usual_charging_location"": ""At home on the same electricity meter as the rest of the home"", ""usual_charging_time"": ""Night (10 pm - 7 am)"", ""vehicle_number"": 1}]",[]
iflex,iflex,Exp_64,2,Couple without children living at home,Man,"College / University, higher degree (4 years or more)",NOK 1 000 000 - 1 499 999,"{""0_1"": 0, ""16_22"": 0, ""23_29"": 0, ""2_5"": 0, ""30_39"": 2, ""40_49"": 0, ""50_66"": 0, ""67_plus"": 0, ""6_15"": 0}","{""full_time_work"": 2, ""other"": 0, ""part_time_work"": 0, ""retired"": 0, ""school_or_kindergarten"": 0, ""student"": 0, ""unemployed_or_not_in_education"": 0}",Apartment block,60-79 m2,True,1946-1960,True,False,,,,21.0,False,weekday_daytime,True,True,"Yes, automated by time (set schedule in thermostat)",No,,"[""Weekly in winter""]",,True,False,,"[""Electricity bill""]",,Spot price / Hourly spot,True,False,Own electric water heater,"[""What air ventilation system do you have in your home? Natural ventilation (ventilation via windows and air vents)""]",,,,,,True,1,False,,[],[]
iflex,iflex,Exp_297,4,Multi-family household with large children (youngest child 6-17 years),Man,"College / University, higher degree (4 years or more)",NOK 1 500 000 or more,"{""0_1"": 0, ""16_22"": 2, ""23_29"": 0, ""2_5"": 0, ""30_39"": 0, ""40_49"": 0, ""50_66"": 2, ""67_plus"": 0, ""6_15"": 0}","{""full_time_work"": 2, ""other"": 0, ""part_time_work"": 1, ""retired"": 0, ""school_or_kindergarten"": 0, ""student"": 1, ""unemployed_or_not_in_education"": 0}",Detached house,160 m2 or larger,True,2001-2010,False,True,True,,,22.0,True,weekday_daytime,False,True,"Yes, automated by time (set schedule in thermostat)",No,,"[""Almost every day in winter""]",,True,True,,"[""Website (e.g. electricity supplier or others)""]","[""Electricity bill""]",Spot price / Hourly spot,True,,Own electric water heater,"[""What air ventilation system do you have in your home? Natural ventilation (ventilation via windows and air vents)"", ""What air ventilation system do you have in your home? Mechanical ventilation manually controlled""]",,,,,,True,1,True,1,"[{""charging_control"": ""No"", ""distance_before_charging_km"": 300.0, ""electric_range_km"": 300.0, ""home_charging_frequency"": ""Daily"", ""home_charging_method"": ""Standard outlet [10-16A, 1 phase, 2.3 - 3.5 kW]"", ""usual_charging_location"": ""At home on the same electricity meter as the rest of the home"", ""usual_charging_time"": ""Night (10 pm - 7 am)"", ""vehicle_number"": 1}]",[]
iflex,iflex,Exp_66,4,Mother/father with small children (youngest child 0-5 years),Man,"College / University, higher degree (4 years or more)",NOK 1 000 000 - 1 499 999,"{""0_1"": 0, ""16_22"": 0, ""23_29"": 0, ""2_5"": 1, ""30_39"": 1, ""40_49"": 1, ""50_66"": 0, ""67_plus"": 0, ""6_15"": 1}","{""full_time_work"": 2, ""other"": 0, ""part_time_work"": 0, ""retired"": 0, ""school_or_kindergarten"": 2, ""student"": 0, ""unemployed_or_not_in_education"": 0}","Townhouses, chain houses and other small houses with 3 homes or more",120-159 m2,True,1961-1970,True,False,,,,20.0,False,weekday_daytime,True,False,"Yes, automated by time (set schedule in thermostat)",No,,"[""Only on the coldest days""]",,True,False,,"[""Electricity bill""]",,Spot price / Hourly spot,True,,Own electric water heater,"[""What air ventilation system do you have in your home? Mechanical ventilation manually controlled""]",,,,,,True,1,True,1,"[{""charging_control"": ""Yes, manually"", ""distance_before_charging_km"": 10.0, ""electric_range_km"": 500.0, ""home_charging_frequency"": ""Daily"", ""home_charging_method"": ""Standard outlet [10-16A, 1 phase, 2.3 - 3.5 kW]"", ""usual_charging_location"": ""Not at home (at work, street charging, public stations, other places)"", ""usual_charging_time"": ""Morning (7 am - 1 pm)"", ""vehicle_number"": 1}]",[]
iflex,iflex,Exp_298,4,Mother/father with small children (youngest child 0-5 years),Man,"College / University, undergraduate degree (1-3 years)",NOK 800 000 - 999 999,"{""0_1"": 0, ""16_22"": 0, ""23_29"": 0, ""2_5"": 1, ""30_39"": 0, ""40_49"": 2, ""50_66"": 0, ""67_plus"": 0, ""6_15"": 1}","{""full_time_work"": 2, ""other"": 0, ""part_time_work"": 0, ""retired"": 0, ""school_or_kindergarten"": 2, ""student"": 0, ""unemployed_or_not_in_education"": 0}",Semi-detached house,80-99 m2,True,1900 or earlier,True,False,,,,22.0,False,weekday_daytime,True,False,No,No,,,,False,True,,,"[""Website (e.g. electricity supplier or others)"", ""Media / news""]",Spot price / Hourly spot,True,,Own electric water heater,"[""What air ventilation system do you have in your home? Natural ventilation (ventilation via windows and air vents)""]",,,,,,True,2,False,,[],[]
iflex,iflex,Exp_67,4,Couple with large children (youngest child 6-17 years),Man,"College / University, higher degree (4 years or more)",NOK 1 500 000 or more,"{""0_1"": 0, ""16_22"": 0, ""23_29"": 0, ""2_5"": 0, ""30_39"": 1, ""40_49"": 1, ""50_66"": 0, ""67_plus"": 0, ""6_15"": 2}","{""full_time_work"": 2, ""other"": 0, ""part_time_work"": 0, ""retired"": 0, ""school_or_kindergarten"": 2, ""student"": 0, ""unemployed_or_not_in_education"": 0}",Semi-detached house,160 m2 or larger,True,1991-2000,True,False,,,,21.0,False,weekday_daytime,True,True,"Yes, manually (turn on and off panel heaters, regulate temperature on thermostats, etc.)",No,,"[""Almost every day in winter""]",,True,False,,"[""App (e.g. electricity supplier or others)""]",,Spot price / Hourly spot,True,,Own electric water heater,"[""What air ventilation system do you have in your home? Natural ventilation (ventilation via windows and air vents)""]",,,,,,True,2,True,1,"[{""charging_control"": ""No"", ""distance_before_charging_km"": 150.0, ""electric_range_km"": 300.0, ""home_charging_frequency"": ""Several times a week"", ""home_charging_method"": ""Standard outlet [10-16A, 1 phase, 2.3 - 3.5 kW]"", ""usual_charging_location"": ""At home on the same electricity meter as the rest of the home"", ""usual_charging_time"": ""Night (10 pm - 7 am)"", ""vehicle_number"": 1}]",[]
iflex,iflex,Exp_299,2,Couple without children living at home,Man,High school / High school level (11-13 years of schooling),NOK 1 000 000 - 1 499 999,"{""0_1"": 0, ""16_22"": 0, ""23_29"": 0, ""2_5"": 0, ""30_39"": 2, ""40_49"": 0, ""50_66"": 0, ""67_plus"": 0, ""6_15"": 0}","{""full_time_work"": 2, ""other"": 0, ""part_time_work"": 0, ""retired"": 0, ""school_or_kindergarten"": 0, ""student"": 0, ""unemployed_or_not_in_education"": 0}","Townhouses, chain houses and other small houses with 3 homes or more",120-159 m2,True,1971-1980,True,False,,,,23.0,True,weekday_daytime,True,False,No,No,,,,True,True,,"[""App (e.g. electricity supplier or others)""]","[""App (e.g. electricity supplier or others)""]",Spot price / Hourly spot,True,True,Own electric water heater,"[""What air ventilation system do you have in your home? Natural ventilation (ventilation via windows and air vents)""]",,,,,,True,1,False,,[],[]
iflex,iflex,Exp_68,1,Living alone,Man,"College / University, undergraduate degree (1-3 years)",NOK 500 000 -799 999,"{""0_1"": 0, ""16_22"": 0, ""23_29"": 0, ""2_5"": 0, ""30_39"": 0, ""40_49"": 0, ""50_66"": 0, ""67_plus"": 1, ""6_15"": 0}","{""full_time_work"": 0, ""other"": 0, ""part_time_work"": 0, ""retired"": 1, ""school_or_kindergarten"": 0, ""student"": 0, ""unemployed_or_not_in_education"": 0}",Apartment block,80-99 m2,True,1981-1990,True,False,,,,22.0,True,weekday_daytime,False,True,"Yes, manually (turn on and off panel heaters, regulate temperature on thermostats, etc.)",,,,,False,False,,,,Spot price / Hourly spot,True,False,Shared water heater or district heating,"[""0"", ""What air ventilation system do you have in your home? Mechanical ventilation manually controlled""]",,,,,,True,2,True,1,"[{""charging_control"": ""Yes, manually"", ""distance_before_charging_km"": 30.0, ""electric_range_km"": 50.0, ""home_charging_frequency"": ""Daily"", ""home_charging_method"": ""Home charging station 16A, 3 phase [12kW]"", ""usual_charging_location"": ""At home on an additional electricity meter"", ""usual_charging_time"": ""Afternoon (1 pm - 5 pm)"", ""vehicle_number"": 1}]",[]
iflex,iflex,Exp_300,2,Couple without children living at home,Man,"College / University, undergraduate degree (1-3 years)",NOK 1 000 000 - 1 499 999,"{""0_1"": 0, ""16_22"": 0, ""23_29"": 0, ""2_5"": 0, ""30_39"": 0, ""40_49"": 0, ""50_66"": 2, ""67_plus"": 0, ""6_15"": 0}","{""full_time_work"": 1, ""other"": 0, ""part_time_work"": 0, ""retired"": 1, ""school_or_kindergarten"": 0, ""student"": 0, ""unemployed_or_not_in_education"": 0}",Detached house,160 m2 or larger,True,1971-1980,True,True,True,,,22.0,True,weekday_daytime,True,True,No,No,,"[""Almost every day in winter""]",,False,False,,,,Spot price / Hourly spot,True,,Own electric water heater,"[""What air ventilation system do you have in your home? Natural ventilation (ventilation via windows and air vents)""]",,,,,,True,2,True,1,"[{""charging_control"": ""No"", ""distance_before_charging_km"": 30.0, ""electric_range_km"": 460.0, ""home_charging_frequency"": ""About once a week"", ""home_charging_method"": ""Charging station 32A, 3 phase [22kW] or higher"", ""usual_charging_location"": ""At home on the same electricity meter as the rest of the home"", ""usual_charging_time"": ""Night (10 pm - 7 am)"", ""vehicle_number"": 1}]",[]
iflex,iflex,Exp_69,2,Single-family households with adult children (youngest child 18 years or older),Man,"College / University, higher degree (4 years or more)",NOK 1 500 000 or more,"{""0_1"": 0, ""16_22"": 0, ""23_29"": 0, ""2_5"": 0, ""30_39"": 0, ""40_49"": 0, ""50_66"": 2, ""67_plus"": 0, ""6_15"": 0}","{""full_time_work"": 2, ""other"": 0, ""part_time_work"": 0, ""retired"": 0, ""school_or_kindergarten"": 0, ""student"": 0, ""unemployed_or_not_in_education"": 0}",Detached house,160 m2 or larger,True,1981-1990,False,False,,,,22.0,False,weekday_daytime,True,False,No,,,"[""Sometimes, mostly for having it cosy""]",,False,False,,,,Spot price / Hourly spot,True,False,Shared water heater or district heating,"[""What air ventilation system do you have in your home? Natural ventilation (ventilation via windows and air vents)"", ""What air ventilation system do you have in your home? Mechanical ventilation manually controlled""]",,,,,,True,2,True,1,"[{""charging_control"": ""No"", ""distance_before_charging_km"": 30.0, ""electric_range_km"": 47.0, ""home_charging_frequency"": ""About once a week"", ""home_charging_method"": ""Charging station 32A, 3 phase [22kW] or higher"", ""usual_charging_location"": ""At home on the same electricity meter as the rest of the home"", ""usual_charging_time"": ""Night (10 pm - 7 am)"", ""vehicle_number"": 1}]",[]
iflex,iflex,Exp_301,2,Couple without children living at home,Man,"College / University, higher degree (4 years or more)",NOK 300 000 - 499 999,"{""0_1"": 0, ""16_22"": 0, ""23_29"": 0, ""2_5"": 0, ""30_39"": 0, ""40_49"": 0, ""50_66"": 0, ""67_plus"": 2, ""6_15"": 0}","{""full_time_work"": 0, ""other"": 0, ""part_time_work"": 0, ""retired"": 2, ""school_or_kindergarten"": 0, ""student"": 0, ""unemployed_or_not_in_education"": 0}",Detached house,120-159 m2,True,1981-1990,True,False,,,,22.0,True,weekday_daytime,True,True,"Yes, manually (turn on and off panel heaters, regulate temperature on thermostats, etc.)",,,"[""Sometimes, mostly for having it cosy""]",,False,False,,,,,True,False,Heat pump,"[""0"", ""What air ventilation system do you have in your home? Mechanical ventilation manually controlled""]",,,,,,True,1,True,1,"[{""charging_control"": ""Yes, manually"", ""distance_before_charging_km"": 30.0, ""electric_range_km"": 150.0, ""home_charging_frequency"": ""About once a week"", ""home_charging_method"": ""Home charging station 16A, 3 phase [12kW]"", ""usual_charging_location"": ""At home on the same electricity meter as the rest of the home"", ""usual_charging_time"": ""Night (10 pm - 7 am)"", ""vehicle_number"": 1}]",[]
iflex,iflex,Exp_70,3,Couple with small child (youngest child 0-5 years),Man,"College / University, higher degree (4 years or more)",NOK 1 500 000 or more,"{""0_1"": 1, ""16_22"": 0, ""23_29"": 2, ""2_5"": 0, ""30_39"": 0, ""40_49"": 0, ""50_66"": 0, ""67_plus"": 0, ""6_15"": 0}","{""full_time_work"": 2, ""other"": 0, ""part_time_work"": 0, ""retired"": 0, ""school_or_kindergarten"": 0, ""student"": 0, ""unemployed_or_not_in_education"": 0}",Detached house,160 m2 or larger,True,2011 or later,False,False,,,,22.0,False,weekday_daytime,True,True,"Yes, manually (turn on and off panel heaters, regulate temperature on thermostats, etc.)",No,,"[""Sometimes, mostly for having it cosy""]",,True,True,,"[""App (e.g. electricity supplier or others)""]","[""App (e.g. electricity supplier or others)""]",Spot price / Hourly spot,True,True,Own electric water heater,"[""What air ventilation system do you have in your home? Balanced ventilation system with heat recovery""]",,,,,,True,1,False,,[],[]
iflex,iflex,Exp_302,3,Other,Man,"College / University, higher degree (4 years or more)",NOK 1 500 000 or more,"{""0_1"": 0, ""16_22"": 1, ""23_29"": 0, ""2_5"": 0, ""30_39"": 0, ""40_49"": 0, ""50_66"": 2, ""67_plus"": 0, ""6_15"": 0}","{""full_time_work"": 2, ""other"": 0, ""part_time_work"": 0, ""retired"": 0, ""school_or_kindergarten"": 0, ""student"": 1, ""unemployed_or_not_in_education"": 0}",Detached house,160 m2 or larger,True,1961-1970,True,False,,,,20.0,True,weekday_daytime,True,False,"Yes, manually (turn on and off panel heaters, regulate temperature on thermostats, etc.)",,,"[""Weekly in winter""]",,True,False,,"[""Electricity bill""]",,Spot price / Hourly spot,True,,Heat pump,"[""What air ventilation system do you have in your home? Natural ventilation (ventilation via windows and air vents)"", ""What air ventilation system do you have in your home? Mechanical ventilation manually controlled""]",,,,,,True,2,False,,[],[]
iflex,iflex,Exp_72,3,Single-family households with adult children (youngest child 18 years or older),Man,"College / University, higher degree (4 years or more)",NOK 1 500 000 or more,"{""0_1"": 0, ""16_22"": 0, ""23_29"": 1, ""2_5"": 0, ""30_39"": 0, ""40_49"": 0, ""50_66"": 2, ""67_plus"": 0, ""6_15"": 0}","{""full_time_work"": 2, ""other"": 0, ""part_time_work"": 0, ""retired"": 0, ""school_or_kindergarten"": 0, ""student"": 1, ""unemployed_or_not_in_education"": 0}",Detached house,160 m2 or larger,True,1921-1940,True,False,,,,21.0,False,weekday_daytime,True,True,"Yes, manually (turn on and off panel heaters, regulate temperature on thermostats, etc.)",No,,"[""Almost every day in winter""]",,True,False,,"[""Website (e.g. electricity supplier or others)"", ""App (e.g. electricity supplier or others)""]",,Spot price / Hourly spot,True,False,Own electric water heater,"[""What air ventilation system do you have in your home? Natural ventilation (ventilation via windows and air vents)""]",,,,,,True,3,False,,[],[]
iflex,iflex,Exp_303,2,Multi-family household with small children (youngest child 0-5 years),Woman,High school / High school level (11-13 years of schooling),NOK 500 000 -799 999,"{""0_1"": 0, ""16_22"": 0, ""23_29"": 0, ""2_5"": 0, ""30_39"": 0, ""40_49"": 0, ""50_66"": 2, ""67_plus"": 0, ""6_15"": 0}","{""full_time_work"": 0, ""other"": 0, ""part_time_work"": 0, ""retired"": 2, ""school_or_kindergarten"": 0, ""student"": 0, ""unemployed_or_not_in_education"": 0}","Townhouses, chain houses and other small houses with 3 homes or more",100-119 m2,True,1946-1960,True,False,,,,22.0,True,weekday_daytime,True,True,"Yes, manually (turn on and off panel heaters, regulate temperature on thermostats, etc.)",No,,"[""Only on the coldest days""]",,True,False,,"[""Electricity bill"", ""Website (e.g. electricity supplier or others)""]",,,True,,Own electric water heater,"[""What air ventilation system do you have in your home? Natural ventilation (ventilation via windows and air vents)""]",,,,,,True,1,False,,[],[]
iflex,iflex,Exp_74,4,Couple with small child (youngest child 0-5 years),Man,"College / University, undergraduate degree (1-3 years)",NOK 1 000 000 - 1 499 999,"{""0_1"": 0, ""16_22"": 0, ""23_29"": 0, ""2_5"": 2, ""30_39"": 0, ""40_49"": 1, ""50_66"": 1, ""67_plus"": 0, ""6_15"": 0}","{""full_time_work"": 2, ""other"": 0, ""part_time_work"": 0, ""retired"": 0, ""school_or_kindergarten"": 2, ""student"": 0, ""unemployed_or_not_in_education"": 0}",Detached house,160 m2 or larger,True,1981-1990,False,True,True,,,22.0,True,weekday_daytime,True,False,"Yes, automated by time (set schedule in thermostat)",No,,"[""Almost every day in winter""]",,False,True,,,"[""Electricity bill""]",Spot price / Hourly spot,True,,Own electric water heater,"[""What air ventilation system do you have in your home? Natural ventilation (ventilation via windows and air vents)""]",,,,,,True,2,False,,[],[]
iflex,iflex,Exp_304,2,Couple without children living at home,Man,"College / University, undergraduate degree (1-3 years)",,"{""0_1"": 0, ""16_22"": 0, ""23_29"": 0, ""2_5"": 0, ""30_39"": 0, ""40_49"": 0, ""50_66"": 2, ""67_plus"": 0, ""6_15"": 0}","{""full_time_work"": 2, ""other"": 0, ""part_time_work"": 0, ""retired"": 0, ""school_or_kindergarten"": 0, ""student"": 0, ""unemployed_or_not_in_education"": 0}",Detached house,160 m2 or larger,True,1991-2000,True,False,,,,24.0,False,weekday_daytime,True,False,"Yes, manually (turn on and off panel heaters, regulate temperature on thermostats, etc.)",,,"[""Sometimes, mostly for having it cosy""]",,True,False,,"[""Electricity bill"", ""Website (e.g. electricity supplier or others)""]",,Other,True,,Heat pump,"[""What air ventilation system do you have in your home? Mechanical ventilation manually controlled""]",,,,,,True,2,True,1,"[{""charging_control"": ""Yes, manually"", ""distance_before_charging_km"": 90.0, ""electric_range_km"": 200.0, ""home_charging_frequency"": ""Daily"", ""home_charging_method"": ""Home charging station 16A, 3 phase [12kW]"", ""usual_charging_location"": ""At home on the same electricity meter as the rest of the home"", ""usual_charging_time"": ""Night (10 pm - 7 am)"", ""vehicle_number"": 1}]",[]
iflex,iflex,Exp_76,1,Living alone,Man,"College / University, undergraduate degree (1-3 years)",NOK 300 000 - 499 999,"{""0_1"": 0, ""16_22"": 0, ""23_29"": 0, ""2_5"": 0, ""30_39"": 0, ""40_49"": 0, ""50_66"": 1, ""67_plus"": 0, ""6_15"": 0}","{""full_time_work"": 0, ""other"": 0, ""part_time_work"": 0, ""retired"": 1, ""school_or_kindergarten"": 0, ""student"": 0, ""unemployed_or_not_in_education"": 0}",Detached house,120-159 m2,True,2001-2010,False,False,,,,20.0,True,weekday_daytime,True,False,No,No,,"[""Almost every day in winter""]",,False,False,,,,,True,,Own electric water heater,"[""0"", ""What air ventilation system do you have in your home? Balanced ventilation system with heat recovery""]",,,,,,True,1,True,1,"[{""charging_control"": ""Yes, manually"", ""distance_before_charging_km"": 28.0, ""electric_range_km"": 30.0, ""home_charging_frequency"": ""Several times a week"", ""home_charging_method"": ""Standard outlet [10-16A, 1 phase, 2.3 - 3.5 kW]"", ""usual_charging_location"": ""At home on the same electricity meter as the rest of the home"", ""usual_charging_time"": ""Evening (5 pm - 10 pm)"", ""vehicle_number"": 1}]",[]
iflex,iflex,Exp_305,1,Living alone,Woman,High school / High school level (11-13 years of schooling),NOK 500 000 -799 999,"{""0_1"": 0, ""16_22"": 0, ""23_29"": 0, ""2_5"": 0, ""30_39"": 0, ""40_49"": 0, ""50_66"": 1, ""67_plus"": 0, ""6_15"": 0}","{""full_time_work"": 1, ""other"": 0, ""part_time_work"": 0, ""retired"": 0, ""school_or_kindergarten"": 0, ""student"": 0, ""unemployed_or_not_in_education"": 0}",Apartment block,100-119 m2,True,2011 or later,False,False,,,,20.0,True,weekday_daytime,True,False,"Yes, manually (turn on and off panel heaters, regulate temperature on thermostats, etc.)",No,,,,False,False,,,,Fixed price,True,False,Own electric water heater,"[""0"", ""What air ventilation system do you have in your home? Balanced ventilation system with heat recovery""]",,,,,,True,1,False,,[],[]
iflex,iflex,Exp_77,1,Living alone,Man,Primary school (up to 10 years of schooling),NOK 300 000 - 499 999,"{""0_1"": 0, ""16_22"": 0, ""23_29"": 0, ""2_5"": 0, ""30_39"": 0, ""40_49"": 0, ""50_66"": 1, ""67_plus"": 0, ""6_15"": 0}","{""full_time_work"": 0, ""other"": 0, ""part_time_work"": 0, ""retired"": 1, ""school_or_kindergarten"": 0, ""student"": 0, ""unemployed_or_not_in_education"": 0}",Detached house,120-159 m2,True,1921-1940,False,False,,,,19.0,True,weekday_daytime,True,True,"Yes, manually (turn on and off panel heaters, regulate temperature on thermostats, etc.)",No,,"[""Almost every day in winter""]",,True,False,,"[""App (e.g. electricity supplier or others)""]",,,True,,Own electric water heater,"[""What air ventilation system do you have in your home? Natural ventilation (ventilation via windows and air vents)""]",,,,,,True,2,False,,[],[]
iflex,iflex,Exp_308,4,Couple with large children (youngest child 6-17 years),Man,"College / University, higher degree (4 years or more)",NOK 1 500 000 or more,"{""0_1"": 0, ""16_22"": 1, ""23_29"": 0, ""2_5"": 0, ""30_39"": 0, ""40_49"": 0, ""50_66"": 2, ""67_plus"": 0, ""6_15"": 1}","{""full_time_work"": 2, ""other"": 0, ""part_time_work"": 0, ""retired"": 0, ""school_or_kindergarten"": 1, ""student"": 1, ""unemployed_or_not_in_education"": 0}",Detached house,160 m2 or larger,True,1981-1990,True,False,,,,20.0,False,weekday_daytime,True,True,"Yes, manually (turn on and off panel heaters, regulate temperature on thermostats, etc.)",No,,"[""Almost every day in winter""]",,True,True,,"[""Electricity bill""]","[""Electricity bill""]",Spot price / Hourly spot,True,True,Own electric water heater,"[""What air ventilation system do you have in your home? Natural ventilation (ventilation via windows and air vents)""]",,,,,,True,2,True,1,"[{""charging_control"": ""No"", ""distance_before_charging_km"": 100.0, ""electric_range_km"": 200.0, ""home_charging_frequency"": ""Daily"", ""home_charging_method"": ""Charging station 32A, 3 phase [22kW] or higher"", ""usual_charging_location"": ""At home on the same electricity meter as the rest of the home"", ""usual_charging_time"": ""Evening (5 pm - 10 pm)"", ""vehicle_number"": 1}]",[]
iflex,iflex,Exp_78,2,Couple without children living at home,Man,Primary school (up to 10 years of schooling),NOK 1 500 000 or more,"{""0_1"": 0, ""16_22"": 0, ""23_29"": 0, ""2_5"": 0, ""30_39"": 0, ""40_49"": 0, ""50_66"": 2, ""67_plus"": 0, ""6_15"": 0}","{""full_time_work"": 2, ""other"": 0, ""part_time_work"": 0, ""retired"": 0, ""school_or_kindergarten"": 0, ""student"": 0, ""unemployed_or_not_in_education"": 0}",Detached house,160 m2 or larger,True,1971-1980,True,False,,,,23.0,False,weekday_daytime,True,True,"Yes, automated by time (set schedule in thermostat)",No,,"[""Weekly in winter""]",,False,False,,,,Spot price / Hourly spot,True,,Own electric water heater,"[""What air ventilation system do you have in your home? Natural ventilation (ventilation via windows and air vents)""]",,,,,,True,2,True,2,"[{""charging_control"": ""Yes, automated by time"", ""distance_before_charging_km"": 20.0, ""electric_range_km"": 36.0, ""home_charging_frequency"": ""Daily"", ""home_charging_method"": ""Standard outlet [10-16A, 1 phase, 2.3 - 3.5 kW]"", ""usual_charging_location"": ""At home on the same electricity meter as the rest of the home"", ""usual_charging_time"": ""Night (10 pm - 7 am)"", ""vehicle_number"": 1}, {""charging_control"": null, ""distance_before_charging_km"": 1.0, ""electric_range_km"": 0.0, ""home_charging_frequency"": null, ""home_charging_method"": null, ""usual_charging_location"": ""At home on the same electricity meter as the rest of the home"", ""usual_charging_time"": null, ""vehicle_number"": 2}]",[]
iflex,iflex,Exp_309,2,Couple without children living at home,Man,"College / University, higher degree (4 years or more)",,,"{""full_time_work"": null, ""other"": 0, ""part_time_work"": 0, ""retired"": 0, ""school_or_kindergarten"": 0, ""student"": 0, ""unemployed_or_not_in_education"": 0}","Townhouses, chain houses and other small houses with 3 homes or more",160 m2 or larger,True,1971-1980,True,False,,,,20.0,False,weekday_daytime,True,False,No,No,,,,True,False,,"[""Website (e.g. electricity supplier or others)"", ""App (e.g. electricity supplier or others)""]",,Spot price / Hourly spot,True,True,Own electric water heater,"[""What air ventilation system do you have in your home? Mechanical ventilation manually controlled""]",,,,,,True,2,True,1,"[{""charging_control"": ""No"", ""distance_before_charging_km"": 50.0, ""electric_range_km"": 190.0, ""home_charging_frequency"": ""Several times a week"", ""home_charging_method"": ""Home charging station 16A, 3 phase [12kW]"", ""usual_charging_location"": ""At home on a shared electricity meter with other homes"", ""usual_charging_time"": ""Afternoon (1 pm - 5 pm)"", ""vehicle_number"": 1}]","[""age_distribution_inconsistent_with_household_size"", ""life_status_count_exceeds_household_size""]"
iflex,iflex,Exp_79,2,Couple without children living at home,Man,"College / University, higher degree (4 years or more)",,"{""0_1"": 0, ""16_22"": 0, ""23_29"": 0, ""2_5"": 0, ""30_39"": 0, ""40_49"": 0, ""50_66"": 0, ""67_plus"": 2, ""6_15"": 0}","{""full_time_work"": 0, ""other"": 0, ""part_time_work"": 0, ""retired"": 2, ""school_or_kindergarten"": 0, ""student"": 0, ""unemployed_or_not_in_education"": 0}",Detached house,160 m2 or larger,True,1981-1990,False,False,,,,21.0,True,weekday_daytime,True,True,"Yes, manually (turn on and off panel heaters, regulate temperature on thermostats, etc.)",No,,"[""Sometimes, mostly for having it cosy""]",,True,False,,"[""Electricity bill""]",,Spot price / Hourly spot,True,False,Own electric water heater,"[""What air ventilation system do you have in your home? Natural ventilation (ventilation via windows and air vents)""]",,,,,,True,1,False,,[],[]
iflex,iflex,Exp_311,3,Single-family households with adult children (youngest child 18 years or older),Man,High school / High school level (11-13 years of schooling),NOK 1 000 000 - 1 499 999,"{""0_1"": 0, ""16_22"": 1, ""23_29"": 0, ""2_5"": 0, ""30_39"": 0, ""40_49"": 0, ""50_66"": 2, ""67_plus"": 0, ""6_15"": 0}","{""full_time_work"": 2, ""other"": 0, ""part_time_work"": 0, ""retired"": 0, ""school_or_kindergarten"": 0, ""student"": 1, ""unemployed_or_not_in_education"": 0}",Detached house,160 m2 or larger,True,1921-1940,True,False,,,,22.0,False,weekday_daytime,False,False,"Yes, manually (turn on and off panel heaters, regulate temperature on thermostats, etc.)",No,,,,True,True,,"[""Electricity bill"", ""Other:""]","[""Electricity bill"", ""Website (e.g. electricity supplier or others)""]",Spot price / Hourly spot,True,,Own electric water heater,"[""What air ventilation system do you have in your home? Natural ventilation (ventilation via windows and air vents)""]",,,,,,True,2,True,1,"[{""charging_control"": ""Yes, manually"", ""distance_before_charging_km"": 100.0, ""electric_range_km"": 200.0, ""home_charging_frequency"": ""Several times a week"", ""home_charging_method"": ""Home charging station 16A, 3 phase [12kW]"", ""usual_charging_location"": ""At home on the same electricity meter as the rest of the home"", ""usual_charging_time"": ""Afternoon (1 pm - 5 pm)"", ""vehicle_number"": 1}]",[]
iflex,iflex,Exp_81,5,Couple with large children (youngest child 6-17 years),Man,"College / University, higher degree (4 years or more)",NOK 1 000 000 - 1 499 999,"{""0_1"": 0, ""16_22"": 1, ""23_29"": 0, ""2_5"": 0, ""30_39"": 0, ""40_49"": 2, ""50_66"": 0, ""67_plus"": 0, ""6_15"": 2}","{""full_time_work"": 2, ""other"": 0, ""part_time_work"": 0, ""retired"": 0, ""school_or_kindergarten"": 2, ""student"": 1, ""unemployed_or_not_in_education"": 0}",Detached house,160 m2 or larger,True,2011 or later,False,True,True,,,21.0,False,weekday_daytime,False,False,No,,,"[""Weekly in winter""]",,False,True,,,"[""Website (e.g. electricity supplier or others)""]",Spot price / Hourly spot,True,False,Heat pump,"[""0"", ""What air ventilation system do you have in your home? Balanced ventilation system with heat recovery""]",,,,,,True,1,True,1,"[{""charging_control"": ""No"", ""distance_before_charging_km"": 200.0, ""electric_range_km"": 500.0, ""home_charging_frequency"": ""Several times a week"", ""home_charging_method"": ""Home charging station 16A, 3 phase [12kW]"", ""usual_charging_location"": ""At home on the same electricity meter as the rest of the home"", ""usual_charging_time"": ""Afternoon (1 pm - 5 pm)"", ""vehicle_number"": 1}]",[]
iflex,iflex,Exp_315,1,Living alone,Woman,"College / University, undergraduate degree (1-3 years)",NOK 300 000 - 499 999,"{""0_1"": 0, ""16_22"": 0, ""23_29"": 0, ""2_5"": 0, ""30_39"": 1, ""40_49"": 0, ""50_66"": 0, ""67_plus"": 0, ""6_15"": 0}","{""full_time_work"": 0, ""other"": 0, ""part_time_work"": 1, ""retired"": 0, ""school_or_kindergarten"": 0, ""student"": 0, ""unemployed_or_not_in_education"": 0}",Apartment block,30-49 m2,True,1921-1940,True,False,,,,25.0,False,weekday_daytime,False,True,"Yes, manually (turn on and off panel heaters, regulate temperature on thermostats, etc.)",No,,,,False,False,,,,,True,,Own electric water heater,"[""What air ventilation system do you have in your home? Natural ventilation (ventilation via windows and air vents)""]",,,,,,False,,,,,[]
iflex,iflex,Exp_82,5,Couple with large children (youngest child 6-17 years),Woman,"College / University, undergraduate degree (1-3 years)",NOK 1 000 000 - 1 499 999,"{""0_1"": 0, ""16_22"": 2, ""23_29"": 0, ""2_5"": 0, ""30_39"": 0, ""40_49"": 2, ""50_66"": 0, ""67_plus"": 0, ""6_15"": 1}","{""full_time_work"": 1, ""other"": 0, ""part_time_work"": 1, ""retired"": 0, ""school_or_kindergarten"": 3, ""student"": 0, ""unemployed_or_not_in_education"": 0}",Detached house,160 m2 or larger,True,1946-1960,True,False,,,,20.0,False,weekday_daytime,True,True,"Yes, automated by time (set schedule in thermostat)",No,,"[""Sometimes, mostly for having it cosy"", ""Only on the coldest days"", ""Weekly in winter""]",,False,False,,,,,True,False,Own electric water heater,"[""What air ventilation system do you have in your home? Natural ventilation (ventilation via windows and air vents)""]",,,,,,True,1,False,,[],[]
iflex,iflex,Exp_318,3,Mother/father with large children (youngest child 6-17 years),Man,High school / High school level (11-13 years of schooling),NOK 1 000 000 - 1 499 999,"{""0_1"": 0, ""16_22"": 0, ""23_29"": 1, ""2_5"": 0, ""30_39"": 0, ""40_49"": 0, ""50_66"": 1, ""67_plus"": 1, ""6_15"": 0}","{""full_time_work"": 1, ""other"": 0, ""part_time_work"": 1, ""retired"": 1, ""school_or_kindergarten"": 0, ""student"": 0, ""unemployed_or_not_in_education"": 0}","Townhouses, chain houses and other small houses with 3 homes or more",120-159 m2,True,1981-1990,False,False,,,,21.0,True,weekday_daytime,True,True,"Yes, manually (turn on and off panel heaters, regulate temperature on thermostats, etc.)",No,,,,True,True,,"[""App (e.g. electricity supplier or others)""]","[""Electricity bill"", ""Website (e.g. electricity supplier or others)"", ""App (e.g. electricity supplier or others)""]",Spot price / Hourly spot,True,True,Own electric water heater,"[""What air ventilation system do you have in your home? Mechanical ventilation manually controlled""]",,,,,,True,2,False,,[],[]
iflex,iflex,Exp_83,3,Couple without children living at home,Woman,"College / University, higher degree (4 years or more)",NOK 1 500 000 or more,"{""0_1"": 0, ""16_22"": 1, ""23_29"": 0, ""2_5"": 0, ""30_39"": 0, ""40_49"": 0, ""50_66"": 2, ""67_plus"": 0, ""6_15"": 0}","{""full_time_work"": 2, ""other"": 0, ""part_time_work"": 0, ""retired"": 0, ""school_or_kindergarten"": 0, ""student"": 1, ""unemployed_or_not_in_education"": 0}","Townhouses, chain houses and other small houses with 3 homes or more",160 m2 or larger,True,1946-1960,True,False,,,,21.0,False,weekday_daytime,True,True,"Yes, manually (turn on and off panel heaters, regulate temperature on thermostats, etc.)",No,,"[""Almost every day in winter""]",,True,False,,"[""App (e.g. electricity supplier or others)""]",,Variable price,True,,Own electric water heater,"[""What air ventilation system do you have in your home? Natural ventilation (ventilation via windows and air vents)""]",,,,,,True,2,True,1,"[{""charging_control"": ""No"", ""distance_before_charging_km"": 200.0, ""electric_range_km"": 400.0, ""home_charging_frequency"": ""Several times a week"", ""home_charging_method"": ""Charging station 32A, 3 phase [22kW] or higher"", ""usual_charging_location"": ""At home on an additional electricity meter"", ""usual_charging_time"": ""Night (10 pm - 7 am)"", ""vehicle_number"": 1}]",[]
iflex,iflex,Exp_320,3,Mother/father with large children (youngest child 6-17 years),Woman,"College / University, higher degree (4 years or more)",NOK 500 000 -799 999,"{""0_1"": 0, ""16_22"": 0, ""23_29"": 0, ""2_5"": 0, ""30_39"": 0, ""40_49"": 1, ""50_66"": 0, ""67_plus"": 0, ""6_15"": 2}","{""full_time_work"": 1, ""other"": 0, ""part_time_work"": 0, ""retired"": 0, ""school_or_kindergarten"": 2, ""student"": 0, ""unemployed_or_not_in_education"": 0}",Apartment block,50-59 m2,True,2011 or later,False,False,,,,23.0,False,weekday_daytime,False,True,"Yes, manually (turn on and off panel heaters, regulate temperature on thermostats, etc.)",No,,,,False,False,,,,Spot price / Hourly spot,True,,Own electric water heater,"[""0"", ""What air ventilation system do you have in your home? Don't know""]",,,,,,True,1,False,,[],[]
iflex,iflex,Exp_84,3,Mother/father with large children (youngest child 6-17 years),Man,"College / University, higher degree (4 years or more)",NOK 1 000 000 - 1 499 999,"{""0_1"": 0, ""16_22"": 0, ""23_29"": 0, ""2_5"": 0, ""30_39"": 0, ""40_49"": 1, ""50_66"": 0, ""67_plus"": 0, ""6_15"": 2}","{""full_time_work"": 1, ""other"": 0, ""part_time_work"": 0, ""retired"": 0, ""school_or_kindergarten"": 2, ""student"": 0, ""unemployed_or_not_in_education"": 0}",Detached house,160 m2 or larger,True,1981-1990,False,False,,,,21.0,False,weekday_daytime,True,False,No,No,,"[""Weekly in winter""]",,True,True,,"[""App (e.g. electricity supplier or others)""]","[""Electricity bill"", ""App (e.g. electricity supplier or others)"", ""Media / news""]",Spot price / Hourly spot,True,,Own electric water heater,"[""What air ventilation system do you have in your home? Natural ventilation (ventilation via windows and air vents)""]",,,,,,True,1,True,1,"[{""charging_control"": ""No"", ""distance_before_charging_km"": 200.0, ""electric_range_km"": 400.0, ""home_charging_frequency"": ""Several times a week"", ""home_charging_method"": ""Home charging station 16A, 3 phase [12kW]"", ""usual_charging_location"": ""At home on the same electricity meter as the rest of the home"", ""usual_charging_time"": ""Night (10 pm - 7 am)"", ""vehicle_number"": 1}]",[]
iflex,iflex,Exp_321,2,Couple without children living at home,Woman,"College / University, higher degree (4 years or more)",NOK 500 000 -799 999,"{""0_1"": 0, ""16_22"": 0, ""23_29"": 0, ""2_5"": 0, ""30_39"": 0, ""40_49"": 0, ""50_66"": 2, ""67_plus"": 0, ""6_15"": 0}","{""full_time_work"": 0, ""other"": 0, ""part_time_work"": 0, ""retired"": 2, ""school_or_kindergarten"": 0, ""student"": 0, ""unemployed_or_not_in_education"": 0}",Apartment block,80-99 m2,True,2001-2010,False,False,,,,20.0,True,weekday_daytime,True,True,"Yes, manually (turn on and off panel heaters, regulate temperature on thermostats, etc.)",No,,,,False,False,,,,Fixed price,True,,Own electric water heater,"[""0"", ""What air ventilation system do you have in your home? Balanced ventilation system with heat recovery""]",,,,,,True,1,False,,[],[]
iflex,iflex,Exp_85,4,Couple with small child (youngest child 0-5 years),Man,"College / University, higher degree (4 years or more)",NOK 1 500 000 or more,"{""0_1"": 0, ""16_22"": 0, ""23_29"": 0, ""2_5"": 1, ""30_39"": 0, ""40_49"": 2, ""50_66"": 0, ""67_plus"": 0, ""6_15"": 1}","{""full_time_work"": 2, ""other"": 0, ""part_time_work"": 0, ""retired"": 0, ""school_or_kindergarten"": 1, ""student"": 1, ""unemployed_or_not_in_education"": 0}",Semi-detached house,160 m2 or larger,True,1946-1960,True,False,,,,22.0,False,weekday_daytime,True,True,"Yes, manually (turn on and off panel heaters, regulate temperature on thermostats, etc.)",No,,"[""Sometimes, mostly for having it cosy""]",,False,False,,,,Spot price / Hourly spot,True,False,Own electric water heater,"[""What air ventilation system do you have in your home? Natural ventilation (ventilation via windows and air vents)""]",,,,,,True,1,False,,[],[]
iflex,iflex,Exp_322,2,Couple without children living at home,Man,"College / University, higher degree (4 years or more)",NOK 500 000 -799 999,"{""0_1"": 0, ""16_22"": 0, ""23_29"": 0, ""2_5"": 0, ""30_39"": 0, ""40_49"": 0, ""50_66"": 2, ""67_plus"": 0, ""6_15"": 0}","{""full_time_work"": 0, ""other"": 0, ""part_time_work"": 1, ""retired"": 1, ""school_or_kindergarten"": 0, ""student"": 0, ""unemployed_or_not_in_education"": 0}",Apartment block,60-79 m2,True,2001-2010,False,False,,,,22.0,True,weekday_daytime,True,True,"Yes, manually (turn on and off panel heaters, regulate temperature on thermostats, etc.)",,,,,True,True,,"[""Website (e.g. electricity supplier or others)""]","[""Website (e.g. electricity supplier or others)""]",Spot price / Hourly spot,True,False,Shared water heater or district heating,"[""What air ventilation system do you have in your home? Mechanical ventilation manually controlled""]",,,,,,True,1,False,,[],[]
iflex,iflex,Exp_86,2,Couple without children living at home,Man,"College / University, higher degree (4 years or more)",NOK 1 000 000 - 1 499 999,"{""0_1"": 0, ""16_22"": 0, ""23_29"": 0, ""2_5"": 0, ""30_39"": 0, ""40_49"": 0, ""50_66"": 0, ""67_plus"": 2, ""6_15"": 0}","{""full_time_work"": 0, ""other"": 0, ""part_time_work"": 0, ""retired"": 2, ""school_or_kindergarten"": 0, ""student"": 0, ""unemployed_or_not_in_education"": 0}",Detached house,160 m2 or larger,True,1991-2000,False,False,,,,21.0,True,weekday_daytime,True,True,"Yes, manually (turn on and off panel heaters, regulate temperature on thermostats, etc.)",No,,,,True,True,,"[""Electricity bill"", ""Website (e.g. electricity supplier or others)""]","[""Other""]",Spot price / Hourly spot,True,,Own electric water heater,"[""What air ventilation system do you have in your home? Natural ventilation (ventilation via windows and air vents)"", ""What air ventilation system do you have in your home? Mechanical ventilation manually controlled""]",,,,,,True,2,False,,[],[]
iflex,iflex,Exp_324,2,Couple without children living at home,Man,"College / University, higher degree (4 years or more)",NOK 800 000 - 999 999,"{""0_1"": 0, ""16_22"": 0, ""23_29"": 0, ""2_5"": 0, ""30_39"": 2, ""40_49"": 0, ""50_66"": 0, ""67_plus"": 0, ""6_15"": 0}","{""full_time_work"": 2, ""other"": 0, ""part_time_work"": 0, ""retired"": 0, ""school_or_kindergarten"": 0, ""student"": 0, ""unemployed_or_not_in_education"": 0}",Apartment block,80-99 m2,True,1971-1980,True,False,,,,22.0,False,weekday_daytime,True,True,"Yes, automated by time (set schedule in thermostat)",No,,,,True,True,,"[""Other:""]","[""Website (e.g. electricity supplier or others)""]",Spot price / Hourly spot,True,,Own electric water heater,"[""What air ventilation system do you have in your home? Mechanical ventilation manually controlled""]",,,,,,True,1,False,,[],[]
iflex,iflex,Exp_87,2,Couple without children living at home,Man,"College / University, higher degree (4 years or more)",NOK 1 000 000 - 1 499 999,"{""0_1"": 0, ""16_22"": 0, ""23_29"": 0, ""2_5"": 0, ""30_39"": 0, ""40_49"": 0, ""50_66"": 2, ""67_plus"": 0, ""6_15"": 0}","{""full_time_work"": 1, ""other"": 0, ""part_time_work"": 1, ""retired"": 0, ""school_or_kindergarten"": 0, ""student"": 0, ""unemployed_or_not_in_education"": 0}",Detached house,160 m2 or larger,True,1981-1990,False,True,True,,,22.0,False,weekday_daytime,True,True,"Yes, manually (turn on and off panel heaters, regulate temperature on thermostats, etc.)",No,,"[""Sometimes, mostly for having it cosy""]",,True,True,,"[""Electricity bill""]","[""Electricity bill"", ""Media / news""]",Variable price,True,False,Own electric water heater,"[""What air ventilation system do you have in your home? Natural ventilation (ventilation via windows and air vents)""]",,,,,,True,1,True,1,"[{""charging_control"": ""Yes, manually"", ""distance_before_charging_km"": 250.0, ""electric_range_km"": 470.0, ""home_charging_frequency"": ""About once a week"", ""home_charging_method"": ""Charging station 32A, 3 phase [22kW] or higher"", ""usual_charging_location"": ""At home on the same electricity meter as the rest of the home"", ""usual_charging_time"": ""Night (10 pm - 7 am)"", ""vehicle_number"": 1}]",[]
iflex,iflex,Exp_325,2,Couple without children living at home,Man,"College / University, undergraduate degree (1-3 years)",NOK 1 000 000 - 1 499 999,"{""0_1"": 0, ""16_22"": 0, ""23_29"": 0, ""2_5"": 0, ""30_39"": 0, ""40_49"": 0, ""50_66"": 0, ""67_plus"": 2, ""6_15"": 0}","{""full_time_work"": 2, ""other"": 0, ""part_time_work"": 0, ""retired"": 0, ""school_or_kindergarten"": 0, ""student"": 0, ""unemployed_or_not_in_education"": 0}",Detached house,80-99 m2,True,1900 or earlier,True,False,,,,22.0,False,weekday_daytime,True,True,No,No,,"[""Weekly in winter""]",,True,False,,"[""Electricity bill""]",,Spot price / Hourly spot,True,False,Own electric water heater,"[""What air ventilation system do you have in your home? Natural ventilation (ventilation via windows and air vents)""]",,,,,,True,1,False,,[],[]
iflex,iflex,Exp_88,2,Couple without children living at home,Woman,"College / University, higher degree (4 years or more)",NOK 1 000 000 - 1 499 999,"{""0_1"": 0, ""16_22"": 0, ""23_29"": 2, ""2_5"": 0, ""30_39"": 0, ""40_49"": 0, ""50_66"": 0, ""67_plus"": 0, ""6_15"": 0}","{""full_time_work"": 2, ""other"": 0, ""part_time_work"": 0, ""retired"": 0, ""school_or_kindergarten"": 0, ""student"": 0, ""unemployed_or_not_in_education"": 0}",Apartment block,100-119 m2,True,1991-2000,False,False,,,,23.0,True,weekday_daytime,True,False,"Yes, manually (turn on and off panel heaters, regulate temperature on thermostats, etc.)",,,,,False,False,,,,Spot price / Hourly spot,True,False,Shared water heater or district heating,"[""What air ventilation system do you have in your home? Natural ventilation (ventilation via windows and air vents)""]",,,,,,True,1,False,,[],[]
iflex,iflex,Exp_326,2,Couple without children living at home,Man,"College / University, higher degree (4 years or more)",NOK 1 500 000 or more,"{""0_1"": 0, ""16_22"": 0, ""23_29"": 0, ""2_5"": 0, ""30_39"": 2, ""40_49"": 0, ""50_66"": 0, ""67_plus"": 0, ""6_15"": 0}","{""full_time_work"": 2, ""other"": 0, ""part_time_work"": 0, ""retired"": 0, ""school_or_kindergarten"": 0, ""student"": 0, ""unemployed_or_not_in_education"": 0}","Townhouses, chain houses and other small houses with 3 homes or more",120-159 m2,True,1901-1920,True,True,True,,,22.0,True,weekday_daytime,True,True,"Yes, manually (turn on and off panel heaters, regulate temperature on thermostats, etc.)",No,,"[""Almost every day in winter""]",,True,False,,"[""App (e.g. electricity supplier or others)""]",,Spot price / Hourly spot,True,,Own electric water heater,"[""What air ventilation system do you have in your home? Natural ventilation (ventilation via windows and air vents)"", ""What air ventilation system do you have in your home? Mechanical ventilation manually controlled""]",,,,,,True,2,False,,[],[]
iflex,iflex,Exp_89,1,Living alone,Man,"College / University, undergraduate degree (1-3 years)",NOK 800 000 - 999 999,"{""0_1"": 0, ""16_22"": 0, ""23_29"": 0, ""2_5"": 0, ""30_39"": 0, ""40_49"": 0, ""50_66"": 1, ""67_plus"": 0, ""6_15"": 0}","{""full_time_work"": 1, ""other"": 0, ""part_time_work"": 0, ""retired"": 0, ""school_or_kindergarten"": 0, ""student"": 0, ""unemployed_or_not_in_education"": 0}","Townhouses, chain houses and other small houses with 3 homes or more",120-159 m2,True,1971-1980,True,False,,,,21.0,False,weekday_daytime,True,False,"Yes, manually (turn on and off panel heaters, regulate temperature on thermostats, etc.)",No,,"[""Almost every day in winter""]",,False,False,,,,,True,False,Own electric water heater,"[""What air ventilation system do you have in your home? Natural ventilation (ventilation via windows and air vents)""]",,,,,,True,1,True,1,"[{""charging_control"": ""No"", ""distance_before_charging_km"": 300.0, ""electric_range_km"": 480.0, ""home_charging_frequency"": ""About once a week"", ""home_charging_method"": null, ""usual_charging_location"": ""At home on a shared electricity meter with other homes"", ""usual_charging_time"": ""Afternoon (1 pm - 5 pm)"", ""vehicle_number"": 1}]",[]
iflex,iflex,Exp_327,1,Living alone,Woman,"College / University, undergraduate degree (1-3 years)",NOK 500 000 -799 999,"{""0_1"": 0, ""16_22"": 0, ""23_29"": 0, ""2_5"": 0, ""30_39"": 0, ""40_49"": 0, ""50_66"": 1, ""67_plus"": 0, ""6_15"": 0}","{""full_time_work"": 1, ""other"": 0, ""part_time_work"": 0, ""retired"": 0, ""school_or_kindergarten"": 0, ""student"": 0, ""unemployed_or_not_in_education"": 0}","Townhouses, chain houses and other small houses with 3 homes or more",80-99 m2,True,1946-1960,True,False,,,,22.0,False,weekday_daytime,True,True,"Yes, manually (turn on and off panel heaters, regulate temperature on thermostats, etc.)",No,,"[""Only on the coldest days""]",,True,False,,"[""Electricity bill"", ""Website (e.g. electricity supplier or others)""]",,Spot price / Hourly spot,True,False,Own electric water heater,"[""What air ventilation system do you have in your home? Natural ventilation (ventilation via windows and air vents)""]",,,,,,True,1,False,,[],[]
iflex,iflex,Exp_90,2,Couple without children living at home,Man,"College / University, higher degree (4 years or more)",NOK 800 000 - 999 999,"{""0_1"": 0, ""16_22"": 0, ""23_29"": 0, ""2_5"": 0, ""30_39"": 0, ""40_49"": 0, ""50_66"": 0, ""67_plus"": 2, ""6_15"": 0}","{""full_time_work"": 0, ""other"": 0, ""part_time_work"": 0, ""retired"": 2, ""school_or_kindergarten"": 0, ""student"": 0, ""unemployed_or_not_in_education"": 0}","Townhouses, chain houses and other small houses with 3 homes or more",160 m2 or larger,True,1991-2000,False,False,,,,22.0,True,weekday_daytime,True,True,"Yes, manually (turn on and off panel heaters, regulate temperature on thermostats, etc.)",No,,"[""Weekly in winter""]",,True,False,,"[""Website (e.g. electricity supplier or others)""]",,Spot price / Hourly spot,True,,Own electric water heater,"[""What air ventilation system do you have in your home? Mechanical ventilation manually controlled""]",,,,,,True,2,False,,[],[]
iflex,iflex,Exp_328,5,Couple with large children (youngest child 6-17 years),Man,"College / University, higher degree (4 years or more)",NOK 1 000 000 - 1 499 999,"{""0_1"": 0, ""16_22"": 1, ""23_29"": 0, ""2_5"": 0, ""30_39"": 0, ""40_49"": 2, ""50_66"": 0, ""67_plus"": 0, ""6_15"": 2}","{""full_time_work"": 2, ""other"": 0, ""part_time_work"": 0, ""retired"": 0, ""school_or_kindergarten"": 3, ""student"": 0, ""unemployed_or_not_in_education"": 0}",Detached house,160 m2 or larger,True,1961-1970,False,False,,,,23.0,False,weekday_daytime,True,True,"Yes, automated by time (set schedule in thermostat)",No,,"[""Sometimes, mostly for having it cosy""]",,False,False,,,,,True,,Own electric water heater,"[""What air ventilation system do you have in your home? Natural ventilation (ventilation via windows and air vents)""]",,,,,,True,1,False,,[],[]
iflex,iflex,Exp_93,1,Living alone,Woman,High school / High school level (11-13 years of schooling),NOK 300 000 - 499 999,,"{""full_time_work"": 0, ""other"": 0, ""part_time_work"": 0, ""retired"": 0, ""school_or_kindergarten"": 0, ""student"": 0, ""unemployed_or_not_in_education"": 0}",Apartment block,60-79 m2,True,1946-1960,True,False,,,,20.0,True,weekday_daytime,True,False,"Yes, manually (turn on and off panel heaters, regulate temperature on thermostats, etc.)",No,,"[""Sometimes, mostly for having it cosy"", ""Only on the coldest days""]",,False,False,,,,Fixed price,True,,Own electric water heater,"[""0"", ""What air ventilation system do you have in your home? Mechanical ventilation manually controlled""]",,,,,,True,1,False,,[],"[""age_distribution_inconsistent_with_household_size""]"
iflex,iflex,Exp_329,1,Living alone,Man,"College / University, higher degree (4 years or more)",NOK 500 000 -799 999,"{""0_1"": 0, ""16_22"": 0, ""23_29"": 0, ""2_5"": 0, ""30_39"": 0, ""40_49"": 0, ""50_66"": 0, ""67_plus"": 1, ""6_15"": 0}","{""full_time_work"": 0, ""other"": 0, ""part_time_work"": 0, ""retired"": 1, ""school_or_kindergarten"": 0, ""student"": 0, ""unemployed_or_not_in_education"": 0}",Detached house,160 m2 or larger,True,1971-1980,False,False,,,,21.0,True,weekday_daytime,True,True,"Yes, manually (turn on and off panel heaters, regulate temperature on thermostats, etc.)",No,,"[""Only on the coldest days""]",,True,False,,"[""Electricity bill"", ""App (e.g. electricity supplier or others)""]",,Variable price,True,False,Own electric water heater,"[""What air ventilation system do you have in your home? Natural ventilation (ventilation via windows and air vents)""]",,,,,,True,1,False,,[],[]
iflex,iflex,Exp_94,3,Mother/father with large children (youngest child 6-17 years),Woman,"College / University, higher degree (4 years or more)",NOK 500 000 -799 999,"{""0_1"": 0, ""16_22"": 0, ""23_29"": 0, ""2_5"": 0, ""30_39"": 0, ""40_49"": 0, ""50_66"": 1, ""67_plus"": 0, ""6_15"": 2}","{""full_time_work"": 1, ""other"": 0, ""part_time_work"": 0, ""retired"": 0, ""school_or_kindergarten"": 2, ""student"": 0, ""unemployed_or_not_in_education"": 0}",Apartment block,80-99 m2,True,1900 or earlier,False,False,,,,23.0,True,weekday_daytime,True,True,"Yes, manually (turn on and off panel heaters, regulate temperature on thermostats, etc.)",No,,"[""Only on the coldest days""]",,False,False,,,,,True,False,Own electric water heater,"[""What air ventilation system do you have in your home? Natural ventilation (ventilation via windows and air vents)""]",,,,,,False,,,,,[]
iflex,iflex,Exp_330,2,Couple without children living at home,Man,"College / University, undergraduate degree (1-3 years)",,"{""0_1"": 0, ""16_22"": 0, ""23_29"": 0, ""2_5"": 0, ""30_39"": 0, ""40_49"": 0, ""50_66"": 0, ""67_plus"": 2, ""6_15"": 0}","{""full_time_work"": 0, ""other"": 0, ""part_time_work"": 0, ""retired"": 2, ""school_or_kindergarten"": 0, ""student"": 0, ""unemployed_or_not_in_education"": 0}",Detached house,120-159 m2,True,1981-1990,True,False,,,,22.0,True,weekday_daytime,True,False,"Yes, manually (turn on and off panel heaters, regulate temperature on thermostats, etc.)",No,,"[""Only on the coldest days""]",,False,False,,,,Spot price / Hourly spot,True,False,Own electric water heater,"[""What air ventilation system do you have in your home? Natural ventilation (ventilation via windows and air vents)"", ""What air ventilation system do you have in your home? Mechanical ventilation manually controlled""]",,,,,,True,2,True,2,"[{""charging_control"": ""Yes, manually"", ""distance_before_charging_km"": 100.0, ""electric_range_km"": 140.0, ""home_charging_frequency"": ""Several times a week"", ""home_charging_method"": ""Home charging station 16A, 3 phase [12kW]"", ""usual_charging_location"": ""At home on the same electricity meter as the rest of the home"", ""usual_charging_time"": ""Night (10 pm - 7 am)"", ""vehicle_number"": 1}, {""charging_control"": ""Yes, manually"", ""distance_before_charging_km"": 30.0, ""electric_range_km"": 30.0, ""home_charging_frequency"": ""Daily"", ""home_charging_method"": ""Home charging station 16A, 3 phase [12kW]"", ""usual_charging_location"": ""At home on the same electricity meter as the rest of the home"", ""usual_charging_time"": ""Night (10 pm - 7 am)"", ""vehicle_number"": 2}]",[]
iflex,iflex,Exp_97,2,Couple without children living at home,Woman,"College / University, higher degree (4 years or more)",NOK 800 000 - 999 999,"{""0_1"": 0, ""16_22"": 0, ""23_29"": 0, ""2_5"": 0, ""30_39"": 0, ""40_49"": 0, ""50_66"": 0, ""67_plus"": 2, ""6_15"": 0}","{""full_time_work"": 0, ""other"": 0, ""part_time_work"": 0, ""retired"": 2, ""school_or_kindergarten"": 0, ""student"": 0, ""unemployed_or_not_in_education"": 0}",Detached house,100-119 m2,True,1971-1980,True,True,True,,,22.0,True,weekday_daytime,True,True,"Yes, manually (turn on and off panel heaters, regulate temperature on thermostats, etc.)",No,,"[""Only on the coldest days""]",,True,True,,"[""Electricity bill""]","[""Media / news""]",Spot price / Hourly spot,True,,Own electric water heater,"[""What air ventilation system do you have in your home? Balanced ventilation system with heat recovery""]",,,,,,True,2,False,,[],[]
iflex,iflex,Exp_332,2,Couple without children living at home,Man,"College / University, undergraduate degree (1-3 years)",NOK 500 000 -799 999,"{""0_1"": 0, ""16_22"": 0, ""23_29"": 0, ""2_5"": 0, ""30_39"": 0, ""40_49"": 0, ""50_66"": 0, ""67_plus"": 2, ""6_15"": 0}","{""full_time_work"": 0, ""other"": 0, ""part_time_work"": 0, ""retired"": 2, ""school_or_kindergarten"": 0, ""student"": 0, ""unemployed_or_not_in_education"": 0}",Detached house,160 m2 or larger,True,1971-1980,False,True,True,,,26.0,True,weekday_daytime,True,True,"Yes, manually (turn on and off panel heaters, regulate temperature on thermostats, etc.)",No,,"[""Almost every day in winter""]",,True,False,,"[""Website (e.g. electricity supplier or others)"", ""Other:""]",,,True,False,Own electric water heater,"[""What air ventilation system do you have in your home? Natural ventilation (ventilation via windows and air vents)""]",,,,,,True,1,False,,[],[]
iflex,iflex,Exp_102,1,Living alone,Man,"College / University, undergraduate degree (1-3 years)",NOK 500 000 -799 999,"{""0_1"": 0, ""16_22"": 0, ""23_29"": 0, ""2_5"": 0, ""30_39"": 0, ""40_49"": 0, ""50_66"": 1, ""67_plus"": 0, ""6_15"": 0}","{""full_time_work"": 1, ""other"": 0, ""part_time_work"": 0, ""retired"": 0, ""school_or_kindergarten"": 0, ""student"": 0, ""unemployed_or_not_in_education"": 0}",Apartment block,60-79 m2,True,1961-1970,False,False,,,,21.0,False,weekday_daytime,True,False,"Yes, manually (turn on and off panel heaters, regulate temperature on thermostats, etc.)",No,,,,True,False,,"[""Website (e.g. electricity supplier or others)"", ""App (e.g. electricity supplier or others)""]",,Spot price / Hourly spot,True,,Own electric water heater,"[""What air ventilation system do you have in your home? Natural ventilation (ventilation via windows and air vents)""]",,,,,,False,,,,,[]
iflex,iflex,Exp_334,3,Couple without children living at home,Woman,"College / University, higher degree (4 years or more)",NOK 800 000 - 999 999,"{""0_1"": 0, ""16_22"": 1, ""23_29"": 0, ""2_5"": 0, ""30_39"": 0, ""40_49"": 0, ""50_66"": 2, ""67_plus"": 0, ""6_15"": 0}","{""full_time_work"": 1, ""other"": 0, ""part_time_work"": 1, ""retired"": 1, ""school_or_kindergarten"": 0, ""student"": 0, ""unemployed_or_not_in_education"": 0}",Detached house,160 m2 or larger,True,1901-1920,True,False,,,,20.0,True,weekday_daytime,True,False,"Yes, manually (turn on and off panel heaters, regulate temperature on thermostats, etc.)",No,,"[""Almost every day in winter""]",,True,False,,"[""Website (e.g. electricity supplier or others)""]",,Spot price / Hourly spot,True,True,Own electric water heater,"[""What air ventilation system do you have in your home? Natural ventilation (ventilation via windows and air vents)""]",,,,,,True,2,False,,[],[]
iflex,iflex,Exp_106,2,Couple without children living at home,Man,"College / University, higher degree (4 years or more)",NOK 800 000 - 999 999,"{""0_1"": 0, ""16_22"": 0, ""23_29"": 0, ""2_5"": 0, ""30_39"": 0, ""40_49"": 0, ""50_66"": 0, ""67_plus"": 2, ""6_15"": 0}","{""full_time_work"": 0, ""other"": 0, ""part_time_work"": 0, ""retired"": 2, ""school_or_kindergarten"": 0, ""student"": 0, ""unemployed_or_not_in_education"": 0}",Detached house,160 m2 or larger,True,1971-1980,True,False,,,,24.0,True,weekday_daytime,True,True,"Yes, manually (turn on and off panel heaters, regulate temperature on thermostats, etc.)",No,,"[""Sometimes, mostly for having it cosy""]",,True,True,,"[""Website (e.g. electricity supplier or others)""]","[""Website (e.g. electricity supplier or others)""]",Spot price / Hourly spot,True,False,Own electric water heater,"[""What air ventilation system do you have in your home? Natural ventilation (ventilation via windows and air vents)""]",,,,,,True,1,False,,[],[]
iflex,iflex,Exp_335,3,Couple with small child (youngest child 0-5 years),Man,High school / High school level (11-13 years of schooling),NOK 500 000 -799 999,"{""0_1"": 0, ""16_22"": 0, ""23_29"": 0, ""2_5"": 1, ""30_39"": 1, ""40_49"": 0, ""50_66"": 0, ""67_plus"": 0, ""6_15"": 1}","{""full_time_work"": 1, ""other"": 0, ""part_time_work"": 0, ""retired"": 0, ""school_or_kindergarten"": 2, ""student"": 0, ""unemployed_or_not_in_education"": 0}",Semi-detached house,120-159 m2,True,1946-1960,False,False,,,,23.0,True,weekday_daytime,True,True,"Yes, manually (turn on and off panel heaters, regulate temperature on thermostats, etc.)",No,,,,True,False,,"[""Electricity bill"", ""Website (e.g. electricity supplier or others)""]",,Spot price / Hourly spot,True,False,Own electric water heater,"[""What air ventilation system do you have in your home? Natural ventilation (ventilation via windows and air vents)""]",,,,,,True,1,False,,[],[]
iflex,iflex,Exp_107,5,Mother/father with large children (youngest child 6-17 years),Man,"College / University, higher degree (4 years or more)",NOK 1 000 000 - 1 499 999,"{""0_1"": 0, ""16_22"": 1, ""23_29"": 0, ""2_5"": 0, ""30_39"": 0, ""40_49"": 2, ""50_66"": 0, ""67_plus"": 0, ""6_15"": 2}","{""full_time_work"": 2, ""other"": 0, ""part_time_work"": 0, ""retired"": 0, ""school_or_kindergarten"": 3, ""student"": 0, ""unemployed_or_not_in_education"": 0}","Townhouses, chain houses and other small houses with 3 homes or more",120-159 m2,True,1971-1980,False,False,,,,21.0,False,weekday_daytime,True,False,"Yes, manually (turn on and off panel heaters, regulate temperature on thermostats, etc.)",No,,"[""Only on the coldest days""]",,False,False,,,,,True,,Own electric water heater,"[""0"", ""What air ventilation system do you have in your home? Balanced ventilation system with heat recovery""]",,,,,,True,1,False,,[],[]
iflex,iflex,Exp_336,2,Couple without children living at home,Man,"College / University, higher degree (4 years or more)",NOK 1 500 000 or more,"{""0_1"": 0, ""16_22"": 0, ""23_29"": 0, ""2_5"": 0, ""30_39"": 0, ""40_49"": 0, ""50_66"": 1, ""67_plus"": 1, ""6_15"": 0}","{""full_time_work"": 0, ""other"": 0, ""part_time_work"": 0, ""retired"": 2, ""school_or_kindergarten"": 0, ""student"": 0, ""unemployed_or_not_in_education"": 0}",Apartment block,100-119 m2,True,2001-2010,False,False,,,,23.0,True,weekday_daytime,True,True,"Yes, manually (turn on and off panel heaters, regulate temperature on thermostats, etc.)",,,,,True,False,,"[""Electricity bill"", ""Website (e.g. electricity supplier or others)"", ""App (e.g. electricity supplier or others)""]",,Variable price,True,True,Shared water heater or district heating,"[""What air ventilation system do you have in your home? Natural ventilation (ventilation via windows and air vents)"", ""What air ventilation system do you have in your home? Mechanical ventilation manually controlled""]",,,,,,True,2,True,1,"[{""charging_control"": ""Yes, manually"", ""distance_before_charging_km"": 40.0, ""electric_range_km"": 300.0, ""home_charging_frequency"": ""Daily"", ""home_charging_method"": ""Standard outlet [10-16A, 1 phase, 2.3 - 3.5 kW]"", ""usual_charging_location"": ""At home on the same electricity meter as the rest of the home"", ""usual_charging_time"": ""Evening (5 pm - 10 pm)"", ""vehicle_number"": 1}]",[]
iflex,iflex,Exp_109,2,Couple without children living at home,Man,High school / High school level (11-13 years of schooling),NOK 500 000 -799 999,"{""0_1"": 0, ""16_22"": 0, ""23_29"": 0, ""2_5"": 0, ""30_39"": 0, ""40_49"": 0, ""50_66"": 0, ""67_plus"": 2, ""6_15"": 0}","{""full_time_work"": 0, ""other"": 0, ""part_time_work"": 0, ""retired"": 2, ""school_or_kindergarten"": 0, ""student"": 0, ""unemployed_or_not_in_education"": 0}",Apartment block,80-99 m2,True,2001-2010,False,False,,,,23.0,True,weekday_daytime,True,True,"Yes, automated by time (set schedule in thermostat)",No,,,,True,True,,"[""Electricity bill""]","[""Website (e.g. electricity supplier or others)""]",Spot price / Hourly spot,True,,Own electric water heater,"[""What air ventilation system do you have in your home? Mechanical ventilation manually controlled""]",,,,,,True,1,False,,[],[]
iflex,iflex,Exp_337,2,Couple without children living at home,Man,"College / University, undergraduate degree (1-3 years)",NOK 800 000 - 999 999,"{""0_1"": 0, ""16_22"": 0, ""23_29"": 0, ""2_5"": 0, ""30_39"": 0, ""40_49"": 0, ""50_66"": 0, ""67_plus"": 2, ""6_15"": 0}","{""full_time_work"": 0, ""other"": 0, ""part_time_work"": 0, ""retired"": 2, ""school_or_kindergarten"": 0, ""student"": 0, ""unemployed_or_not_in_education"": 0}",Apartment block,100-119 m2,True,2001-2010,False,False,,,,23.0,True,weekday_daytime,True,True,"Yes, manually (turn on and off panel heaters, regulate temperature on thermostats, etc.)",No,,,,True,False,,"[""Electricity bill""]",,Variable price,True,False,Own electric water heater,"[""What air ventilation system do you have in your home? Balanced ventilation system with heat recovery""]",,,,,,True,2,False,,[],[]
iflex,iflex,Exp_110,1,Living alone,Man,"College / University, undergraduate degree (1-3 years)",NOK 500 000 -799 999,"{""0_1"": 0, ""16_22"": 0, ""23_29"": 0, ""2_5"": 0, ""30_39"": 0, ""40_49"": 1, ""50_66"": 0, ""67_plus"": 0, ""6_15"": 0}","{""full_time_work"": 1, ""other"": 0, ""part_time_work"": 0, ""retired"": 0, ""school_or_kindergarten"": 0, ""student"": 0, ""unemployed_or_not_in_education"": 0}",Apartment block,60-79 m2,True,1961-1970,False,False,,,,25.0,False,weekday_daytime,True,True,"Yes, manually (turn on and off panel heaters, regulate temperature on thermostats, etc.)",No,,,,False,False,,,,,True,,Own electric water heater,"[""What air ventilation system do you have in your home? Natural ventilation (ventilation via windows and air vents)""]",,,,,,True,1,False,,[],[]
iflex,iflex,Exp_338,4,Couple with small child (youngest child 0-5 years),Man,"College / University, higher degree (4 years or more)",NOK 1 500 000 or more,"{""0_1"": 0, ""16_22"": 0, ""23_29"": 0, ""2_5"": 1, ""30_39"": 1, ""40_49"": 1, ""50_66"": 0, ""67_plus"": 0, ""6_15"": 1}","{""full_time_work"": 2, ""other"": 0, ""part_time_work"": 0, ""retired"": 0, ""school_or_kindergarten"": 2, ""student"": 0, ""unemployed_or_not_in_education"": 0}",Detached house,160 m2 or larger,True,2011 or later,False,False,,,,25.0,False,weekday_daytime,False,False,No,No,,,,False,False,,,,,True,False,Own electric water heater,"[""0"", ""What air ventilation system do you have in your home? Balanced ventilation system with heat recovery""]",,,,,,True,1,False,,[],[]
iflex,iflex,Exp_111,2,Couple without children living at home,Man,"College / University, undergraduate degree (1-3 years)",,"{""0_1"": 0, ""16_22"": 0, ""23_29"": 0, ""2_5"": 0, ""30_39"": 0, ""40_49"": 0, ""50_66"": 0, ""67_plus"": 2, ""6_15"": 0}","{""full_time_work"": 0, ""other"": 0, ""part_time_work"": 0, ""retired"": 2, ""school_or_kindergarten"": 0, ""student"": 0, ""unemployed_or_not_in_education"": 0}",Detached house,100-119 m2,True,1961-1970,True,False,,,,23.0,True,weekday_daytime,False,False,"Yes, manually (turn on and off panel heaters, regulate temperature on thermostats, etc.)",No,,"[""Almost every day in winter""]",,True,True,,"[""Electricity bill"", ""App (e.g. electricity supplier or others)""]","[""Website (e.g. electricity supplier or others)"", ""Media / news""]",Spot price / Hourly spot,True,True,Own electric water heater,"[""What air ventilation system do you have in your home? Natural ventilation (ventilation via windows and air vents)""]",,,,,,True,1,False,,[],[]
iflex,iflex,Exp_341,2,Couple without children living at home,Woman,"College / University, undergraduate degree (1-3 years)",NOK 800 000 - 999 999,"{""0_1"": 0, ""16_22"": 0, ""23_29"": 1, ""2_5"": 0, ""30_39"": 1, ""40_49"": 0, ""50_66"": 0, ""67_plus"": 0, ""6_15"": 0}","{""full_time_work"": 2, ""other"": 0, ""part_time_work"": 0, ""retired"": 0, ""school_or_kindergarten"": 0, ""student"": 0, ""unemployed_or_not_in_education"": 0}",Apartment block,60-79 m2,True,1961-1970,False,False,,,,22.0,True,weekday_daytime,True,True,"Yes, automated by time (set schedule in thermostat)",No,,"[""Sometimes, mostly for having it cosy""]",,False,True,,,"[""Other""]",Spot price / Hourly spot,True,,Own electric water heater,"[""What air ventilation system do you have in your home? Natural ventilation (ventilation via windows and air vents)""]",,,,,,True,1,False,,[],[]
iflex,iflex,Exp_112,3,Single-family households with adult children (youngest child 18 years or older),Man,High school / High school level (11-13 years of schooling),NOK 1 500 000 or more,"{""0_1"": 0, ""16_22"": 1, ""23_29"": 0, ""2_5"": 0, ""30_39"": 0, ""40_49"": 0, ""50_66"": 2, ""67_plus"": 0, ""6_15"": 0}","{""full_time_work"": 3, ""other"": 0, ""part_time_work"": 0, ""retired"": 0, ""school_or_kindergarten"": 0, ""student"": 0, ""unemployed_or_not_in_education"": 0}",Semi-detached house,120-159 m2,True,1961-1970,True,False,,,,22.0,True,weekday_daytime,True,True,"Yes, manually (turn on and off panel heaters, regulate temperature on thermostats, etc.)",No,,"[""Only on the coldest days""]",,False,False,,,,Variable price,True,False,Own electric water heater,"[""What air ventilation system do you have in your home? Natural ventilation (ventilation via windows and air vents)""]",,,,,,True,2,False,,[],[]
iflex,iflex,Exp_344,2,Couple without children living at home,Man,"College / University, higher degree (4 years or more)",NOK 1 000 000 - 1 499 999,"{""0_1"": 0, ""16_22"": 0, ""23_29"": 0, ""2_5"": 0, ""30_39"": 0, ""40_49"": 0, ""50_66"": 2, ""67_plus"": 0, ""6_15"": 0}","{""full_time_work"": 0, ""other"": 0, ""part_time_work"": 0, ""retired"": 2, ""school_or_kindergarten"": 0, ""student"": 0, ""unemployed_or_not_in_education"": 0}","Townhouses, chain houses and other small houses with 3 homes or more",120-159 m2,True,1981-1990,False,False,,,,22.0,True,weekday_daytime,True,False,"Yes, manually (turn on and off panel heaters, regulate temperature on thermostats, etc.)",No,,"[""Sometimes, mostly for having it cosy"", ""Only on the coldest days""]",,True,True,,"[""Electricity bill""]","[""Media / news""]",Fixed price,True,False,Own electric water heater,"[""What air ventilation system do you have in your home? Natural ventilation (ventilation via windows and air vents)"", ""What air ventilation system do you have in your home? Mechanical ventilation manually controlled""]",,,,,,True,2,True,1,"[{""charging_control"": ""Yes, manually"", ""distance_before_charging_km"": 100.0, ""electric_range_km"": 250.0, ""home_charging_frequency"": ""Several times a week"", ""home_charging_method"": ""Standard outlet [10-16A, 1 phase, 2.3 - 3.5 kW]"", ""usual_charging_location"": ""At home on a shared electricity meter with other homes"", ""usual_charging_time"": ""Evening (5 pm - 10 pm)"", ""vehicle_number"": 1}]",[]
iflex,iflex,Exp_114,2,Couple without children living at home,Man,"College / University, undergraduate degree (1-3 years)",NOK 1 000 000 - 1 499 999,,"{""full_time_work"": 0, ""other"": 0, ""part_time_work"": 0, ""retired"": 0, ""school_or_kindergarten"": 0, ""student"": 0, ""unemployed_or_not_in_education"": 0}",Detached house,160 m2 or larger,True,1971-1980,True,False,,,,24.0,False,weekday_daytime,True,True,"Yes, automated by time (set schedule in thermostat)",No,,"[""Weekly in winter""]",,True,True,,"[""App (e.g. electricity supplier or others)""]","[""App (e.g. electricity supplier or others)""]",Spot price / Hourly spot,True,,Own electric water heater,"[""What air ventilation system do you have in your home? Balanced ventilation system with heat recovery""]",,,,,,True,2,True,1,"[{""charging_control"": ""Yes, manually"", ""distance_before_charging_km"": 50.0, ""electric_range_km"": 14.0, ""home_charging_frequency"": ""Several times a week"", ""home_charging_method"": ""Charging station 32A, 3 phase [22kW] or higher"", ""usual_charging_location"": ""At home on the same electricity meter as the rest of the home"", ""usual_charging_time"": ""Afternoon (1 pm - 5 pm)"", ""vehicle_number"": 1}]","[""age_distribution_inconsistent_with_household_size""]"
iflex,iflex,Exp_345,5,Couple with large children (youngest child 6-17 years),Man,"College / University, undergraduate degree (1-3 years)",NOK 500 000 -799 999,"{""0_1"": 0, ""16_22"": 1, ""23_29"": 0, ""2_5"": 0, ""30_39"": 0, ""40_49"": 2, ""50_66"": 0, ""67_plus"": 0, ""6_15"": 2}","{""full_time_work"": 2, ""other"": 0, ""part_time_work"": 0, ""retired"": 0, ""school_or_kindergarten"": 2, ""student"": 1, ""unemployed_or_not_in_education"": 0}","Townhouses, chain houses and other small houses with 3 homes or more",100-119 m2,True,1991-2000,False,False,,,,20.0,False,weekday_daytime,True,False,No,No,,"[""Only on the coldest days""]",,True,True,,"[""Website (e.g. electricity supplier or others)""]","[""Electricity bill"", ""Website (e.g. electricity supplier or others)""]",Spot price / Hourly spot,True,False,Own electric water heater,"[""What air ventilation system do you have in your home? Mechanical ventilation manually controlled""]",,,,,,True,2,True,1,"[{""charging_control"": ""No"", ""distance_before_charging_km"": 65.0, ""electric_range_km"": 120.0, ""home_charging_frequency"": ""Daily"", ""home_charging_method"": ""Home charging station 16A, 3 phase [12kW]"", ""usual_charging_location"": ""At home on a shared electricity meter with other homes"", ""usual_charging_time"": ""Night (10 pm - 7 am)"", ""vehicle_number"": 1}]",[]
iflex,iflex,Exp_115,3,Mother/father with large children (youngest child 6-17 years),Woman,High school / High school level (11-13 years of schooling),,"{""0_1"": 0, ""16_22"": 2, ""23_29"": 0, ""2_5"": 0, ""30_39"": 0, ""40_49"": 1, ""50_66"": 0, ""67_plus"": 0, ""6_15"": 0}","{""full_time_work"": 1, ""other"": 0, ""part_time_work"": 2, ""retired"": 0, ""school_or_kindergarten"": 1, ""student"": 0, ""unemployed_or_not_in_education"": 0}",Apartment block,60-79 m2,True,1946-1960,True,False,,,,21.0,False,weekday_daytime,True,True,"Yes, manually (turn on and off panel heaters, regulate temperature on thermostats, etc.)",No,,"[""Weekly in winter"", ""Almost every day in winter""]",,True,True,,"[""Website (e.g. electricity supplier or others)"", ""Other:""]","[""Other""]",Spot price / Hourly spot,True,,Own electric water heater,"[""What air ventilation system do you have in your home? Natural ventilation (ventilation via windows and air vents)"", ""What air ventilation system do you have in your home? Mechanical ventilation manually controlled""]",,,,,,True,1,False,,[],[]
iflex,iflex,Exp_347,4,Couple with large children (youngest child 6-17 years),Man,"College / University, higher degree (4 years or more)",NOK 1 000 000 - 1 499 999,"{""0_1"": 0, ""16_22"": 0, ""23_29"": 0, ""2_5"": 0, ""30_39"": 0, ""40_49"": 0, ""50_66"": 2, ""67_plus"": 0, ""6_15"": 2}","{""full_time_work"": 2, ""other"": 0, ""part_time_work"": 0, ""retired"": 0, ""school_or_kindergarten"": 2, ""student"": 0, ""unemployed_or_not_in_education"": 0}",Detached house,160 m2 or larger,True,1961-1970,True,False,,,,18.0,True,weekday_daytime,True,False,No,No,,"[""Almost every day in winter""]",,False,False,,,,Spot price / Hourly spot,True,,Own electric water heater,"[""0"", ""What air ventilation system do you have in your home? Balanced ventilation system with heat recovery""]",,,,,,True,2,False,,[],[]
iflex,iflex,Exp_116,2,Couple without children living at home,Man,"College / University, undergraduate degree (1-3 years)",NOK 500 000 -799 999,"{""0_1"": 0, ""16_22"": 0, ""23_29"": 2, ""2_5"": 0, ""30_39"": 0, ""40_49"": 0, ""50_66"": 0, ""67_plus"": 0, ""6_15"": 0}","{""full_time_work"": 2, ""other"": 0, ""part_time_work"": 0, ""retired"": 0, ""school_or_kindergarten"": 0, ""student"": 0, ""unemployed_or_not_in_education"": 0}",Apartment block,80-99 m2,True,1971-1980,True,False,,,,24.0,False,weekday_daytime,False,False,"Yes, manually (turn on and off panel heaters, regulate temperature on thermostats, etc.)",,,,,True,False,,"[""Other:""]",,Variable price,True,,Heat pump,"[""What air ventilation system do you have in your home? Balanced ventilation system with heat recovery""]",,,,,,True,1,False,,[],[]
iflex,iflex,Exp_348,2,Couple without children living at home,Man,"College / University, higher degree (4 years or more)",NOK 1 500 000 or more,"{""0_1"": 0, ""16_22"": 0, ""23_29"": 0, ""2_5"": 0, ""30_39"": 0, ""40_49"": 0, ""50_66"": 0, ""67_plus"": 2, ""6_15"": 0}","{""full_time_work"": 0, ""other"": 0, ""part_time_work"": 0, ""retired"": 2, ""school_or_kindergarten"": 0, ""student"": 0, ""unemployed_or_not_in_education"": 0}",Detached house,160 m2 or larger,True,1981-1990,False,False,,,,22.0,True,weekday_daytime,True,True,"Yes, manually (turn on and off panel heaters, regulate temperature on thermostats, etc.)",No,,"[""Weekly in winter""]",,False,False,,,,,True,False,Own electric water heater,"[""What air ventilation system do you have in your home? Natural ventilation (ventilation via windows and air vents)""]",,,,,,True,2,False,,[],[]
iflex,iflex,Exp_117,2,Couple without children living at home,Woman,"College / University, higher degree (4 years or more)",NOK 1 500 000 or more,"{""0_1"": 0, ""16_22"": 0, ""23_29"": 0, ""2_5"": 0, ""30_39"": 0, ""40_49"": 0, ""50_66"": 2, ""67_plus"": 0, ""6_15"": 0}","{""full_time_work"": 2, ""other"": 0, ""part_time_work"": 0, ""retired"": 0, ""school_or_kindergarten"": 0, ""student"": 0, ""unemployed_or_not_in_education"": 0}","Townhouses, chain houses and other small houses with 3 homes or more",100-119 m2,True,1946-1960,True,False,,,,20.0,False,weekday_daytime,True,False,"Yes, manually (turn on and off panel heaters, regulate temperature on thermostats, etc.)",No,,"[""Only on the coldest days""]",,False,False,,,,Spot price / Hourly spot,True,,Own electric water heater,"[""What air ventilation system do you have in your home? Natural ventilation (ventilation via windows and air vents)""]",,,,,,True,1,False,,[],[]
iflex,iflex,Exp_350,1,Couple without children living at home,Man,"College / University, undergraduate degree (1-3 years)",NOK 500 000 -799 999,"{""0_1"": 0, ""16_22"": 0, ""23_29"": 0, ""2_5"": 0, ""30_39"": 0, ""40_49"": 0, ""50_66"": 1, ""67_plus"": 0, ""6_15"": 0}","{""full_time_work"": 1, ""other"": 0, ""part_time_work"": 0, ""retired"": 0, ""school_or_kindergarten"": 0, ""student"": 0, ""unemployed_or_not_in_education"": 0}","Townhouses, chain houses and other small houses with 3 homes or more",100-119 m2,True,1971-1980,True,False,,,,21.0,False,weekday_daytime,True,False,"Yes, manually (turn on and off panel heaters, regulate temperature on thermostats, etc.)",No,,,,False,False,,,,Variable price,True,False,Own electric water heater,"[""What air ventilation system do you have in your home? Natural ventilation (ventilation via windows and air vents)""]",,,,,,True,1,False,,[],[]
iflex,iflex,Exp_118,4,Mother/father with large children (youngest child 6-17 years),Woman,High school / High school level (11-13 years of schooling),NOK 1 000 000 - 1 499 999,"{""0_1"": 0, ""16_22"": 2, ""23_29"": 0, ""2_5"": 0, ""30_39"": 0, ""40_49"": 2, ""50_66"": 0, ""67_plus"": 0, ""6_15"": 0}","{""full_time_work"": 1, ""other"": 0, ""part_time_work"": 1, ""retired"": 0, ""school_or_kindergarten"": 1, ""student"": 1, ""unemployed_or_not_in_education"": 0}","Townhouses, chain houses and other small houses with 3 homes or more",80-99 m2,True,1991-2000,True,False,,,,20.0,True,weekday_daytime,True,True,"Yes, manually (turn on and off panel heaters, regulate temperature on thermostats, etc.)",No,,"[""Weekly in winter""]",,False,False,,,,,True,,Own electric water heater,"[""What air ventilation system do you have in your home? Natural ventilation (ventilation via windows and air vents)""]",,,,,,True,2,False,,[],[]
iflex,iflex,Exp_352,2,Couple without children living at home,Man,"College / University, higher degree (4 years or more)",NOK 1 500 000 or more,"{""0_1"": 0, ""16_22"": 0, ""23_29"": 0, ""2_5"": 0, ""30_39"": 0, ""40_49"": 0, ""50_66"": 2, ""67_plus"": 0, ""6_15"": 0}","{""full_time_work"": 0, ""other"": 0, ""part_time_work"": 2, ""retired"": 0, ""school_or_kindergarten"": 0, ""student"": 0, ""unemployed_or_not_in_education"": 0}",Detached house,120-159 m2,True,1961-1970,True,False,,,,20.0,True,weekday_daytime,True,False,No,No,,"[""Sometimes, mostly for having it cosy""]",,False,False,,,,,True,True,Own electric water heater,"[""What air ventilation system do you have in your home? Natural ventilation (ventilation via windows and air vents)""]",,,,,,True,1,False,,[],[]
iflex,iflex,Exp_119,2,Couple without children living at home,Man,"College / University, undergraduate degree (1-3 years)",NOK 500 000 -799 999,"{""0_1"": 0, ""16_22"": 0, ""23_29"": 0, ""2_5"": 0, ""30_39"": 0, ""40_49"": 0, ""50_66"": 2, ""67_plus"": 0, ""6_15"": 0}","{""full_time_work"": 2, ""other"": 0, ""part_time_work"": 0, ""retired"": 0, ""school_or_kindergarten"": 0, ""student"": 0, ""unemployed_or_not_in_education"": 0}","Townhouses, chain houses and other small houses with 3 homes or more",100-119 m2,True,1961-1970,False,False,,,,23.0,False,weekday_daytime,True,True,"Yes, manually (turn on and off panel heaters, regulate temperature on thermostats, etc.)",No,,"[""Sometimes, mostly for having it cosy""]",,True,True,,"[""Website (e.g. electricity supplier or others)"", ""App (e.g. electricity supplier or others)""]","[""Electricity bill"", ""Website (e.g. electricity supplier or others)"", ""App (e.g. electricity supplier or others)""]",Spot price / Hourly spot,True,,Own electric water heater,"[""What air ventilation system do you have in your home? Natural ventilation (ventilation via windows and air vents)""]",,,,,,True,2,False,,[],[]
iflex,iflex,Exp_353,4,Couple with large children (youngest child 6-17 years),Man,"College / University, higher degree (4 years or more)",NOK 1 500 000 or more,"{""0_1"": 0, ""16_22"": 0, ""23_29"": 0, ""2_5"": 2, ""30_39"": 0, ""40_49"": 0, ""50_66"": 2, ""67_plus"": 0, ""6_15"": 0}","{""full_time_work"": 2, ""other"": 0, ""part_time_work"": 0, ""retired"": 0, ""school_or_kindergarten"": 2, ""student"": 0, ""unemployed_or_not_in_education"": 0}",Apartment block,60-79 m2,True,1946-1960,False,False,,,,21.0,False,weekday_daytime,True,False,No,No,,,,False,False,,,,Variable price,True,False,Own electric water heater,"[""What air ventilation system do you have in your home? Natural ventilation (ventilation via windows and air vents)""]",,,,,,True,1,False,,[],[]
iflex,iflex,Exp_120,2,Couple without children living at home,Man,"College / University, higher degree (4 years or more)",NOK 1 000 000 - 1 499 999,"{""0_1"": 0, ""16_22"": 0, ""23_29"": 0, ""2_5"": 0, ""30_39"": 1, ""40_49"": 1, ""50_66"": 0, ""67_plus"": 0, ""6_15"": 0}","{""full_time_work"": 1, ""other"": 0, ""part_time_work"": 1, ""retired"": 0, ""school_or_kindergarten"": 0, ""student"": 0, ""unemployed_or_not_in_education"": 0}",Apartment block,60-79 m2,True,1981-1990,False,False,,,,24.0,True,weekday_daytime,True,False,"Yes, manually (turn on and off panel heaters, regulate temperature on thermostats, etc.)",,,,,False,False,,,,Variable price,True,False,Shared water heater or district heating,"[""What air ventilation system do you have in your home? Natural ventilation (ventilation via windows and air vents)"", ""What air ventilation system do you have in your home? Mechanical ventilation manually controlled""]",,,,,,True,1,False,,[],[]
iflex,iflex,Exp_354,1,Living alone,Woman,"College / University, undergraduate degree (1-3 years)",NOK 500 000 -799 999,"{""0_1"": 0, ""16_22"": 0, ""23_29"": 0, ""2_5"": 0, ""30_39"": 1, ""40_49"": 0, ""50_66"": 0, ""67_plus"": 0, ""6_15"": 0}","{""full_time_work"": 1, ""other"": 0, ""part_time_work"": 0, ""retired"": 0, ""school_or_kindergarten"": 0, ""student"": 0, ""unemployed_or_not_in_education"": 0}",Apartment block,50-59 m2,True,1946-1960,True,False,,,,21.0,False,weekday_daytime,True,True,"Yes, automated by time (set schedule in thermostat)",No,,"[""Weekly in winter""]",,True,False,,"[""App (e.g. electricity supplier or others)""]",,Variable price,True,,Own electric water heater,"[""What air ventilation system do you have in your home? Natural ventilation (ventilation via windows and air vents)""]",,,,,,True,1,False,,[],[]
iflex,iflex,Exp_121,3,Single-family households with adult children (youngest child 18 years or older),Man,"College / University, undergraduate degree (1-3 years)",NOK 800 000 - 999 999,"{""0_1"": 0, ""16_22"": 0, ""23_29"": 0, ""2_5"": 0, ""30_39"": 1, ""40_49"": 0, ""50_66"": 1, ""67_plus"": 1, ""6_15"": 0}","{""full_time_work"": 2, ""other"": 0, ""part_time_work"": 0, ""retired"": 1, ""school_or_kindergarten"": 0, ""student"": 0, ""unemployed_or_not_in_education"": 0}",Apartment block,60-79 m2,True,1971-1980,True,False,,,,25.0,True,weekday_daytime,True,True,"Yes, manually (turn on and off panel heaters, regulate temperature on thermostats, etc.)",,,,,False,False,,,,Spot price / Hourly spot,True,False,Shared water heater or district heating,"[""What air ventilation system do you have in your home? Natural ventilation (ventilation via windows and air vents)"", ""What air ventilation system do you have in your home? Mechanical ventilation manually controlled""]",,,,,,True,1,False,,[],[]
iflex,iflex,Exp_355,4,Mother/father with large children (youngest child 6-17 years),Woman,"College / University, higher degree (4 years or more)",NOK 1 500 000 or more,"{""0_1"": 0, ""16_22"": 0, ""23_29"": 0, ""2_5"": 0, ""30_39"": 0, ""40_49"": 2, ""50_66"": 0, ""67_plus"": 0, ""6_15"": 2}","{""full_time_work"": 2, ""other"": 0, ""part_time_work"": 0, ""retired"": 0, ""school_or_kindergarten"": 2, ""student"": 0, ""unemployed_or_not_in_education"": 0}","Townhouses, chain houses and other small houses with 3 homes or more",100-119 m2,True,1981-1990,False,False,,,,22.0,False,weekday_daytime,True,False,No,No,,"[""Weekly in winter""]",,False,False,,,,Variable price,True,False,Own electric water heater,"[""0"", ""What air ventilation system do you have in your home? Mechanical ventilation manually controlled""]",,,,,,True,2,True,2,"[{""charging_control"": ""No"", ""distance_before_charging_km"": 60.0, ""electric_range_km"": 120.0, ""home_charging_frequency"": ""Daily"", ""home_charging_method"": ""Charging station 32A, 3 phase [22kW] or higher"", ""usual_charging_location"": ""At home on an additional electricity meter"", ""usual_charging_time"": ""Evening (5 pm - 10 pm)"", ""vehicle_number"": 1}, {""charging_control"": ""No"", ""distance_before_charging_km"": 220.0, ""electric_range_km"": 300.0, ""home_charging_frequency"": ""About once a week"", ""home_charging_method"": ""Charging station 32A, 3 phase [22kW] or higher"", ""usual_charging_location"": ""At home on an additional electricity meter"", ""usual_charging_time"": ""Night (10 pm - 7 am)"", ""vehicle_number"": 2}]",[]
iflex,iflex,Exp_122,4,Couple with large children (youngest child 6-17 years),Woman,"College / University, higher degree (4 years or more)",NOK 1 500 000 or more,"{""0_1"": 0, ""16_22"": 2, ""23_29"": 0, ""2_5"": 0, ""30_39"": 0, ""40_49"": 0, ""50_66"": 2, ""67_plus"": 0, ""6_15"": 0}","{""full_time_work"": 3, ""other"": 0, ""part_time_work"": 0, ""retired"": 0, ""school_or_kindergarten"": 1, ""student"": 0, ""unemployed_or_not_in_education"": 0}",Detached house,160 m2 or larger,True,1981-1990,False,False,,,,24.0,False,weekday_daytime,True,True,"Yes, manually (turn on and off panel heaters, regulate temperature on thermostats, etc.)",No,,"[""Sometimes, mostly for having it cosy"", ""Only on the coldest days""]",,False,False,,,,Variable price,True,,Own electric water heater,"[""What air ventilation system do you have in your home? Natural ventilation (ventilation via windows and air vents)""]",,,,,,True,2,True,1,"[{""charging_control"": ""No"", ""distance_before_charging_km"": 20.0, ""electric_range_km"": 300.0, ""home_charging_frequency"": ""Several times a week"", ""home_charging_method"": ""Standard outlet [10-16A, 1 phase, 2.3 - 3.5 kW]"", ""usual_charging_location"": ""At home on the same electricity meter as the rest of the home"", ""usual_charging_time"": ""Night (10 pm - 7 am)"", ""vehicle_number"": 1}]",[]
iflex,iflex,Exp_358,2,Couple without children living at home,Man,"College / University, higher degree (4 years or more)",NOK 1 000 000 - 1 499 999,"{""0_1"": 0, ""16_22"": 0, ""23_29"": 0, ""2_5"": 0, ""30_39"": 0, ""40_49"": 0, ""50_66"": 1, ""67_plus"": 1, ""6_15"": 0}","{""full_time_work"": 1, ""other"": 0, ""part_time_work"": 0, ""retired"": 1, ""school_or_kindergarten"": 0, ""student"": 0, ""unemployed_or_not_in_education"": 0}",Semi-detached house,160 m2 or larger,True,1991-2000,True,False,,,,23.0,True,weekday_daytime,True,False,No,No,,"[""Sometimes, mostly for having it cosy"", ""Only on the coldest days""]",,True,True,,"[""Electricity bill""]","[""Electricity bill"", ""Media / news""]",Spot price / Hourly spot,True,,Own electric water heater,"[""What air ventilation system do you have in your home? Natural ventilation (ventilation via windows and air vents)"", ""What air ventilation system do you have in your home? Mechanical ventilation manually controlled""]",,,,,,True,1,False,,[],[]
iflex,iflex,Exp_123,1,Mother/father with small children (youngest child 0-5 years),Man,"College / University, higher degree (4 years or more)",NOK 500 000 -799 999,"{""0_1"": 0, ""16_22"": 0, ""23_29"": 0, ""2_5"": 0, ""30_39"": 0, ""40_49"": 0, ""50_66"": 1, ""67_plus"": 0, ""6_15"": 0}","{""full_time_work"": 1, ""other"": 0, ""part_time_work"": 0, ""retired"": 0, ""school_or_kindergarten"": 0, ""student"": 0, ""unemployed_or_not_in_education"": 0}",Apartment block,60-79 m2,True,1961-1970,False,False,,,,20.0,False,weekday_daytime,True,True,"Yes, manually (turn on and off panel heaters, regulate temperature on thermostats, etc.)",No,,,,True,False,,"[""Electricity bill"", ""Website (e.g. electricity supplier or others)""]",,Variable price,True,,Own electric water heater,"[""What air ventilation system do you have in your home? Natural ventilation (ventilation via windows and air vents)"", ""What air ventilation system do you have in your home? Mechanical ventilation manually controlled""]",,,,,,False,,,,,[]
iflex,iflex,Exp_360,2,Couple without children living at home,Woman,High school / High school level (11-13 years of schooling),NOK 500 000 -799 999,"{""0_1"": 0, ""16_22"": 0, ""23_29"": 0, ""2_5"": 0, ""30_39"": 0, ""40_49"": 0, ""50_66"": 0, ""67_plus"": 2, ""6_15"": 0}","{""full_time_work"": 0, ""other"": 0, ""part_time_work"": 0, ""retired"": 2, ""school_or_kindergarten"": 0, ""student"": 0, ""unemployed_or_not_in_education"": 0}",Apartment block,60-79 m2,True,1946-1960,True,False,,,,22.0,True,weekday_daytime,True,False,"Yes, manually (turn on and off panel heaters, regulate temperature on thermostats, etc.)",No,,"[""Only on the coldest days""]",,False,False,,,,,True,,Own electric water heater,"[""What air ventilation system do you have in your home? Natural ventilation (ventilation via windows and air vents)"", ""What air ventilation system do you have in your home? Mechanical ventilation manually controlled""]",,,,,,True,1,False,,[],[]
iflex,iflex,Exp_124,2,Mother/father with small children (youngest child 0-5 years),Man,"College / University, higher degree (4 years or more)",NOK 1 500 000 or more,"{""0_1"": 0, ""16_22"": 0, ""23_29"": 0, ""2_5"": 0, ""30_39"": 0, ""40_49"": 0, ""50_66"": 2, ""67_plus"": 0, ""6_15"": 0}","{""full_time_work"": 1, ""other"": 0, ""part_time_work"": 1, ""retired"": 0, ""school_or_kindergarten"": 0, ""student"": 0, ""unemployed_or_not_in_education"": 0}",Detached house,160 m2 or larger,True,1981-1990,False,False,,,,22.0,True,weekday_daytime,True,True,"Yes, manually (turn on and off panel heaters, regulate temperature on thermostats, etc.)",No,,"[""Sometimes, mostly for having it cosy""]",,False,False,,,,Variable price,True,False,Own electric water heater,"[""What air ventilation system do you have in your home? Natural ventilation (ventilation via windows and air vents)""]",,,,,,True,2,True,1,"[{""charging_control"": ""No"", ""distance_before_charging_km"": 24.0, ""electric_range_km"": 12.0, ""home_charging_frequency"": ""Daily"", ""home_charging_method"": ""Standard outlet [10-16A, 1 phase, 2.3 - 3.5 kW]"", ""usual_charging_location"": ""At home on the same electricity meter as the rest of the home"", ""usual_charging_time"": ""Evening (5 pm - 10 pm)"", ""vehicle_number"": 1}]",[]
iflex,iflex,Exp_361,4,Multi-family household with small children (youngest child 0-5 years),Man,"College / University, higher degree (4 years or more)",NOK 1 000 000 - 1 499 999,"{""0_1"": 0, ""16_22"": 0, ""23_29"": 0, ""2_5"": 1, ""30_39"": 1, ""40_49"": 1, ""50_66"": 0, ""67_plus"": 0, ""6_15"": 1}","{""full_time_work"": 2, ""other"": 0, ""part_time_work"": 0, ""retired"": 0, ""school_or_kindergarten"": 2, ""student"": 0, ""unemployed_or_not_in_education"": 0}",Detached house,160 m2 or larger,True,1961-1970,False,False,,,,21.0,False,weekday_daytime,True,True,"Yes, automated by time (set schedule in thermostat)",No,,"[""Weekly in winter""]",,True,False,,"[""Electricity bill""]",,Spot price / Hourly spot,True,False,Own electric water heater,"[""What air ventilation system do you have in your home? Natural ventilation (ventilation via windows and air vents)""]",,,,,,True,2,True,1,"[{""charging_control"": ""No"", ""distance_before_charging_km"": 10.0, ""electric_range_km"": 100.0, ""home_charging_frequency"": ""Daily"", ""home_charging_method"": ""Charging station 32A, 3 phase [22kW] or higher"", ""usual_charging_location"": ""At home on the same electricity meter as the rest of the home"", ""usual_charging_time"": ""Evening (5 pm - 10 pm)"", ""vehicle_number"": 1}]",[]
iflex,iflex,Exp_125,4,Couple without children living at home,Woman,"College / University, undergraduate degree (1-3 years)",NOK 1 000 000 - 1 499 999,"{""0_1"": 0, ""16_22"": 0, ""23_29"": 0, ""2_5"": 1, ""30_39"": 0, ""40_49"": 2, ""50_66"": 0, ""67_plus"": 0, ""6_15"": 1}","{""full_time_work"": 2, ""other"": 0, ""part_time_work"": 0, ""retired"": 0, ""school_or_kindergarten"": 2, ""student"": 0, ""unemployed_or_not_in_education"": 0}",Apartment block,80-99 m2,True,1900 or earlier,False,False,,,,21.0,False,weekday_daytime,True,True,"Yes, manually (turn on and off panel heaters, regulate temperature on thermostats, etc.)",,,,,False,False,,,,Variable price,True,,Shared water heater or district heating,"[""What air ventilation system do you have in your home? Natural ventilation (ventilation via windows and air vents)""]",,,,,,False,,,,,[]
iflex,iflex,Exp_362,3,Single-family households with adult children (youngest child 18 years or older),Man,"College / University, undergraduate degree (1-3 years)",NOK 1 500 000 or more,"{""0_1"": 0, ""16_22"": 0, ""23_29"": 0, ""2_5"": 0, ""30_39"": 1, ""40_49"": 0, ""50_66"": 2, ""67_plus"": 0, ""6_15"": 0}","{""full_time_work"": 3, ""other"": 0, ""part_time_work"": 0, ""retired"": 0, ""school_or_kindergarten"": 0, ""student"": 0, ""unemployed_or_not_in_education"": 0}",Detached house,160 m2 or larger,True,1981-1990,True,False,,,,22.0,False,weekday_daytime,True,False,No,No,,"[""Sometimes, mostly for having it cosy""]",,False,False,,,,Spot price / Hourly spot,True,False,Own electric water heater,"[""What air ventilation system do you have in your home? Natural ventilation (ventilation via windows and air vents)"", ""What air ventilation system do you have in your home? Mechanical ventilation manually controlled""]",,,,,,True,2,True,1,"[{""charging_control"": ""No"", ""distance_before_charging_km"": 45.0, ""electric_range_km"": 100.0, ""home_charging_frequency"": ""Several times a week"", ""home_charging_method"": ""Standard outlet [10-16A, 1 phase, 2.3 - 3.5 kW]"", ""usual_charging_location"": ""At home on the same electricity meter as the rest of the home"", ""usual_charging_time"": ""Night (10 pm - 7 am)"", ""vehicle_number"": 1}]",[]
iflex,iflex,Exp_126,5,Couple with small child (youngest child 0-5 years),Man,High school / High school level (11-13 years of schooling),NOK 500 000 -799 999,"{""0_1"": 1, ""16_22"": 0, ""23_29"": 2, ""2_5"": 2, ""30_39"": 0, ""40_49"": 0, ""50_66"": 0, ""67_plus"": 0, ""6_15"": 0}","{""full_time_work"": 1, ""other"": 0, ""part_time_work"": 1, ""retired"": 0, ""school_or_kindergarten"": 0, ""student"": 0, ""unemployed_or_not_in_education"": 0}","Townhouses, chain houses and other small houses with 3 homes or more",120-159 m2,True,1961-1970,False,False,,,,23.0,True,weekday_daytime,True,True,"Yes, manually (turn on and off panel heaters, regulate temperature on thermostats, etc.)",No,,"[""Almost every day in winter""]",,False,False,,,,Spot price / Hourly spot,True,,Own electric water heater,"[""What air ventilation system do you have in your home? Natural ventilation (ventilation via windows and air vents)""]",,,,,,True,1,False,,[],[]
iflex,iflex,Exp_365,3,Mother/father with large children (youngest child 6-17 years),Man,High school / High school level (11-13 years of schooling),NOK 500 000 -799 999,,"{""full_time_work"": 2, ""other"": 0, ""part_time_work"": 0, ""retired"": 0, ""school_or_kindergarten"": 1, ""student"": 0, ""unemployed_or_not_in_education"": 0}",Apartment block,50-59 m2,True,1921-1940,True,False,,,,23.0,False,weekday_daytime,False,True,"Yes, manually (turn on and off panel heaters, regulate temperature on thermostats, etc.)","Yes, automated by time",,"[""Sometimes, mostly for having it cosy""]",,False,False,,,,Spot price / Hourly spot,True,,Own electric water heater,"[""What air ventilation system do you have in your home? Natural ventilation (ventilation via windows and air vents)""]",,,,,,False,,,,,"[""age_distribution_inconsistent_with_household_size""]"
iflex,iflex,Exp_127,3,Other,Woman,High school / High school level (11-13 years of schooling),NOK 1 000 000 - 1 499 999,"{""0_1"": 0, ""16_22"": 0, ""23_29"": 1, ""2_5"": 0, ""30_39"": 0, ""40_49"": 0, ""50_66"": 2, ""67_plus"": 0, ""6_15"": 0}","{""full_time_work"": 3, ""other"": 0, ""part_time_work"": 0, ""retired"": 0, ""school_or_kindergarten"": 0, ""student"": 0, ""unemployed_or_not_in_education"": 0}","Townhouses, chain houses and other small houses with 3 homes or more",160 m2 or larger,True,1981-1990,True,False,,,,22.0,False,weekday_daytime,True,False,"Yes, manually (turn on and off panel heaters, regulate temperature on thermostats, etc.)",No,,"[""Sometimes, mostly for having it cosy"", ""Only on the coldest days""]",,False,False,,,,,True,,Own electric water heater,"[""What air ventilation system do you have in your home? Natural ventilation (ventilation via windows and air vents)""]",,,,,,True,1,False,,[],[]
iflex,iflex,Exp_367,4,Couple with large children (youngest child 6-17 years),Man,"College / University, higher degree (4 years or more)",NOK 1 500 000 or more,"{""0_1"": 0, ""16_22"": 1, ""23_29"": 0, ""2_5"": 0, ""30_39"": 0, ""40_49"": 2, ""50_66"": 0, ""67_plus"": 0, ""6_15"": 1}","{""full_time_work"": 2, ""other"": 0, ""part_time_work"": 0, ""retired"": 0, ""school_or_kindergarten"": 1, ""student"": 1, ""unemployed_or_not_in_education"": 0}",Semi-detached house,160 m2 or larger,True,1946-1960,False,False,,,,23.0,False,weekday_daytime,True,True,"Yes, manually (turn on and off panel heaters, regulate temperature on thermostats, etc.)","Yes, manually",,"[""Only on the coldest days""]",,False,False,,,,Fixed price,True,False,Own electric water heater,"[""What air ventilation system do you have in your home? Natural ventilation (ventilation via windows and air vents)""]",,,,,,True,1,False,,[],[]
iflex,iflex,Exp_129,3,Single-family households with adult children (youngest child 18 years or older),Man,High school / High school level (11-13 years of schooling),NOK 800 000 - 999 999,"{""0_1"": 0, ""16_22"": 0, ""23_29"": 0, ""2_5"": 0, ""30_39"": 1, ""40_49"": 1, ""50_66"": 0, ""67_plus"": 0, ""6_15"": 1}","{""full_time_work"": 1, ""other"": 0, ""part_time_work"": 1, ""retired"": 0, ""school_or_kindergarten"": 1, ""student"": 0, ""unemployed_or_not_in_education"": 0}",Apartment block,50-59 m2,True,2001-2010,False,False,,,,25.0,True,weekday_daytime,True,True,"Yes, manually (turn on and off panel heaters, regulate temperature on thermostats, etc.)",No,,,,False,False,,,,,True,,Own electric water heater,"[""0"", ""What air ventilation system do you have in your home? Mechanical ventilation manually controlled""]",,,,,,True,1,False,,[],[]
iflex,iflex,Exp_368,3,Single-family households with adult children (youngest child 18 years or older),Man,"College / University, higher degree (4 years or more)",NOK 1 000 000 - 1 499 999,"{""0_1"": 0, ""16_22"": 1, ""23_29"": 0, ""2_5"": 0, ""30_39"": 0, ""40_49"": 0, ""50_66"": 2, ""67_plus"": 0, ""6_15"": 0}","{""full_time_work"": 1, ""other"": 1, ""part_time_work"": 0, ""retired"": 0, ""school_or_kindergarten"": 0, ""student"": 1, ""unemployed_or_not_in_education"": 0}",Detached house,160 m2 or larger,True,2001-2010,False,False,,,,22.0,True,weekday_daytime,True,False,"Yes, manually (turn on and off panel heaters, regulate temperature on thermostats, etc.)",No,,"[""Weekly in winter""]",,False,False,,,,Fixed price,True,,Own electric water heater,"[""0"", ""What air ventilation system do you have in your home? Balanced ventilation system with heat recovery""]",,,,,,True,2,True,1,"[{""charging_control"": ""No"", ""distance_before_charging_km"": 150.0, ""electric_range_km"": 250.0, ""home_charging_frequency"": ""Several times a week"", ""home_charging_method"": ""Standard outlet [10-16A, 1 phase, 2.3 - 3.5 kW]"", ""usual_charging_location"": ""At home on the same electricity meter as the rest of the home"", ""usual_charging_time"": ""Night (10 pm - 7 am)"", ""vehicle_number"": 1}]",[]
iflex,iflex,Exp_130,2,Couple without children living at home,Man,"College / University, higher degree (4 years or more)",NOK 1 500 000 or more,"{""0_1"": 0, ""16_22"": 0, ""23_29"": 0, ""2_5"": 0, ""30_39"": 0, ""40_49"": 0, ""50_66"": 2, ""67_plus"": 0, ""6_15"": 0}","{""full_time_work"": 2, ""other"": 0, ""part_time_work"": 0, ""retired"": 0, ""school_or_kindergarten"": 0, ""student"": 0, ""unemployed_or_not_in_education"": 0}",Detached house,160 m2 or larger,True,1971-1980,False,False,,,,23.0,False,weekday_daytime,True,True,"Yes, automated by time (set schedule in thermostat)",No,,,,False,False,,,,Variable price,True,False,Own electric water heater,"[""What air ventilation system do you have in your home? Natural ventilation (ventilation via windows and air vents)""]",,,,,,True,2,True,1,"[{""charging_control"": ""Yes, manually"", ""distance_before_charging_km"": 200.0, ""electric_range_km"": 300.0, ""home_charging_frequency"": ""About once a week"", ""home_charging_method"": ""Charging station 32A, 3 phase [22kW] or higher"", ""usual_charging_location"": ""At home on the same electricity meter as the rest of the home"", ""usual_charging_time"": ""Evening (5 pm - 10 pm)"", ""vehicle_number"": 1}]",[]
iflex,iflex,Exp_369,3,Mother/father with small children (youngest child 0-5 years),Man,"College / University, higher degree (4 years or more)",NOK 1 000 000 - 1 499 999,"{""0_1"": 0, ""16_22"": 0, ""23_29"": 0, ""2_5"": 1, ""30_39"": 1, ""40_49"": 1, ""50_66"": 0, ""67_plus"": 0, ""6_15"": 0}","{""full_time_work"": 2, ""other"": 0, ""part_time_work"": 0, ""retired"": 0, ""school_or_kindergarten"": 1, ""student"": 0, ""unemployed_or_not_in_education"": 0}",Apartment block,60-79 m2,True,1946-1960,True,False,,,,23.0,False,weekday_daytime,True,False,No,No,,,,False,False,,,,,True,False,Own electric water heater,"[""What air ventilation system do you have in your home? Natural ventilation (ventilation via windows and air vents)""]",,,,,,True,2,True,1,"[{""charging_control"": ""Yes, manually"", ""distance_before_charging_km"": 150.0, ""electric_range_km"": 460.0, ""home_charging_frequency"": ""Several times a week"", ""home_charging_method"": ""Standard outlet [10-16A, 1 phase, 2.3 - 3.5 kW]"", ""usual_charging_location"": ""At home on an additional electricity meter"", ""usual_charging_time"": ""Night (10 pm - 7 am)"", ""vehicle_number"": 1}]",[]
iflex,iflex,Exp_133,1,Living alone,Woman,"College / University, undergraduate degree (1-3 years)",Below NOK 300 000,"{""0_1"": 0, ""16_22"": 0, ""23_29"": 0, ""2_5"": 0, ""30_39"": 0, ""40_49"": 0, ""50_66"": 0, ""67_plus"": 1, ""6_15"": 0}","{""full_time_work"": 0, ""other"": 0, ""part_time_work"": 0, ""retired"": 1, ""school_or_kindergarten"": 0, ""student"": 0, ""unemployed_or_not_in_education"": 0}",Apartment block,60-79 m2,True,1981-1990,False,False,,,,21.0,True,weekday_daytime,True,True,"Yes, manually (turn on and off panel heaters, regulate temperature on thermostats, etc.)",No,,"[""Weekly in winter""]",,False,False,,,,,True,True,Own electric water heater,"[""What air ventilation system do you have in your home? Natural ventilation (ventilation via windows and air vents)""]",,,,,,False,,,,,[]
iflex,iflex,Exp_370,4,Couple with small child (youngest child 0-5 years),Woman,"College / University, higher degree (4 years or more)",NOK 1 500 000 or more,"{""0_1"": 0, ""16_22"": 0, ""23_29"": 0, ""2_5"": 1, ""30_39"": 2, ""40_49"": 0, ""50_66"": 0, ""67_plus"": 0, ""6_15"": 1}","{""full_time_work"": 2, ""other"": 0, ""part_time_work"": 0, ""retired"": 0, ""school_or_kindergarten"": 1, ""student"": 1, ""unemployed_or_not_in_education"": 0}",Apartment block,120-159 m2,True,1921-1940,False,False,,,,20.0,False,weekday_daytime,True,True,"Yes, automated by time (set schedule in thermostat)",No,,"[""Sometimes, mostly for having it cosy""]",,False,True,,,"[""Website (e.g. electricity supplier or others)"", ""Other""]",Spot price / Hourly spot,True,False,Own electric water heater,"[""What air ventilation system do you have in your home? Natural ventilation (ventilation via windows and air vents)""]",,,,,,True,1,False,,[],[]
iflex,iflex,Exp_134,1,Living alone,Woman,"College / University, higher degree (4 years or more)",NOK 500 000 -799 999,"{""0_1"": 0, ""16_22"": 0, ""23_29"": 0, ""2_5"": 0, ""30_39"": 0, ""40_49"": 0, ""50_66"": 1, ""67_plus"": 0, ""6_15"": 0}","{""full_time_work"": 1, ""other"": 0, ""part_time_work"": 0, ""retired"": 0, ""school_or_kindergarten"": 0, ""student"": 0, ""unemployed_or_not_in_education"": 0}","Townhouses, chain houses and other small houses with 3 homes or more",60-79 m2,True,1981-1990,False,False,,,,22.0,False,weekday_daytime,True,True,"Yes, manually (turn on and off panel heaters, regulate temperature on thermostats, etc.)",No,,"[""Only on the coldest days""]",,False,False,,,,,True,,Own electric water heater,"[""What air ventilation system do you have in your home? Natural ventilation (ventilation via windows and air vents)""]",,,,,,True,1,False,,[],[]
iflex,iflex,Exp_371,2,Multi-family household with large children (youngest child 6-17 years),Man,Primary school (up to 10 years of schooling),NOK 300 000 - 499 999,"{""0_1"": 0, ""16_22"": 0, ""23_29"": 0, ""2_5"": 0, ""30_39"": 0, ""40_49"": 0, ""50_66"": 1, ""67_plus"": 0, ""6_15"": 1}","{""full_time_work"": 0, ""other"": 0, ""part_time_work"": 0, ""retired"": 0, ""school_or_kindergarten"": 1, ""student"": 0, ""unemployed_or_not_in_education"": 1}",Apartment block,100-119 m2,True,1981-1990,False,False,,,,22.0,True,weekday_daytime,True,True,"Yes, automated by time (set schedule in thermostat)",No,,"[""Sometimes, mostly for having it cosy""]",,False,False,,,,Spot price / Hourly spot,True,False,Own electric water heater,"[""0"", ""What air ventilation system do you have in your home? Balanced ventilation system with heat recovery""]",,,,,,True,1,False,,[],[]
iflex,iflex,Exp_135,2,Other,Man,"College / University, higher degree (4 years or more)",NOK 1 500 000 or more,"{""0_1"": 0, ""16_22"": 0, ""23_29"": 0, ""2_5"": 0, ""30_39"": 0, ""40_49"": 0, ""50_66"": 2, ""67_plus"": 0, ""6_15"": 0}","{""full_time_work"": 2, ""other"": 0, ""part_time_work"": 0, ""retired"": 0, ""school_or_kindergarten"": 0, ""student"": 0, ""unemployed_or_not_in_education"": 0}",Detached house,160 m2 or larger,True,1991-2000,False,False,,,,21.0,True,weekday_daytime,False,True,"Yes, automated by time (set schedule in thermostat)",No,,"[""Only on the coldest days"", ""Weekly in winter""]",,True,True,,"[""Electricity bill""]","[""Media / news""]",Spot price / Hourly spot,True,,Own electric water heater,"[""What air ventilation system do you have in your home? Natural ventilation (ventilation via windows and air vents)""]",,,,,,True,3,True,1,"[{""charging_control"": ""No"", ""distance_before_charging_km"": 35.0, ""electric_range_km"": 138.0, ""home_charging_frequency"": ""Several times a week"", ""home_charging_method"": ""Home charging station 16A, 3 phase [12kW]"", ""usual_charging_location"": ""At home on the same electricity meter as the rest of the home"", ""usual_charging_time"": ""Night (10 pm - 7 am)"", ""vehicle_number"": 1}]",[]
iflex,iflex,Exp_372,2,Couple without children living at home,Woman,High school / High school level (11-13 years of schooling),NOK 500 000 -799 999,"{""0_1"": 0, ""16_22"": 0, ""23_29"": 0, ""2_5"": 0, ""30_39"": 0, ""40_49"": 0, ""50_66"": 1, ""67_plus"": 1, ""6_15"": 0}","{""full_time_work"": 1, ""other"": 0, ""part_time_work"": 0, ""retired"": 1, ""school_or_kindergarten"": 0, ""student"": 0, ""unemployed_or_not_in_education"": 0}",Apartment block,80-99 m2,True,2001-2010,False,False,,,,22.0,True,weekday_daytime,True,False,"Yes, manually (turn on and off panel heaters, regulate temperature on thermostats, etc.)",,,,,True,False,,"[""Website (e.g. electricity supplier or others)""]",,,True,,Shared water heater or district heating,"[""What air ventilation system do you have in your home? Natural ventilation (ventilation via windows and air vents)""]",,,,,,True,1,False,,[],[]
iflex,iflex,Exp_136,3,Mother/father with small children (youngest child 0-5 years),Man,"College / University, higher degree (4 years or more)",NOK 1 000 000 - 1 499 999,"{""0_1"": 1, ""16_22"": 0, ""23_29"": 0, ""2_5"": 0, ""30_39"": 2, ""40_49"": 0, ""50_66"": 0, ""67_plus"": 0, ""6_15"": 0}","{""full_time_work"": 1, ""other"": 1, ""part_time_work"": 0, ""retired"": 0, ""school_or_kindergarten"": 0, ""student"": 0, ""unemployed_or_not_in_education"": 1}",Detached house,120-159 m2,True,1921-1940,True,False,,,,21.0,True,weekday_daytime,True,False,"Yes, manually (turn on and off panel heaters, regulate temperature on thermostats, etc.)",No,,"[""Sometimes, mostly for having it cosy"", ""Only on the coldest days"", ""Weekly in winter""]",,False,False,,,,Spot price / Hourly spot,True,False,Own electric water heater,"[""What air ventilation system do you have in your home? Natural ventilation (ventilation via windows and air vents)""]",,,,,,True,1,True,1,"[{""charging_control"": ""No"", ""distance_before_charging_km"": 80.0, ""electric_range_km"": 40.0, ""home_charging_frequency"": ""About once a week"", ""home_charging_method"": ""Standard outlet [10-16A, 1 phase, 2.3 - 3.5 kW]"", ""usual_charging_location"": ""At home on the same electricity meter as the rest of the home"", ""usual_charging_time"": ""Evening (5 pm - 10 pm)"", ""vehicle_number"": 1}]",[]
iflex,iflex,Exp_373,2,Couple without children living at home,Man,"College / University, higher degree (4 years or more)",NOK 1 500 000 or more,"{""0_1"": 0, ""16_22"": 0, ""23_29"": 0, ""2_5"": 0, ""30_39"": 0, ""40_49"": 0, ""50_66"": 0, ""67_plus"": 2, ""6_15"": 0}","{""full_time_work"": 1, ""other"": 0, ""part_time_work"": 0, ""retired"": 0, ""school_or_kindergarten"": 0, ""student"": 0, ""unemployed_or_not_in_education"": 1}",Detached house,160 m2 or larger,True,1961-1970,False,False,,,,21.0,True,weekday_daytime,True,True,"Yes, manually (turn on and off panel heaters, regulate temperature on thermostats, etc.)","Yes, manually",,"[""Sometimes, mostly for having it cosy""]",,True,True,,"[""App (e.g. electricity supplier or others)""]","[""App (e.g. electricity supplier or others)""]",Spot price / Hourly spot,True,True,Own electric water heater,"[""What air ventilation system do you have in your home? Natural ventilation (ventilation via windows and air vents)""]",,,,,,True,2,True,2,"[{""charging_control"": ""Yes, automated by price (advanced control based on spot price for electricity)"", ""distance_before_charging_km"": 380.0, ""electric_range_km"": 450.0, ""home_charging_frequency"": ""Several times a week"", ""home_charging_method"": ""Charging station 32A, 3 phase [22kW] or higher"", ""usual_charging_location"": ""Not at home (at work, street charging, public stations, other places)"", ""usual_charging_time"": ""Night (10 pm - 7 am)"", ""vehicle_number"": 1}, {""charging_control"": ""Yes, automated by price (advanced control based on spot price for electricity)"", ""distance_before_charging_km"": 380.0, ""electric_range_km"": 450.0, ""home_charging_frequency"": ""Several times a week"", ""home_charging_method"": ""Charging station 32A, 3 phase [22kW] or higher"", ""usual_charging_location"": ""Not at home (at work, street charging, public stations, other places)"", ""usual_charging_time"": ""Night (10 pm - 7 am)"", ""vehicle_number"": 2}]",[]
iflex,iflex,Exp_137,2,Couple without children living at home,Man,"College / University, undergraduate degree (1-3 years)",NOK 500 000 -799 999,"{""0_1"": 0, ""16_22"": 0, ""23_29"": 0, ""2_5"": 0, ""30_39"": 0, ""40_49"": 0, ""50_66"": 0, ""67_plus"": 2, ""6_15"": 0}","{""full_time_work"": 0, ""other"": 0, ""part_time_work"": 0, ""retired"": 2, ""school_or_kindergarten"": 0, ""student"": 0, ""unemployed_or_not_in_education"": 0}",Apartment block,100-119 m2,True,2001-2010,False,False,,,,22.0,True,weekday_daytime,True,False,"Yes, manually (turn on and off panel heaters, regulate temperature on thermostats, etc.)","Yes, manually",,,,True,True,,"[""Electricity bill""]","[""Electricity bill"", ""Website (e.g. electricity supplier or others)""]",Spot price / Hourly spot,True,False,Own electric water heater,"[""What air ventilation system do you have in your home? Natural ventilation (ventilation via windows and air vents)"", ""What air ventilation system do you have in your home? Balanced ventilation system with heat recovery""]",,,,,,True,2,True,1,"[{""charging_control"": ""Yes, manually"", ""distance_before_charging_km"": 200.0, ""electric_range_km"": 240.0, ""home_charging_frequency"": ""About once a week"", ""home_charging_method"": ""Home charging station 16A, 3 phase [12kW]"", ""usual_charging_location"": ""At home on a shared electricity meter with other homes"", ""usual_charging_time"": ""Night (10 pm - 7 am)"", ""vehicle_number"": 1}]",[]
iflex,iflex,Exp_374,2,Couple without children living at home,Woman,"College / University, higher degree (4 years or more)",NOK 1 500 000 or more,"{""0_1"": 0, ""16_22"": 0, ""23_29"": 2, ""2_5"": 0, ""30_39"": 0, ""40_49"": 0, ""50_66"": 0, ""67_plus"": 0, ""6_15"": 0}","{""full_time_work"": 2, ""other"": 0, ""part_time_work"": 0, ""retired"": 0, ""school_or_kindergarten"": 0, ""student"": 0, ""unemployed_or_not_in_education"": 0}",Apartment block,60-79 m2,True,1946-1960,False,False,,,,20.0,False,weekday_daytime,True,True,"Yes, automated by time (set schedule in thermostat)",No,,"[""Almost every day in winter""]",,True,True,,"[""App (e.g. electricity supplier or others)""]","[""App (e.g. electricity supplier or others)""]",,True,True,Own electric water heater,"[""What air ventilation system do you have in your home? Don't know""]",,,,,,False,,,,,[]
iflex,iflex,Exp_138,2,Couple without children living at home,Man,High school / High school level (11-13 years of schooling),NOK 1 000 000 - 1 499 999,"{""0_1"": 0, ""16_22"": 0, ""23_29"": 0, ""2_5"": 0, ""30_39"": 0, ""40_49"": 0, ""50_66"": 2, ""67_plus"": 0, ""6_15"": 0}","{""full_time_work"": 0, ""other"": 0, ""part_time_work"": 0, ""retired"": 2, ""school_or_kindergarten"": 0, ""student"": 0, ""unemployed_or_not_in_education"": 0}",Semi-detached house,100-119 m2,True,1981-1990,True,False,,,,22.0,True,weekday_daytime,True,True,"Yes, automated by time (set schedule in thermostat)",No,,"[""Sometimes, mostly for having it cosy""]",,False,True,,,"[""Website (e.g. electricity supplier or others)""]",Spot price / Hourly spot,True,False,Own electric water heater,"[""What air ventilation system do you have in your home? Natural ventilation (ventilation via windows and air vents)""]",,,,,,True,2,False,,[],[]
iflex,iflex,Exp_375,2,Couple without children living at home,Man,"College / University, undergraduate degree (1-3 years)",NOK 1 000 000 - 1 499 999,"{""0_1"": 0, ""16_22"": 0, ""23_29"": 0, ""2_5"": 0, ""30_39"": 0, ""40_49"": 0, ""50_66"": 1, ""67_plus"": 1, ""6_15"": 0}","{""full_time_work"": 1, ""other"": 0, ""part_time_work"": 0, ""retired"": 1, ""school_or_kindergarten"": 0, ""student"": 0, ""unemployed_or_not_in_education"": 0}",Detached house,160 m2 or larger,True,1971-1980,False,False,,,,22.0,True,weekday_daytime,True,True,"Yes, manually (turn on and off panel heaters, regulate temperature on thermostats, etc.)",No,,"[""Only on the coldest days""]",,False,True,,,"[""Electricity bill"", ""Website (e.g. electricity supplier or others)""]",Spot price / Hourly spot,True,True,Own electric water heater,"[""What air ventilation system do you have in your home? Natural ventilation (ventilation via windows and air vents)""]",,,,,,True,2,False,,[],[]
iflex,iflex,Exp_141,4,Mother/father with large children (youngest child 6-17 years),Woman,"College / University, higher degree (4 years or more)",NOK 1 000 000 - 1 499 999,"{""0_1"": 0, ""16_22"": 1, ""23_29"": 0, ""2_5"": 0, ""30_39"": 0, ""40_49"": 2, ""50_66"": 0, ""67_plus"": 0, ""6_15"": 1}","{""full_time_work"": 2, ""other"": 0, ""part_time_work"": 0, ""retired"": 0, ""school_or_kindergarten"": 1, ""student"": 1, ""unemployed_or_not_in_education"": 0}",Semi-detached house,120-159 m2,True,1946-1960,True,False,,,,20.0,False,weekday_daytime,True,False,No,No,,"[""Almost every day in winter""]",,False,False,,,,,True,,Own electric water heater,"[""What air ventilation system do you have in your home? Natural ventilation (ventilation via windows and air vents)""]",,,,,,True,1,False,,[],[]
iflex,iflex,Exp_376,2,Couple without children living at home,Man,"College / University, higher degree (4 years or more)",NOK 1 000 000 - 1 499 999,"{""0_1"": 0, ""16_22"": 0, ""23_29"": 0, ""2_5"": 0, ""30_39"": 0, ""40_49"": 0, ""50_66"": 1, ""67_plus"": 1, ""6_15"": 0}","{""full_time_work"": 1, ""other"": 0, ""part_time_work"": 0, ""retired"": 1, ""school_or_kindergarten"": 0, ""student"": 0, ""unemployed_or_not_in_education"": 0}","Townhouses, chain houses and other small houses with 3 homes or more",160 m2 or larger,True,1971-1980,False,False,,,,21.0,True,weekday_daytime,False,True,"Yes, manually (turn on and off panel heaters, regulate temperature on thermostats, etc.)",No,,"[""Almost every day in winter""]",,True,True,,"[""App (e.g. electricity supplier or others)""]","[""Media / news"", ""Other""]",,True,False,Own electric water heater,"[""What air ventilation system do you have in your home? Mechanical ventilation manually controlled""]",,,,,,True,2,False,,[],[]
iflex,iflex,Exp_142,4,Couple with small child (youngest child 0-5 years),Woman,"College / University, higher degree (4 years or more)",NOK 1 500 000 or more,"{""0_1"": 0, ""16_22"": 0, ""23_29"": 0, ""2_5"": 2, ""30_39"": 2, ""40_49"": 0, ""50_66"": 0, ""67_plus"": 0, ""6_15"": 0}","{""full_time_work"": 2, ""other"": 0, ""part_time_work"": 0, ""retired"": 0, ""school_or_kindergarten"": 2, ""student"": 0, ""unemployed_or_not_in_education"": 0}",Detached house,120-159 m2,True,2011 or later,False,False,,,,22.0,False,weekday_daytime,True,False,"Yes, manually (turn on and off panel heaters, regulate temperature on thermostats, etc.)",No,,"[""Almost every day in winter""]",,True,False,,"[""Electricity bill"", ""Website (e.g. electricity supplier or others)""]",,Spot price / Hourly spot,True,False,Own electric water heater,"[""What air ventilation system do you have in your home? Natural ventilation (ventilation via windows and air vents)"", ""What air ventilation system do you have in your home? Mechanical ventilation manually controlled""]",,,,,,True,2,True,1,"[{""charging_control"": ""No"", ""distance_before_charging_km"": 100.0, ""electric_range_km"": 120.0, ""home_charging_frequency"": ""Several times a week"", ""home_charging_method"": ""Standard outlet [10-16A, 1 phase, 2.3 - 3.5 kW]"", ""usual_charging_location"": ""At home on the same electricity meter as the rest of the home"", ""usual_charging_time"": ""Night (10 pm - 7 am)"", ""vehicle_number"": 1}]",[]
iflex,iflex,Exp_377,4,Couple with small child (youngest child 0-5 years),Man,"College / University, higher degree (4 years or more)",NOK 1 500 000 or more,"{""0_1"": 1, ""16_22"": 0, ""23_29"": 1, ""2_5"": 1, ""30_39"": 1, ""40_49"": 0, ""50_66"": 0, ""67_plus"": 0, ""6_15"": 0}","{""full_time_work"": 2, ""other"": 0, ""part_time_work"": 0, ""retired"": 0, ""school_or_kindergarten"": 1, ""student"": 0, ""unemployed_or_not_in_education"": 0}","Townhouses, chain houses and other small houses with 3 homes or more",160 m2 or larger,True,1971-1980,True,False,,,,21.0,False,weekday_daytime,True,True,"Yes, automated by time (set schedule in thermostat)",No,,"[""Only on the coldest days""]",,True,True,,"[""App (e.g. electricity supplier or others)""]","[""App (e.g. electricity supplier or others)""]",Spot price / Hourly spot,True,False,Own electric water heater,"[""What air ventilation system do you have in your home? Mechanical ventilation manually controlled""]",,,,,,True,1,True,1,"[{""charging_control"": ""Yes, manually"", ""distance_before_charging_km"": 40.0, ""electric_range_km"": 45.0, ""home_charging_frequency"": ""Daily"", ""home_charging_method"": ""Home charging station 16A, 3 phase [12kW]"", ""usual_charging_location"": ""At home on the same electricity meter as the rest of the home"", ""usual_charging_time"": ""Afternoon (1 pm - 5 pm)"", ""vehicle_number"": 1}]",[]
iflex,iflex,Exp_144,2,Couple without children living at home,Man,"College / University, higher degree (4 years or more)",NOK 1 500 000 or more,"{""0_1"": 0, ""16_22"": 0, ""23_29"": 0, ""2_5"": 0, ""30_39"": 0, ""40_49"": 0, ""50_66"": 2, ""67_plus"": 0, ""6_15"": 0}","{""full_time_work"": 2, ""other"": 0, ""part_time_work"": 0, ""retired"": 0, ""school_or_kindergarten"": 0, ""student"": 0, ""unemployed_or_not_in_education"": 0}",Apartment block,120-159 m2,True,1900 or earlier,True,False,,,,21.0,False,weekday_daytime,True,True,"Yes, manually (turn on and off panel heaters, regulate temperature on thermostats, etc.)",,,,,False,False,,,,Variable price,True,False,Shared water heater or district heating,"[""What air ventilation system do you have in your home? Natural ventilation (ventilation via windows and air vents)""]",,,,,,True,3,False,,[],[]
iflex,iflex,Exp_381,7,Multi-family household with small children (youngest child 0-5 years),Man,"College / University, undergraduate degree (1-3 years)",NOK 800 000 - 999 999,"{""0_1"": 0, ""16_22"": 0, ""23_29"": 2, ""2_5"": 2, ""30_39"": 0, ""40_49"": 0, ""50_66"": 1, ""67_plus"": 1, ""6_15"": 1}","{""full_time_work"": 1, ""other"": 0, ""part_time_work"": 0, ""retired"": 1, ""school_or_kindergarten"": 3, ""student"": 1, ""unemployed_or_not_in_education"": 1}",Detached house,160 m2 or larger,True,1971-1980,True,False,,,,23.0,True,weekday_daytime,True,True,No,No,,"[""Only on the coldest days""]",,True,False,,"[""Electricity bill""]",,Spot price / Hourly spot,True,True,Own electric water heater,"[""What air ventilation system do you have in your home? Natural ventilation (ventilation via windows and air vents)""]",,,,,,True,3,True,1,"[{""charging_control"": ""Yes, automated by time"", ""distance_before_charging_km"": 60.0, ""electric_range_km"": 300.0, ""home_charging_frequency"": ""Daily"", ""home_charging_method"": ""Charging station 32A, 3 phase [22kW] or higher"", ""usual_charging_location"": ""At home on the same electricity meter as the rest of the home"", ""usual_charging_time"": ""Night (10 pm - 7 am)"", ""vehicle_number"": 1}]",[]
iflex,iflex,Exp_145,5,Couple with small child (youngest child 0-5 years),Woman,"College / University, higher degree (4 years or more)",NOK 800 000 - 999 999,"{""0_1"": 0, ""16_22"": 0, ""23_29"": 0, ""2_5"": 2, ""30_39"": 2, ""40_49"": 0, ""50_66"": 0, ""67_plus"": 0, ""6_15"": 1}","{""full_time_work"": 1, ""other"": 0, ""part_time_work"": 1, ""retired"": 0, ""school_or_kindergarten"": 2, ""student"": 0, ""unemployed_or_not_in_education"": 0}",Detached house,100-119 m2,True,1900 or earlier,False,False,,,,21.0,False,weekday_daytime,True,False,No,No,,"[""Sometimes, mostly for having it cosy""]",,False,False,,,,,True,,Own electric water heater,"[""What air ventilation system do you have in your home? Natural ventilation (ventilation via windows and air vents)""]",,,,,,True,1,False,,[],[]
iflex,iflex,Exp_382,3,Couple with large children (youngest child 6-17 years),Man,"College / University, higher degree (4 years or more)",NOK 1 000 000 - 1 499 999,"{""0_1"": 0, ""16_22"": 0, ""23_29"": 0, ""2_5"": 0, ""30_39"": 0, ""40_49"": 0, ""50_66"": 2, ""67_plus"": 0, ""6_15"": 1}","{""full_time_work"": 2, ""other"": 0, ""part_time_work"": 0, ""retired"": 0, ""school_or_kindergarten"": 1, ""student"": 0, ""unemployed_or_not_in_education"": 0}","Townhouses, chain houses and other small houses with 3 homes or more",120-159 m2,True,1971-1980,False,False,,,,23.0,False,weekday_daytime,True,False,"Yes, manually (turn on and off panel heaters, regulate temperature on thermostats, etc.)",No,,"[""Sometimes, mostly for having it cosy"", ""Only on the coldest days""]",,True,False,,"[""Electricity bill""]",,Spot price / Hourly spot,True,False,Own electric water heater,"[""What air ventilation system do you have in your home? Natural ventilation (ventilation via windows and air vents)""]",,,,,,True,2,False,,[],[]
iflex,iflex,Exp_146,4,Couple with large children (youngest child 6-17 years),Woman,"College / University, higher degree (4 years or more)",NOK 1 000 000 - 1 499 999,"{""0_1"": 0, ""16_22"": 1, ""23_29"": 0, ""2_5"": 0, ""30_39"": 0, ""40_49"": 2, ""50_66"": 0, ""67_plus"": 0, ""6_15"": 1}","{""full_time_work"": 2, ""other"": 0, ""part_time_work"": 0, ""retired"": 0, ""school_or_kindergarten"": 0, ""student"": 2, ""unemployed_or_not_in_education"": 0}","Townhouses, chain houses and other small houses with 3 homes or more",120-159 m2,True,1946-1960,True,False,,,,22.0,False,weekday_daytime,True,True,"Yes, automated by time (set schedule in thermostat)",No,,"[""Weekly in winter""]",,False,False,,,,,True,True,Own electric water heater,"[""What air ventilation system do you have in your home? Natural ventilation (ventilation via windows and air vents)""]",,,,,,True,1,False,,[],[]
iflex,iflex,Exp_388,2,Couple without children living at home,Man,"College / University, undergraduate degree (1-3 years)",,"{""0_1"": 0, ""16_22"": 0, ""23_29"": 0, ""2_5"": 0, ""30_39"": 0, ""40_49"": 0, ""50_66"": 0, ""67_plus"": 2, ""6_15"": 0}","{""full_time_work"": 0, ""other"": 0, ""part_time_work"": 0, ""retired"": 2, ""school_or_kindergarten"": 0, ""student"": 0, ""unemployed_or_not_in_education"": 0}",Apartment block,80-99 m2,True,1981-1990,False,False,,,,23.0,True,weekday_daytime,False,True,"Yes, manually (turn on and off panel heaters, regulate temperature on thermostats, etc.)",,,,,False,False,,,,,True,,Shared water heater or district heating,"[""What air ventilation system do you have in your home? Natural ventilation (ventilation via windows and air vents)""]",,,,,,False,,,,,[]
iflex,iflex,Exp_147,2,Couple without children living at home,Man,"College / University, higher degree (4 years or more)",NOK 1 000 000 - 1 499 999,"{""0_1"": 0, ""16_22"": 0, ""23_29"": 0, ""2_5"": 0, ""30_39"": 0, ""40_49"": 0, ""50_66"": 0, ""67_plus"": 2, ""6_15"": 0}","{""full_time_work"": 0, ""other"": 0, ""part_time_work"": 0, ""retired"": 2, ""school_or_kindergarten"": 0, ""student"": 0, ""unemployed_or_not_in_education"": 0}",Detached house,160 m2 or larger,True,1961-1970,False,False,,,,23.0,True,weekday_daytime,True,True,No,No,,"[""Weekly in winter""]",,False,False,,,,,True,,Own electric water heater,"[""What air ventilation system do you have in your home? Natural ventilation (ventilation via windows and air vents)""]",,,,,,True,1,False,,[],[]
iflex,iflex,Exp_389,2,Couple without children living at home,Man,"College / University, higher degree (4 years or more)",NOK 800 000 - 999 999,"{""0_1"": 0, ""16_22"": 0, ""23_29"": 0, ""2_5"": 0, ""30_39"": 0, ""40_49"": 0, ""50_66"": 0, ""67_plus"": 2, ""6_15"": 0}","{""full_time_work"": 0, ""other"": 0, ""part_time_work"": 0, ""retired"": 2, ""school_or_kindergarten"": 0, ""student"": 0, ""unemployed_or_not_in_education"": 0}",Detached house,120-159 m2,True,1961-1970,True,False,,,,23.0,True,weekday_daytime,True,True,"Yes, manually (turn on and off panel heaters, regulate temperature on thermostats, etc.)",No,,"[""Only on the coldest days""]",,False,False,,,,Variable price,True,False,Own electric water heater,"[""What air ventilation system do you have in your home? Natural ventilation (ventilation via windows and air vents)""]",,,,,,True,2,True,1,"[{""charging_control"": ""No"", ""distance_before_charging_km"": 200.0, ""electric_range_km"": 200.0, ""home_charging_frequency"": ""Several times a week"", ""home_charging_method"": ""Charging station 32A, 3 phase [22kW] or higher"", ""usual_charging_location"": ""At home on the same electricity meter as the rest of the home"", ""usual_charging_time"": null, ""vehicle_number"": 1}]",[]
iflex,iflex,Exp_148,6,Mother/father with large children (youngest child 6-17 years),Woman,"College / University, higher degree (4 years or more)",NOK 1 500 000 or more,"{""0_1"": 0, ""16_22"": 0, ""23_29"": 0, ""2_5"": 0, ""30_39"": 0, ""40_49"": 2, ""50_66"": 0, ""67_plus"": 0, ""6_15"": 4}","{""full_time_work"": 2, ""other"": 0, ""part_time_work"": 0, ""retired"": 0, ""school_or_kindergarten"": 0, ""student"": 3, ""unemployed_or_not_in_education"": 0}",Detached house,160 m2 or larger,True,2001-2010,False,False,,,,22.0,False,weekday_daytime,True,False,"Yes, manually (turn on and off panel heaters, regulate temperature on thermostats, etc.)",No,,,,False,False,,,,Variable price,True,False,Own electric water heater,"[""What air ventilation system do you have in your home? Natural ventilation (ventilation via windows and air vents)""]",,,,,,True,2,True,2,"[{""charging_control"": ""Yes, manually"", ""distance_before_charging_km"": 60.0, ""electric_range_km"": 80.0, ""home_charging_frequency"": ""Several times a week"", ""home_charging_method"": ""Standard outlet [10-16A, 1 phase, 2.3 - 3.5 kW]"", ""usual_charging_location"": ""At home on the same electricity meter as the rest of the home"", ""usual_charging_time"": ""Night (10 pm - 7 am)"", ""vehicle_number"": 1}, {""charging_control"": ""Yes, manually"", ""distance_before_charging_km"": 60.0, ""electric_range_km"": 40.0, ""home_charging_frequency"": ""Several times a week"", ""home_charging_method"": ""Standard outlet [10-16A, 1 phase, 2.3 - 3.5 kW]"", ""usual_charging_location"": ""At home on the same electricity meter as the rest of the home"", ""usual_charging_time"": ""Night (10 pm - 7 am)"", ""vehicle_number"": 2}]",[]
iflex,iflex,Exp_390,2,Couple without children living at home,Man,"College / University, undergraduate degree (1-3 years)",NOK 1 000 000 - 1 499 999,"{""0_1"": 0, ""16_22"": 0, ""23_29"": 0, ""2_5"": 0, ""30_39"": 0, ""40_49"": 0, ""50_66"": 2, ""67_plus"": 0, ""6_15"": 0}","{""full_time_work"": 2, ""other"": 0, ""part_time_work"": 0, ""retired"": 0, ""school_or_kindergarten"": 0, ""student"": 0, ""unemployed_or_not_in_education"": 0}",Detached house,160 m2 or larger,True,1981-1990,True,False,,,,23.0,True,weekday_daytime,True,True,"Yes, manually (turn on and off panel heaters, regulate temperature on thermostats, etc.)",No,,"[""Only on the coldest days""]",,False,True,,,"[""Media / news""]",,True,,Own electric water heater,"[""What air ventilation system do you have in your home? Natural ventilation (ventilation via windows and air vents)""]",,,,,,True,2,False,,[],[]
iflex,iflex,Exp_149,1,Living alone,Woman,"College / University, higher degree (4 years or more)",NOK 800 000 - 999 999,"{""0_1"": 0, ""16_22"": 0, ""23_29"": 0, ""2_5"": 0, ""30_39"": 1, ""40_49"": 0, ""50_66"": 0, ""67_plus"": 0, ""6_15"": 0}","{""full_time_work"": 1, ""other"": 0, ""part_time_work"": 0, ""retired"": 0, ""school_or_kindergarten"": 0, ""student"": 0, ""unemployed_or_not_in_education"": 0}",Apartment block,80-99 m2,True,1900 or earlier,True,False,,,,24.0,False,weekday_daytime,True,True,"Yes, automated by time (set schedule in thermostat)",No,,"[""Only on the coldest days""]",,True,True,,"[""Website (e.g. electricity supplier or others)""]","[""Website (e.g. electricity supplier or others)""]",,True,,Own electric water heater,"[""What air ventilation system do you have in your home? Natural ventilation (ventilation via windows and air vents)""]",,,,,,True,1,False,,[],[]
iflex,iflex,Exp_391,1,Mother/father with small children (youngest child 0-5 years),Man,High school / High school level (11-13 years of schooling),Below NOK 300 000,"{""0_1"": 0, ""16_22"": 0, ""23_29"": 0, ""2_5"": 0, ""30_39"": 1, ""40_49"": 0, ""50_66"": 0, ""67_plus"": 0, ""6_15"": 0}","{""full_time_work"": 0, ""other"": 0, ""part_time_work"": 0, ""retired"": 0, ""school_or_kindergarten"": 0, ""student"": 0, ""unemployed_or_not_in_education"": 1}",Apartment block,50-59 m2,True,1971-1980,False,False,,,,19.0,True,weekday_daytime,False,False,"Yes, manually (turn on and off panel heaters, regulate temperature on thermostats, etc.)",No,,,,False,False,,,,Other,True,False,Own electric water heater,"[""What air ventilation system do you have in your home? Natural ventilation (ventilation via windows and air vents)""]",,,,,,False,,,,,[]
iflex,iflex,Exp_150,3,Couple with large children (youngest child 6-17 years),Man,"College / University, undergraduate degree (1-3 years)",NOK 1 500 000 or more,"{""0_1"": 0, ""16_22"": 1, ""23_29"": 0, ""2_5"": 0, ""30_39"": 0, ""40_49"": 1, ""50_66"": 1, ""67_plus"": 0, ""6_15"": 0}","{""full_time_work"": 2, ""other"": 0, ""part_time_work"": 0, ""retired"": 0, ""school_or_kindergarten"": 1, ""student"": 0, ""unemployed_or_not_in_education"": 0}",Detached house,120-159 m2,True,1971-1980,True,False,,,,22.0,False,weekday_daytime,True,False,"Yes, manually (turn on and off panel heaters, regulate temperature on thermostats, etc.)",No,,,,True,False,,"[""Website (e.g. electricity supplier or others)""]",,Spot price / Hourly spot,True,False,Own electric water heater,"[""What air ventilation system do you have in your home? Natural ventilation (ventilation via windows and air vents)"", ""What air ventilation system do you have in your home? Mechanical ventilation manually controlled""]",,,,,,True,1,True,1,"[{""charging_control"": ""Yes, manually"", ""distance_before_charging_km"": 250.0, ""electric_range_km"": 300.0, ""home_charging_frequency"": ""Several times a week"", ""home_charging_method"": ""Home charging station 16A, 3 phase [12kW]"", ""usual_charging_location"": ""At home on the same electricity meter as the rest of the home"", ""usual_charging_time"": ""Night (10 pm - 7 am)"", ""vehicle_number"": 1}]",[]
iflex,iflex,Exp_392,2,Multi-family household with small children (youngest child 0-5 years),Man,"College / University, higher degree (4 years or more)",NOK 1 000 000 - 1 499 999,"{""0_1"": 0, ""16_22"": 0, ""23_29"": 0, ""2_5"": 0, ""30_39"": 0, ""40_49"": 0, ""50_66"": 2, ""67_plus"": 0, ""6_15"": 0}","{""full_time_work"": 2, ""other"": 0, ""part_time_work"": 0, ""retired"": 0, ""school_or_kindergarten"": 0, ""student"": 0, ""unemployed_or_not_in_education"": 0}",Apartment block,80-99 m2,True,1981-1990,True,False,,,,22.0,False,weekday_daytime,True,False,No,No,,,,False,False,,,,,True,,Own electric water heater,"[""What air ventilation system do you have in your home? Natural ventilation (ventilation via windows and air vents)"", ""What air ventilation system do you have in your home? Balanced ventilation system with heat recovery""]",,,,,,True,2,True,2,"[{""charging_control"": ""No"", ""distance_before_charging_km"": 40.0, ""electric_range_km"": 250.0, ""home_charging_frequency"": ""Daily"", ""home_charging_method"": ""Charging station 32A, 3 phase [22kW] or higher"", ""usual_charging_location"": ""At home on a shared electricity meter with other homes"", ""usual_charging_time"": ""Evening (5 pm - 10 pm)"", ""vehicle_number"": 1}, {""charging_control"": null, ""distance_before_charging_km"": 40.0, ""electric_range_km"": 130.0, ""home_charging_frequency"": null, ""home_charging_method"": null, ""usual_charging_location"": ""Not at home (at work, street charging, public stations, other places)"", ""usual_charging_time"": null, ""vehicle_number"": 2}]",[]
iflex,iflex,Exp_151,2,Multi-family household without children 0-17 years,Woman,"College / University, higher degree (4 years or more)",NOK 1 000 000 - 1 499 999,"{""0_1"": 0, ""16_22"": 0, ""23_29"": 0, ""2_5"": 0, ""30_39"": 0, ""40_49"": 0, ""50_66"": 0, ""67_plus"": 2, ""6_15"": 0}","{""full_time_work"": 0, ""other"": 0, ""part_time_work"": 0, ""retired"": 2, ""school_or_kindergarten"": 0, ""student"": 0, ""unemployed_or_not_in_education"": 0}",Apartment block,100-119 m2,True,1991-2000,False,False,,,,24.0,True,weekday_daytime,False,True,"Yes, manually (turn on and off panel heaters, regulate temperature on thermostats, etc.)",No,,,,True,False,,"[""App (e.g. electricity supplier or others)""]",,Variable price,True,False,Own electric water heater,"[""What air ventilation system do you have in your home? Natural ventilation (ventilation via windows and air vents)"", ""What air ventilation system do you have in your home? Mechanical ventilation manually controlled""]",,,,,,True,1,True,1,"[{""charging_control"": ""Yes, manually"", ""distance_before_charging_km"": 100.0, ""electric_range_km"": 200.0, ""home_charging_frequency"": ""About once a week"", ""home_charging_method"": null, ""usual_charging_location"": ""At home on an additional electricity meter"", ""usual_charging_time"": ""Night (10 pm - 7 am)"", ""vehicle_number"": 1}]",[]
iflex,iflex,Exp_393,4,Couple with small child (youngest child 0-5 years),Woman,"College / University, undergraduate degree (1-3 years)",NOK 1 000 000 - 1 499 999,"{""0_1"": 0, ""16_22"": 0, ""23_29"": 0, ""2_5"": 1, ""30_39"": 1, ""40_49"": 1, ""50_66"": 0, ""67_plus"": 0, ""6_15"": 1}","{""full_time_work"": 2, ""other"": 0, ""part_time_work"": 0, ""retired"": 0, ""school_or_kindergarten"": 2, ""student"": 0, ""unemployed_or_not_in_education"": 0}",Semi-detached house,120-159 m2,True,1961-1970,True,False,,,,22.0,False,weekday_daytime,True,True,"Yes, manually (turn on and off panel heaters, regulate temperature on thermostats, etc.)",No,,"[""Sometimes, mostly for having it cosy""]",,True,True,,"[""Website (e.g. electricity supplier or others)""]","[""Website (e.g. electricity supplier or others)""]",Variable price,True,,Own electric water heater,"[""What air ventilation system do you have in your home? Balanced ventilation system with heat recovery""]",,,,,,True,2,True,1,"[{""charging_control"": ""Yes, manually"", ""distance_before_charging_km"": 1.0, ""electric_range_km"": 430.0, ""home_charging_frequency"": ""Several times a week"", ""home_charging_method"": ""Standard outlet [10-16A, 1 phase, 2.3 - 3.5 kW]"", ""usual_charging_location"": ""At home on the same electricity meter as the rest of the home"", ""usual_charging_time"": ""Night (10 pm - 7 am)"", ""vehicle_number"": 1}]",[]
iflex,iflex,Exp_152,2,Couple without children living at home,Man,"College / University, higher degree (4 years or more)",NOK 1 500 000 or more,"{""0_1"": 0, ""16_22"": 0, ""23_29"": 0, ""2_5"": 0, ""30_39"": 0, ""40_49"": 0, ""50_66"": 2, ""67_plus"": 0, ""6_15"": 0}","{""full_time_work"": 2, ""other"": 0, ""part_time_work"": 0, ""retired"": 0, ""school_or_kindergarten"": 0, ""student"": 0, ""unemployed_or_not_in_education"": 0}",Detached house,160 m2 or larger,True,1981-1990,True,True,True,,,25.0,False,weekday_daytime,True,True,"Yes, automated by time (set schedule in thermostat)",No,,"[""Sometimes, mostly for having it cosy"", ""Only on the coldest days""]",,False,False,,,,Spot price / Hourly spot,True,False,Own electric water heater,"[""What air ventilation system do you have in your home? Natural ventilation (ventilation via windows and air vents)"", ""What air ventilation system do you have in your home? Balanced ventilation system with heat recovery""]",,,,,,True,2,False,,[],[]
iflex,iflex,Exp_394,1,Single-family households with adult children (youngest child 18 years or older),Man,"College / University, undergraduate degree (1-3 years)",NOK 500 000 -799 999,"{""0_1"": 0, ""16_22"": 0, ""23_29"": 0, ""2_5"": 0, ""30_39"": 0, ""40_49"": 0, ""50_66"": 1, ""67_plus"": 0, ""6_15"": 0}","{""full_time_work"": 1, ""other"": 0, ""part_time_work"": 0, ""retired"": 0, ""school_or_kindergarten"": 0, ""student"": 0, ""unemployed_or_not_in_education"": 0}",Apartment block,80-99 m2,True,1981-1990,True,False,,,,19.0,False,weekday_daytime,False,True,"Yes, automated by time (set schedule in thermostat)",,,,,False,True,,,"[""Electricity bill"", ""Media / news""]",,True,,Shared water heater or district heating,"[""0"", ""What air ventilation system do you have in your home? Mechanical ventilation manually controlled""]",,,,,,True,2,True,1,"[{""charging_control"": null, ""distance_before_charging_km"": 40.0, ""electric_range_km"": 80.0, ""home_charging_frequency"": null, ""home_charging_method"": null, ""usual_charging_location"": ""Not at home (at work, street charging, public stations, other places)"", ""usual_charging_time"": null, ""vehicle_number"": 1}]",[]
iflex,iflex,Exp_153,5,Other,Man,"College / University, higher degree (4 years or more)",NOK 1 000 000 - 1 499 999,"{""0_1"": 0, ""16_22"": 1, ""23_29"": 0, ""2_5"": 2, ""30_39"": 0, ""40_49"": 1, ""50_66"": 1, ""67_plus"": 0, ""6_15"": 0}","{""full_time_work"": 2, ""other"": 0, ""part_time_work"": 1, ""retired"": 0, ""school_or_kindergarten"": 2, ""student"": 0, ""unemployed_or_not_in_education"": 0}",Apartment block,120-159 m2,True,1991-2000,False,False,,,,20.0,True,weekday_daytime,False,False,No,No,,,,False,False,,,,Variable price,True,,Own electric water heater,"[""0"", ""What air ventilation system do you have in your home? Mechanical ventilation manually controlled""]",,,,,,True,2,True,1,"[{""charging_control"": ""Yes, automated by time"", ""distance_before_charging_km"": 200.0, ""electric_range_km"": 450.0, ""home_charging_frequency"": ""About once a week"", ""home_charging_method"": ""Charging station 32A, 3 phase [22kW] or higher"", ""usual_charging_location"": ""At home on the same electricity meter as the rest of the home"", ""usual_charging_time"": ""Night (10 pm - 7 am)"", ""vehicle_number"": 1}]",[]
iflex,iflex,Exp_396,4,Couple with small child (youngest child 0-5 years),Man,"College / University, undergraduate degree (1-3 years)",NOK 1 500 000 or more,"{""0_1"": 0, ""16_22"": 0, ""23_29"": 0, ""2_5"": 2, ""30_39"": 0, ""40_49"": 2, ""50_66"": 0, ""67_plus"": 0, ""6_15"": 0}","{""full_time_work"": 2, ""other"": 0, ""part_time_work"": 0, ""retired"": 0, ""school_or_kindergarten"": 2, ""student"": 0, ""unemployed_or_not_in_education"": 0}",Detached house,160 m2 or larger,True,1991-2000,False,True,True,,,21.0,False,weekday_daytime,True,False,"Yes, manually (turn on and off panel heaters, regulate temperature on thermostats, etc.)",No,,"[""Almost every day in winter""]",,False,True,,,"[""Electricity bill"", ""Website (e.g. electricity supplier or others)""]",Variable price,True,False,Own electric water heater,"[""What air ventilation system do you have in your home? Natural ventilation (ventilation via windows and air vents)""]",,,,,,True,2,True,2,"[{""charging_control"": ""Yes, manually"", ""distance_before_charging_km"": 50.0, ""electric_range_km"": 495.0, ""home_charging_frequency"": ""Several times a week"", ""home_charging_method"": ""Home charging station 16A, 3 phase [12kW]"", ""usual_charging_location"": ""At home on the same electricity meter as the rest of the home"", ""usual_charging_time"": ""Evening (5 pm - 10 pm)"", ""vehicle_number"": 1}, {""charging_control"": ""Yes, manually"", ""distance_before_charging_km"": 40.0, ""electric_range_km"": 110.0, ""home_charging_frequency"": ""Daily"", ""home_charging_method"": ""Home charging station 16A, 3 phase [12kW]"", ""usual_charging_location"": ""At home on the same electricity meter as the rest of the home"", ""usual_charging_time"": ""Evening (5 pm - 10 pm)"", ""vehicle_number"": 2}]",[]
iflex,iflex,Exp_154,3,Couple with small child (youngest child 0-5 years),Man,"College / University, higher degree (4 years or more)",NOK 1 000 000 - 1 499 999,"{""0_1"": 0, ""16_22"": 0, ""23_29"": 0, ""2_5"": 1, ""30_39"": 2, ""40_49"": 0, ""50_66"": 0, ""67_plus"": 0, ""6_15"": 0}","{""full_time_work"": 1, ""other"": 0, ""part_time_work"": 1, ""retired"": 0, ""school_or_kindergarten"": 1, ""student"": 0, ""unemployed_or_not_in_education"": 0}","Townhouses, chain houses and other small houses with 3 homes or more",120-159 m2,True,1946-1960,True,False,,,,22.0,False,weekday_daytime,True,True,"Yes, automated by time (set schedule in thermostat)","Yes, manually",,"[""Weekly in winter""]",,True,False,,"[""Electricity bill"", ""Website (e.g. electricity supplier or others)""]",,Spot price / Hourly spot,True,True,Own electric water heater,"[""What air ventilation system do you have in your home? Natural ventilation (ventilation via windows and air vents)"", ""What air ventilation system do you have in your home? Mechanical ventilation manually controlled""]",,,,,,True,1,False,,[],[]
iflex,iflex,Exp_397,2,,Man,"College / University, higher degree (4 years or more)",,"{""0_1"": 0, ""16_22"": 0, ""23_29"": 0, ""2_5"": 0, ""30_39"": 0, ""40_49"": 2, ""50_66"": 0, ""67_plus"": 0, ""6_15"": 0}","{""full_time_work"": 2, ""other"": 0, ""part_time_work"": 0, ""retired"": 0, ""school_or_kindergarten"": 0, ""student"": 0, ""unemployed_or_not_in_education"": 0}",Apartment block,80-99 m2,True,1900 or earlier,True,False,,,,22.0,False,weekday_daytime,True,True,"Yes, automated by time (set schedule in thermostat)",No,,"[""Sometimes, mostly for having it cosy"", ""Only on the coldest days""]",,True,True,,"[""Website (e.g. electricity supplier or others)""]","[""App (e.g. electricity supplier or others)""]",Spot price / Hourly spot,True,True,Own electric water heater,"[""What air ventilation system do you have in your home? Natural ventilation (ventilation via windows and air vents)""]",,,,,,False,,,,,[]
iflex,iflex,Exp_155,1,Living alone,Woman,"College / University, undergraduate degree (1-3 years)",NOK 300 000 - 499 999,"{""0_1"": 0, ""16_22"": 0, ""23_29"": 0, ""2_5"": 0, ""30_39"": 0, ""40_49"": 0, ""50_66"": 0, ""67_plus"": 1, ""6_15"": 0}","{""full_time_work"": 0, ""other"": 0, ""part_time_work"": 0, ""retired"": 1, ""school_or_kindergarten"": 0, ""student"": 0, ""unemployed_or_not_in_education"": 0}",Apartment block,100-119 m2,True,1981-1990,False,False,,,,21.0,True,weekday_daytime,True,True,No,No,,"[""Sometimes, mostly for having it cosy"", ""Only on the coldest days""]",,False,False,,,,Spot price / Hourly spot,True,False,Own electric water heater,"[""What air ventilation system do you have in your home? Natural ventilation (ventilation via windows and air vents)""]",,,,,,True,1,False,,[],[]
iflex,iflex,Exp_398,1,Living alone,Man,Primary school (up to 10 years of schooling),NOK 300 000 - 499 999,"{""0_1"": 0, ""16_22"": 0, ""23_29"": 0, ""2_5"": 0, ""30_39"": 0, ""40_49"": 0, ""50_66"": 0, ""67_plus"": 1, ""6_15"": 0}","{""full_time_work"": 0, ""other"": 0, ""part_time_work"": 0, ""retired"": 1, ""school_or_kindergarten"": 0, ""student"": 0, ""unemployed_or_not_in_education"": 0}",Apartment block,80-99 m2,True,2001-2010,False,False,,,,24.0,True,weekday_daytime,True,False,"Yes, manually (turn on and off panel heaters, regulate temperature on thermostats, etc.)",No,,,,False,False,,,,Variable price,True,True,Own electric water heater,"[""0"", ""What air ventilation system do you have in your home? Balanced ventilation system with heat recovery""]",,,,,,True,1,False,,[],[]
iflex,iflex,Exp_156,1,Living alone,Woman,"College / University, higher degree (4 years or more)",NOK 1 000 000 - 1 499 999,"{""0_1"": 0, ""16_22"": 0, ""23_29"": 0, ""2_5"": 0, ""30_39"": 0, ""40_49"": 0, ""50_66"": 1, ""67_plus"": 0, ""6_15"": 0}","{""full_time_work"": 1, ""other"": 0, ""part_time_work"": 0, ""retired"": 0, ""school_or_kindergarten"": 0, ""student"": 0, ""unemployed_or_not_in_education"": 0}",Apartment block,80-99 m2,True,2001-2010,False,False,,,,22.0,False,weekday_daytime,True,True,"Yes, manually (turn on and off panel heaters, regulate temperature on thermostats, etc.)",,,,,True,False,,"[""Electricity bill"", ""App (e.g. electricity supplier or others)""]",,Spot price / Hourly spot,True,False,Shared water heater or district heating,"[""What air ventilation system do you have in your home? Natural ventilation (ventilation via windows and air vents)"", ""What air ventilation system do you have in your home? Mechanical ventilation manually controlled""]",,,,,,True,1,False,,[],[]
iflex,iflex,Exp_400,1,Mother/father with large children (youngest child 6-17 years),Man,"College / University, undergraduate degree (1-3 years)",,"{""0_1"": 0, ""16_22"": 0, ""23_29"": 0, ""2_5"": 0, ""30_39"": 0, ""40_49"": 1, ""50_66"": 0, ""67_plus"": 0, ""6_15"": 0}","{""full_time_work"": 1, ""other"": 0, ""part_time_work"": 0, ""retired"": 0, ""school_or_kindergarten"": 0, ""student"": 0, ""unemployed_or_not_in_education"": 0}",Semi-detached house,60-79 m2,True,1901-1920,False,False,,,,20.0,False,weekday_daytime,True,True,"Yes, manually (turn on and off panel heaters, regulate temperature on thermostats, etc.)",No,,"[""Only on the coldest days""]",,False,True,,,"[""Website (e.g. electricity supplier or others)""]",Spot price / Hourly spot,True,,Own electric water heater,"[""What air ventilation system do you have in your home? Natural ventilation (ventilation via windows and air vents)""]",,,,,,True,1,True,1,"[{""charging_control"": ""Yes, manually"", ""distance_before_charging_km"": 120.0, ""electric_range_km"": 160.0, ""home_charging_frequency"": ""About once a week"", ""home_charging_method"": ""Standard outlet [10-16A, 1 phase, 2.3 - 3.5 kW]"", ""usual_charging_location"": ""Not at home (at work, street charging, public stations, other places)"", ""usual_charging_time"": ""Night (10 pm - 7 am)"", ""vehicle_number"": 1}]",[]
iflex,iflex,Exp_157,2,Couple without children living at home,Man,"College / University, higher degree (4 years or more)",NOK 300 000 - 499 999,"{""0_1"": 0, ""16_22"": 0, ""23_29"": 0, ""2_5"": 0, ""30_39"": 0, ""40_49"": 0, ""50_66"": 0, ""67_plus"": 2, ""6_15"": 0}","{""full_time_work"": 0, ""other"": 0, ""part_time_work"": 0, ""retired"": 2, ""school_or_kindergarten"": 0, ""student"": 0, ""unemployed_or_not_in_education"": 0}",Detached house,120-159 m2,True,1961-1970,True,False,,,,23.0,True,weekday_daytime,True,False,"Yes, manually (turn on and off panel heaters, regulate temperature on thermostats, etc.)",No,,"[""Only on the coldest days""]",,True,True,,"[""Website (e.g. electricity supplier or others)""]","[""Media / news""]",Variable price,True,False,Own electric water heater,"[""What air ventilation system do you have in your home? Natural ventilation (ventilation via windows and air vents)"", ""What air ventilation system do you have in your home? Mechanical ventilation manually controlled""]",,,,,,True,2,False,,[],[]
iflex,iflex,Exp_402,3,Single-family households with adult children (youngest child 18 years or older),Man,High school / High school level (11-13 years of schooling),NOK 1 000 000 - 1 499 999,"{""0_1"": 0, ""16_22"": 1, ""23_29"": 0, ""2_5"": 0, ""30_39"": 0, ""40_49"": 0, ""50_66"": 2, ""67_plus"": 0, ""6_15"": 0}","{""full_time_work"": 2, ""other"": 0, ""part_time_work"": 0, ""retired"": 0, ""school_or_kindergarten"": 0, ""student"": 1, ""unemployed_or_not_in_education"": 0}",Detached house,120-159 m2,True,1991-2000,False,True,True,,,21.0,False,weekday_daytime,True,False,"Yes, manually (turn on and off panel heaters, regulate temperature on thermostats, etc.)",No,,"[""Almost every day in winter""]",,True,False,,"[""Electricity bill""]",,Variable price,True,,Own electric water heater,"[""What air ventilation system do you have in your home? Mechanical ventilation manually controlled""]",,,,,,True,2,False,,[],[]
iflex,iflex,Exp_158,2,Couple without children living at home,Man,"College / University, higher degree (4 years or more)",NOK 1 000 000 - 1 499 999,"{""0_1"": 0, ""16_22"": 0, ""23_29"": 0, ""2_5"": 0, ""30_39"": 0, ""40_49"": 0, ""50_66"": 2, ""67_plus"": 0, ""6_15"": 0}","{""full_time_work"": 0, ""other"": 0, ""part_time_work"": 0, ""retired"": 2, ""school_or_kindergarten"": 0, ""student"": 0, ""unemployed_or_not_in_education"": 0}","Townhouses, chain houses and other small houses with 3 homes or more",160 m2 or larger,True,1971-1980,True,False,,,,22.0,False,weekday_daytime,True,True,"Yes, manually (turn on and off panel heaters, regulate temperature on thermostats, etc.)",No,,"[""Only on the coldest days""]",,False,False,,,,Variable price,True,False,Own electric water heater,"[""What air ventilation system do you have in your home? Natural ventilation (ventilation via windows and air vents)""]",,,,,,True,2,False,,[],[]
iflex,iflex,Exp_403,2,Couple without children living at home,Man,"College / University, higher degree (4 years or more)",NOK 1 500 000 or more,"{""0_1"": 0, ""16_22"": 0, ""23_29"": 0, ""2_5"": 0, ""30_39"": 0, ""40_49"": 0, ""50_66"": 2, ""67_plus"": 0, ""6_15"": 0}","{""full_time_work"": 1, ""other"": 0, ""part_time_work"": 0, ""retired"": 1, ""school_or_kindergarten"": 0, ""student"": 0, ""unemployed_or_not_in_education"": 0}",Apartment block,100-119 m2,True,2011 or later,False,False,,,,22.0,False,weekday_daytime,True,True,"Yes, manually (turn on and off panel heaters, regulate temperature on thermostats, etc.)",,,"[""Sometimes, mostly for having it cosy"", ""Only on the coldest days""]",,False,False,,,,Spot price / Hourly spot,True,,Heat pump,"[""0"", ""What air ventilation system do you have in your home? Balanced ventilation system with heat recovery""]",,,,,,True,2,True,2,"[{""charging_control"": ""No"", ""distance_before_charging_km"": 150.0, ""electric_range_km"": 330.0, ""home_charging_frequency"": ""About once a week"", ""home_charging_method"": ""Charging station 32A, 3 phase [22kW] or higher"", ""usual_charging_location"": ""At home on an additional electricity meter"", ""usual_charging_time"": ""Evening (5 pm - 10 pm)"", ""vehicle_number"": 1}, {""charging_control"": ""No"", ""distance_before_charging_km"": 40.0, ""electric_range_km"": 42.0, ""home_charging_frequency"": ""Several times a week"", ""home_charging_method"": ""Charging station 32A, 3 phase [22kW] or higher"", ""usual_charging_location"": ""At home on an additional electricity meter"", ""usual_charging_time"": ""Morning (7 am - 1 pm)"", ""vehicle_number"": 2}]",[]
iflex,iflex,Exp_161,5,Couple with small child (youngest child 0-5 years),Woman,"College / University, higher degree (4 years or more)",NOK 800 000 - 999 999,"{""0_1"": 0, ""16_22"": 0, ""23_29"": 0, ""2_5"": 1, ""30_39"": 1, ""40_49"": 1, ""50_66"": 0, ""67_plus"": 0, ""6_15"": 2}","{""full_time_work"": 1, ""other"": 0, ""part_time_work"": 1, ""retired"": 0, ""school_or_kindergarten"": 3, ""student"": 0, ""unemployed_or_not_in_education"": 0}",Apartment block,100-119 m2,True,1971-1980,True,False,,,,20.0,False,weekday_daytime,True,True,"Yes, manually (turn on and off panel heaters, regulate temperature on thermostats, etc.)",No,,,,False,False,,,,,True,,Own electric water heater,"[""What air ventilation system do you have in your home? Natural ventilation (ventilation via windows and air vents)""]",,,,,,False,,,,,[]
iflex,iflex,Exp_404,2,,Man,"College / University, higher degree (4 years or more)",NOK 1 000 000 - 1 499 999,"{""0_1"": 0, ""16_22"": 0, ""23_29"": 0, ""2_5"": 0, ""30_39"": 0, ""40_49"": 0, ""50_66"": 1, ""67_plus"": 1, ""6_15"": 0}","{""full_time_work"": 0, ""other"": 0, ""part_time_work"": 0, ""retired"": 2, ""school_or_kindergarten"": 0, ""student"": 0, ""unemployed_or_not_in_education"": 0}","Townhouses, chain houses and other small houses with 3 homes or more",160 m2 or larger,True,1971-1980,True,False,,,,22.0,True,weekday_daytime,True,True,"Yes, manually (turn on and off panel heaters, regulate temperature on thermostats, etc.)",No,,"[""Sometimes, mostly for having it cosy"", ""Only on the coldest days""]",,True,False,,"[""Electricity bill""]",,Spot price / Hourly spot,True,,Own electric water heater,"[""What air ventilation system do you have in your home? Natural ventilation (ventilation via windows and air vents)""]",,,,,,True,2,True,2,"[{""charging_control"": ""Yes, manually"", ""distance_before_charging_km"": 200.0, ""electric_range_km"": 300.0, ""home_charging_frequency"": ""Several times a week"", ""home_charging_method"": ""Charging station 32A, 3 phase [22kW] or higher"", ""usual_charging_location"": ""At home on the same electricity meter as the rest of the home"", ""usual_charging_time"": ""Night (10 pm - 7 am)"", ""vehicle_number"": 1}, {""charging_control"": null, ""distance_before_charging_km"": 100.0, ""electric_range_km"": 100.0, ""home_charging_frequency"": null, ""home_charging_method"": ""Standard outlet [10-16A, 1 phase, 2.3 - 3.5 kW]"", ""usual_charging_location"": ""At home on the same electricity meter as the rest of the home"", ""usual_charging_time"": ""Night (10 pm - 7 am)"", ""vehicle_number"": 2}]",[]
iflex,iflex,Exp_163,2,,Woman,"College / University, undergraduate degree (1-3 years)",NOK 500 000 -799 999,"{""0_1"": 0, ""16_22"": 1, ""23_29"": 0, ""2_5"": 0, ""30_39"": 0, ""40_49"": 0, ""50_66"": 1, ""67_plus"": 0, ""6_15"": 0}","{""full_time_work"": 1, ""other"": 1, ""part_time_work"": 0, ""retired"": 0, ""school_or_kindergarten"": 0, ""student"": 0, ""unemployed_or_not_in_education"": 0}",Apartment block,60-79 m2,True,1946-1960,False,False,,,,21.0,False,weekday_daytime,True,True,"Yes, manually (turn on and off panel heaters, regulate temperature on thermostats, etc.)",No,,,,True,True,,"[""Electricity bill"", ""Website (e.g. electricity supplier or others)""]","[""Electricity bill"", ""Website (e.g. electricity supplier or others)""]",,True,,Own electric water heater,"[""What air ventilation system do you have in your home? Natural ventilation (ventilation via windows and air vents)""]",,,,,,True,1,False,,[],[]
iflex,iflex,Exp_405,4,Single-family households with adult children (youngest child 18 years or older),Woman,"College / University, undergraduate degree (1-3 years)",NOK 1 500 000 or more,"{""0_1"": 0, ""16_22"": 2, ""23_29"": 0, ""2_5"": 0, ""30_39"": 0, ""40_49"": 0, ""50_66"": 2, ""67_plus"": 0, ""6_15"": 0}","{""full_time_work"": 3, ""other"": 0, ""part_time_work"": 0, ""retired"": 0, ""school_or_kindergarten"": 0, ""student"": 1, ""unemployed_or_not_in_education"": 0}",Detached house,160 m2 or larger,True,1901-1920,False,False,,,,23.0,False,weekday_daytime,True,True,"Yes, manually (turn on and off panel heaters, regulate temperature on thermostats, etc.)",No,,"[""Sometimes, mostly for having it cosy""]",,False,True,,,"[""Electricity bill""]",Spot price / Hourly spot,True,False,Own electric water heater,"[""What air ventilation system do you have in your home? Natural ventilation (ventilation via windows and air vents)""]",,,,,,True,2,True,1,"[{""charging_control"": ""No"", ""distance_before_charging_km"": 40.0, ""electric_range_km"": 200.0, ""home_charging_frequency"": ""Daily"", ""home_charging_method"": ""Charging station 32A, 3 phase [22kW] or higher"", ""usual_charging_location"": ""At home on the same electricity meter as the rest of the home"", ""usual_charging_time"": ""Afternoon (1 pm - 5 pm)"", ""vehicle_number"": 1}]",[]
iflex,iflex,Exp_165,3,Single-family households with adult children (youngest child 18 years or older),Woman,"College / University, higher degree (4 years or more)",NOK 1 500 000 or more,"{""0_1"": 0, ""16_22"": 1, ""23_29"": 0, ""2_5"": 0, ""30_39"": 0, ""40_49"": 0, ""50_66"": 2, ""67_plus"": 0, ""6_15"": 0}","{""full_time_work"": 3, ""other"": 0, ""part_time_work"": 0, ""retired"": 0, ""school_or_kindergarten"": 0, ""student"": 0, ""unemployed_or_not_in_education"": 0}",Detached house,160 m2 or larger,True,1961-1970,True,True,True,,,22.0,False,weekday_daytime,True,True,"Yes, manually (turn on and off panel heaters, regulate temperature on thermostats, etc.)",,,"[""Sometimes, mostly for having it cosy""]",,False,False,,,,Variable price,True,,Heat pump,"[""What air ventilation system do you have in your home? Natural ventilation (ventilation via windows and air vents)""]",,,,,,True,3,True,2,"[{""charging_control"": ""Yes, manually"", ""distance_before_charging_km"": 40.0, ""electric_range_km"": 270.0, ""home_charging_frequency"": ""Daily"", ""home_charging_method"": ""Standard outlet [10-16A, 1 phase, 2.3 - 3.5 kW]"", ""usual_charging_location"": ""At home on the same electricity meter as the rest of the home"", ""usual_charging_time"": ""Evening (5 pm - 10 pm)"", ""vehicle_number"": 1}, {""charging_control"": ""Yes, manually"", ""distance_before_charging_km"": 40.0, ""electric_range_km"": 80.0, ""home_charging_frequency"": ""Daily"", ""home_charging_method"": ""Standard outlet [10-16A, 1 phase, 2.3 - 3.5 kW]"", ""usual_charging_location"": ""At home on the same electricity meter as the rest of the home"", ""usual_charging_time"": ""Evening (5 pm - 10 pm)"", ""vehicle_number"": 2}]",[]
iflex,iflex,Exp_406,5,Multi-family household with large children (youngest child 6-17 years),Man,"College / University, undergraduate degree (1-3 years)",NOK 1 000 000 - 1 499 999,"{""0_1"": 0, ""16_22"": 1, ""23_29"": 1, ""2_5"": 0, ""30_39"": 0, ""40_49"": 0, ""50_66"": 2, ""67_plus"": 0, ""6_15"": 1}","{""full_time_work"": 3, ""other"": 0, ""part_time_work"": 0, ""retired"": 0, ""school_or_kindergarten"": 2, ""student"": 0, ""unemployed_or_not_in_education"": 0}",Detached house,160 m2 or larger,True,1946-1960,True,False,,,,20.0,False,weekday_daytime,True,True,No,No,,"[""Only on the coldest days""]",,True,False,,"[""Electricity bill"", ""Website (e.g. electricity supplier or others)"", ""App (e.g. electricity supplier or others)""]",,Spot price / Hourly spot,True,,Own electric water heater,"[""What air ventilation system do you have in your home? Natural ventilation (ventilation via windows and air vents)""]",,,,,,True,2,True,1,"[{""charging_control"": ""No"", ""distance_before_charging_km"": 50.0, ""electric_range_km"": 100.0, ""home_charging_frequency"": ""Daily"", ""home_charging_method"": ""Standard outlet [10-16A, 1 phase, 2.3 - 3.5 kW]"", ""usual_charging_location"": ""At home on the same electricity meter as the rest of the home"", ""usual_charging_time"": ""Afternoon (1 pm - 5 pm)"", ""vehicle_number"": 1}]",[]
iflex,iflex,Exp_168,2,Couple without children living at home,Man,"College / University, undergraduate degree (1-3 years)",,"{""0_1"": 0, ""16_22"": 0, ""23_29"": 0, ""2_5"": 0, ""30_39"": 0, ""40_49"": 0, ""50_66"": 2, ""67_plus"": 0, ""6_15"": 0}","{""full_time_work"": 2, ""other"": 0, ""part_time_work"": 0, ""retired"": 0, ""school_or_kindergarten"": 0, ""student"": 0, ""unemployed_or_not_in_education"": 0}",Detached house,160 m2 or larger,True,1946-1960,True,False,,,,23.0,True,weekday_daytime,True,False,No,No,,"[""Almost every day in winter""]",,False,False,,,,Variable price,True,False,Own electric water heater,"[""What air ventilation system do you have in your home? Natural ventilation (ventilation via windows and air vents)""]",,,,,,True,2,True,1,"[{""charging_control"": ""Yes, manually"", ""distance_before_charging_km"": 40.0, ""electric_range_km"": 80.0, ""home_charging_frequency"": ""Daily"", ""home_charging_method"": ""Standard outlet [10-16A, 1 phase, 2.3 - 3.5 kW]"", ""usual_charging_location"": ""At home on the same electricity meter as the rest of the home"", ""usual_charging_time"": ""Evening (5 pm - 10 pm)"", ""vehicle_number"": 1}]",[]
iflex,iflex,Exp_408,2,Couple without children living at home,Man,"College / University, undergraduate degree (1-3 years)",NOK 1 000 000 - 1 499 999,"{""0_1"": 0, ""16_22"": 0, ""23_29"": 0, ""2_5"": 0, ""30_39"": 0, ""40_49"": 0, ""50_66"": 2, ""67_plus"": 0, ""6_15"": 0}","{""full_time_work"": 2, ""other"": 0, ""part_time_work"": 0, ""retired"": 0, ""school_or_kindergarten"": 0, ""student"": 0, ""unemployed_or_not_in_education"": 0}",Detached house,160 m2 or larger,True,2001-2010,False,False,,,,22.0,False,weekday_daytime,True,False,"Yes, manually (turn on and off panel heaters, regulate temperature on thermostats, etc.)",No,,"[""Sometimes, mostly for having it cosy"", ""Only on the coldest days""]",,False,False,,,,Spot price / Hourly spot,True,True,Own electric water heater,"[""What air ventilation system do you have in your home? Natural ventilation (ventilation via windows and air vents)"", ""What air ventilation system do you have in your home? Mechanical ventilation manually controlled""]",,,,,,True,1,False,,[],[]
iflex,iflex,Exp_169,2,Couple without children living at home,Woman,"College / University, higher degree (4 years or more)",,"{""0_1"": 0, ""16_22"": 0, ""23_29"": 0, ""2_5"": 0, ""30_39"": 0, ""40_49"": 0, ""50_66"": 2, ""67_plus"": 0, ""6_15"": 0}","{""full_time_work"": 2, ""other"": 0, ""part_time_work"": 0, ""retired"": 0, ""school_or_kindergarten"": 0, ""student"": 0, ""unemployed_or_not_in_education"": 0}",Semi-detached house,100-119 m2,True,1946-1960,True,True,True,,,21.0,True,weekday_daytime,True,False,"Yes, manually (turn on and off panel heaters, regulate temperature on thermostats, etc.)",No,,"[""Sometimes, mostly for having it cosy"", ""Only on the coldest days""]",,False,False,,,,Variable price,True,,Own electric water heater,"[""What air ventilation system do you have in your home? Natural ventilation (ventilation via windows and air vents)"", ""What air ventilation system do you have in your home? Mechanical ventilation manually controlled""]",,,,,,True,2,False,,[],[]
iflex,iflex,Exp_409,1,Couple without children living at home,Woman,"College / University, higher degree (4 years or more)",NOK 300 000 - 499 999,"{""0_1"": 0, ""16_22"": 0, ""23_29"": 0, ""2_5"": 0, ""30_39"": 0, ""40_49"": 1, ""50_66"": 0, ""67_plus"": 0, ""6_15"": 0}","{""full_time_work"": 1, ""other"": 0, ""part_time_work"": 0, ""retired"": 0, ""school_or_kindergarten"": 0, ""student"": 0, ""unemployed_or_not_in_education"": 0}",Apartment block,30-49 m2,True,1900 or earlier,False,False,,,,22.0,False,weekday_daytime,True,True,"Yes, manually (turn on and off panel heaters, regulate temperature on thermostats, etc.)",No,,"[""Weekly in winter""]",,False,False,,,,,True,,Own electric water heater,"[""What air ventilation system do you have in your home? Natural ventilation (ventilation via windows and air vents)""]",,,,,,True,1,False,,[],[]
iflex,iflex,Exp_170,3,Multi-family household with large children (youngest child 6-17 years),Woman,"College / University, undergraduate degree (1-3 years)",NOK 1 000 000 - 1 499 999,"{""0_1"": 0, ""16_22"": 1, ""23_29"": 1, ""2_5"": 0, ""30_39"": 0, ""40_49"": 0, ""50_66"": 1, ""67_plus"": 0, ""6_15"": 0}","{""full_time_work"": 2, ""other"": 0, ""part_time_work"": 1, ""retired"": 0, ""school_or_kindergarten"": 0, ""student"": 1, ""unemployed_or_not_in_education"": 0}",Detached house,100-119 m2,True,1961-1970,True,False,,,,22.0,True,weekday_daytime,True,True,"Yes, manually (turn on and off panel heaters, regulate temperature on thermostats, etc.)",No,,"[""Only on the coldest days""]",,True,False,,"[""Electricity bill""]",,,True,,Own electric water heater,"[""What air ventilation system do you have in your home? Natural ventilation (ventilation via windows and air vents)""]",,,,,,True,2,False,,[],[]
iflex,iflex,Exp_411,2,Couple without children living at home,Man,High school / High school level (11-13 years of schooling),NOK 500 000 -799 999,"{""0_1"": 0, ""16_22"": 0, ""23_29"": 0, ""2_5"": 0, ""30_39"": 0, ""40_49"": 0, ""50_66"": 2, ""67_plus"": 0, ""6_15"": 0}","{""full_time_work"": 2, ""other"": 0, ""part_time_work"": 0, ""retired"": 0, ""school_or_kindergarten"": 0, ""student"": 0, ""unemployed_or_not_in_education"": 0}",Detached house,120-159 m2,True,1981-1990,False,False,,,,22.0,False,weekday_daytime,True,True,"Yes, manually (turn on and off panel heaters, regulate temperature on thermostats, etc.)","Yes, manually",,"[""Only on the coldest days""]",,True,False,,"[""Website (e.g. electricity supplier or others)""]",,Variable price,True,True,Own electric water heater,"[""What air ventilation system do you have in your home? Natural ventilation (ventilation via windows and air vents)""]",,,,,,True,2,True,1,"[{""charging_control"": ""Yes, manually"", ""distance_before_charging_km"": 120.0, ""electric_range_km"": 160.0, ""home_charging_frequency"": ""Several times a week"", ""home_charging_method"": ""Standard outlet [10-16A, 1 phase, 2.3 - 3.5 kW]"", ""usual_charging_location"": ""At home on the same electricity meter as the rest of the home"", ""usual_charging_time"": ""Night (10 pm - 7 am)"", ""vehicle_number"": 1}]",[]
iflex,iflex,Exp_171,2,Couple without children living at home,Woman,"College / University, higher degree (4 years or more)",NOK 500 000 -799 999,"{""0_1"": 0, ""16_22"": 0, ""23_29"": 0, ""2_5"": 0, ""30_39"": 0, ""40_49"": 0, ""50_66"": 0, ""67_plus"": 2, ""6_15"": 0}","{""full_time_work"": 0, ""other"": 0, ""part_time_work"": 0, ""retired"": 2, ""school_or_kindergarten"": 0, ""student"": 0, ""unemployed_or_not_in_education"": 0}",Detached house,160 m2 or larger,True,1981-1990,False,False,,,,21.0,True,weekday_daytime,True,True,"Yes, automated by time (set schedule in thermostat)","Yes, manually",,"[""Only on the coldest days""]",,False,False,,,,Other,True,,Own electric water heater,"[""What air ventilation system do you have in your home? Natural ventilation (ventilation via windows and air vents)""]",,,,,,True,1,False,,[],[]
iflex,iflex,Exp_412,2,Mother/father with small children (youngest child 0-5 years),Woman,High school / High school level (11-13 years of schooling),,"{""0_1"": 0, ""16_22"": 0, ""23_29"": 0, ""2_5"": 0, ""30_39"": 0, ""40_49"": 1, ""50_66"": 1, ""67_plus"": 0, ""6_15"": 0}","{""full_time_work"": 2, ""other"": 0, ""part_time_work"": 0, ""retired"": 0, ""school_or_kindergarten"": 0, ""student"": 0, ""unemployed_or_not_in_education"": 0}",Detached house,160 m2 or larger,True,1900 or earlier,True,False,,,,22.0,False,weekday_daytime,True,False,"Yes, manually (turn on and off panel heaters, regulate temperature on thermostats, etc.)",No,,"[""Only on the coldest days""]",,False,False,,,,Variable price,True,False,Own electric water heater,"[""0"", ""What air ventilation system do you have in your home? Balanced ventilation system with heat recovery""]",,,,,,True,2,False,,[],[]
iflex,iflex,Exp_172,5,Single-family households with adult children (youngest child 18 years or older),Man,"College / University, undergraduate degree (1-3 years)",NOK 1 500 000 or more,"{""0_1"": 0, ""16_22"": 2, ""23_29"": 1, ""2_5"": 0, ""30_39"": 0, ""40_49"": 1, ""50_66"": 1, ""67_plus"": 0, ""6_15"": 0}","{""full_time_work"": 3, ""other"": 0, ""part_time_work"": 0, ""retired"": 0, ""school_or_kindergarten"": 0, ""student"": 2, ""unemployed_or_not_in_education"": 0}",Semi-detached house,120-159 m2,True,1946-1960,True,False,,,,22.0,False,weekday_daytime,True,False,"Yes, manually (turn on and off panel heaters, regulate temperature on thermostats, etc.)",No,,"[""Weekly in winter""]",,False,False,,,,Spot price / Hourly spot,True,False,Own electric water heater,"[""0"", ""What air ventilation system do you have in your home? Balanced ventilation system with heat recovery""]",,,,,,True,2,False,,[],[]
iflex,iflex,Exp_414,1,Living alone,Woman,"College / University, higher degree (4 years or more)",NOK 500 000 -799 999,"{""0_1"": 0, ""16_22"": 0, ""23_29"": 0, ""2_5"": 0, ""30_39"": 0, ""40_49"": 0, ""50_66"": 0, ""67_plus"": 1, ""6_15"": 0}","{""full_time_work"": 1, ""other"": 0, ""part_time_work"": 0, ""retired"": 0, ""school_or_kindergarten"": 0, ""student"": 0, ""unemployed_or_not_in_education"": 0}",Semi-detached house,80-99 m2,True,1981-1990,False,False,,,,20.0,False,weekday_daytime,False,False,"Yes, manually (turn on and off panel heaters, regulate temperature on thermostats, etc.)",No,,"[""Only on the coldest days""]",,False,False,,,,Spot price / Hourly spot,True,,Own electric water heater,"[""0"", ""What air ventilation system do you have in your home? Balanced ventilation system with heat recovery""]",,,,,,True,1,False,,[],[]
iflex,iflex,Exp_173,1,Couple with large children (youngest child 6-17 years),Man,"College / University, higher degree (4 years or more)",NOK 800 000 - 999 999,"{""0_1"": 0, ""16_22"": 0, ""23_29"": 0, ""2_5"": 0, ""30_39"": 0, ""40_49"": 1, ""50_66"": 0, ""67_plus"": 0, ""6_15"": 0}","{""full_time_work"": 1, ""other"": 0, ""part_time_work"": 0, ""retired"": 0, ""school_or_kindergarten"": 0, ""student"": 0, ""unemployed_or_not_in_education"": 0}",Apartment block,80-99 m2,True,1971-1980,False,False,,,,21.0,False,weekday_daytime,False,True,"Yes, automated by time (set schedule in thermostat)",No,,,,False,False,,,,,True,False,Own electric water heater,"[""What air ventilation system do you have in your home? Natural ventilation (ventilation via windows and air vents)""]",,,,,,True,1,False,,[],[]
iflex,iflex,Exp_416,4,Couple with large children (youngest child 6-17 years),Man,"College / University, undergraduate degree (1-3 years)",NOK 1 000 000 - 1 499 999,"{""0_1"": 0, ""16_22"": 1, ""23_29"": 0, ""2_5"": 0, ""30_39"": 0, ""40_49"": 0, ""50_66"": 2, ""67_plus"": 0, ""6_15"": 1}","{""full_time_work"": 1, ""other"": 0, ""part_time_work"": 1, ""retired"": 0, ""school_or_kindergarten"": 1, ""student"": 1, ""unemployed_or_not_in_education"": 0}",Detached house,160 m2 or larger,True,1961-1970,True,True,True,,,22.0,False,weekday_daytime,False,True,"Yes, manually (turn on and off panel heaters, regulate temperature on thermostats, etc.)",No,,"[""Sometimes, mostly for having it cosy""]",,False,False,,,,Spot price / Hourly spot,True,False,Own electric water heater,"[""What air ventilation system do you have in your home? Natural ventilation (ventilation via windows and air vents)""]",,,,,,True,2,True,2,"[{""charging_control"": ""No"", ""distance_before_charging_km"": 5.0, ""electric_range_km"": 40.0, ""home_charging_frequency"": ""Daily"", ""home_charging_method"": ""Home charging station 16A, 3 phase [12kW]"", ""usual_charging_location"": ""At home on the same electricity meter as the rest of the home"", ""usual_charging_time"": ""Afternoon (1 pm - 5 pm)"", ""vehicle_number"": 1}, {""charging_control"": ""No"", ""distance_before_charging_km"": 15.0, ""electric_range_km"": 150.0, ""home_charging_frequency"": ""Daily"", ""home_charging_method"": ""Home charging station 16A, 3 phase [12kW]"", ""usual_charging_location"": ""At home on the same electricity meter as the rest of the home"", ""usual_charging_time"": ""Afternoon (1 pm - 5 pm)"", ""vehicle_number"": 2}]",[]
iflex,iflex,Exp_174,2,,Woman,High school / High school level (11-13 years of schooling),NOK 800 000 - 999 999,"{""0_1"": 0, ""16_22"": 0, ""23_29"": 0, ""2_5"": 0, ""30_39"": 0, ""40_49"": 0, ""50_66"": 1, ""67_plus"": 1, ""6_15"": 0}","{""full_time_work"": 1, ""other"": 0, ""part_time_work"": 0, ""retired"": 1, ""school_or_kindergarten"": 0, ""student"": 0, ""unemployed_or_not_in_education"": 0}",Detached house,120-159 m2,True,1971-1980,False,False,,,,20.0,True,weekday_daytime,True,False,"Yes, manually (turn on and off panel heaters, regulate temperature on thermostats, etc.)",No,,"[""Only on the coldest days""]",,False,True,,,"[""Electricity bill""]",,True,False,Own electric water heater,"[""What air ventilation system do you have in your home? Natural ventilation (ventilation via windows and air vents)""]",,,,,,True,2,False,,[],[]
iflex,iflex,Exp_417,4,Mother/father with large children (youngest child 6-17 years),Man,"College / University, higher degree (4 years or more)",NOK 1 500 000 or more,"{""0_1"": 0, ""16_22"": 0, ""23_29"": 0, ""2_5"": 0, ""30_39"": 0, ""40_49"": 2, ""50_66"": 0, ""67_plus"": 0, ""6_15"": 2}","{""full_time_work"": 2, ""other"": 0, ""part_time_work"": 0, ""retired"": 0, ""school_or_kindergarten"": 2, ""student"": 0, ""unemployed_or_not_in_education"": 0}",Detached house,160 m2 or larger,True,1971-1980,True,False,,,,23.0,False,weekday_daytime,True,False,"Yes, manually (turn on and off panel heaters, regulate temperature on thermostats, etc.)",No,,,,False,False,,,,Variable price,True,False,Own electric water heater,"[""0"", ""What air ventilation system do you have in your home? Balanced ventilation system with heat recovery""]",,,,,,True,2,True,1,"[{""charging_control"": ""No"", ""distance_before_charging_km"": 30.0, ""electric_range_km"": 120.0, ""home_charging_frequency"": ""Daily"", ""home_charging_method"": ""Standard outlet [10-16A, 1 phase, 2.3 - 3.5 kW]"", ""usual_charging_location"": ""At home on the same electricity meter as the rest of the home"", ""usual_charging_time"": ""Evening (5 pm - 10 pm)"", ""vehicle_number"": 1}]",[]
iflex,iflex,Exp_177,2,Couple without children living at home,Woman,"College / University, higher degree (4 years or more)",NOK 1 000 000 - 1 499 999,"{""0_1"": 0, ""16_22"": 0, ""23_29"": 0, ""2_5"": 0, ""30_39"": 2, ""40_49"": 0, ""50_66"": 0, ""67_plus"": 0, ""6_15"": 0}","{""full_time_work"": 2, ""other"": 0, ""part_time_work"": 0, ""retired"": 0, ""school_or_kindergarten"": 0, ""student"": 0, ""unemployed_or_not_in_education"": 0}",Detached house,100-119 m2,True,1971-1980,True,False,,,,22.0,True,weekday_daytime,True,True,"Yes, manually (turn on and off panel heaters, regulate temperature on thermostats, etc.)",No,,,,False,False,,,,,True,False,Own electric water heater,"[""What air ventilation system do you have in your home? Natural ventilation (ventilation via windows and air vents)""]",,,,,,True,2,False,,[],[]
iflex,iflex,Exp_421,5,Multi-family household with small children (youngest child 0-5 years),Woman,"College / University, undergraduate degree (1-3 years)",NOK 1 000 000 - 1 499 999,"{""0_1"": 0, ""16_22"": 0, ""23_29"": 0, ""2_5"": 0, ""30_39"": 0, ""40_49"": 2, ""50_66"": 0, ""67_plus"": 0, ""6_15"": 3}","{""full_time_work"": 1, ""other"": 0, ""part_time_work"": 1, ""retired"": 0, ""school_or_kindergarten"": 3, ""student"": 0, ""unemployed_or_not_in_education"": 0}",Detached house,160 m2 or larger,True,1971-1980,False,False,,,,21.0,False,weekday_daytime,True,True,"Yes, automated by time (set schedule in thermostat)",,,"[""Sometimes, mostly for having it cosy""]",,True,False,,"[""Electricity bill""]",,,True,,Heat pump,"[""What air ventilation system do you have in your home? Natural ventilation (ventilation via windows and air vents)"", ""What air ventilation system do you have in your home? Mechanical ventilation manually controlled""]",,,,,,True,1,False,,[],[]
iflex,iflex,Exp_178,2,Couple without children living at home,Man,"College / University, undergraduate degree (1-3 years)",NOK 500 000 -799 999,"{""0_1"": 0, ""16_22"": 0, ""23_29"": 0, ""2_5"": 0, ""30_39"": 0, ""40_49"": 0, ""50_66"": 0, ""67_plus"": 2, ""6_15"": 0}","{""full_time_work"": 0, ""other"": 0, ""part_time_work"": 0, ""retired"": 2, ""school_or_kindergarten"": 0, ""student"": 0, ""unemployed_or_not_in_education"": 0}",Apartment block,160 m2 or larger,True,1971-1980,False,False,,,,20.0,True,weekday_daytime,True,True,"Yes, manually (turn on and off panel heaters, regulate temperature on thermostats, etc.)",,,,,False,True,,,"[""Other""]",,True,True,Shared water heater or district heating,"[""What air ventilation system do you have in your home? Natural ventilation (ventilation via windows and air vents)""]",,,,,,True,1,False,,[],[]
iflex,iflex,Exp_423,2,Living alone,Man,"College / University, higher degree (4 years or more)",,"{""0_1"": 0, ""16_22"": 1, ""23_29"": 0, ""2_5"": 0, ""30_39"": 0, ""40_49"": 0, ""50_66"": 1, ""67_plus"": 0, ""6_15"": 0}","{""full_time_work"": 1, ""other"": 0, ""part_time_work"": 0, ""retired"": 0, ""school_or_kindergarten"": 0, ""student"": 0, ""unemployed_or_not_in_education"": 1}",Apartment block,60-79 m2,True,1971-1980,False,False,,,,23.0,True,weekday_daytime,False,False,No,,,,,False,False,,,,Spot price / Hourly spot,True,False,Shared water heater or district heating,"[""What air ventilation system do you have in your home? Natural ventilation (ventilation via windows and air vents)""]",,,,,,True,1,False,,[],[]
iflex,iflex,Exp_179,2,Couple without children living at home,Man,"College / University, higher degree (4 years or more)",NOK 1 500 000 or more,"{""0_1"": 0, ""16_22"": 0, ""23_29"": 0, ""2_5"": 0, ""30_39"": 0, ""40_49"": 0, ""50_66"": 2, ""67_plus"": 0, ""6_15"": 0}","{""full_time_work"": 2, ""other"": 0, ""part_time_work"": 0, ""retired"": 0, ""school_or_kindergarten"": 0, ""student"": 0, ""unemployed_or_not_in_education"": 0}",Semi-detached house,120-159 m2,True,2011 or later,False,False,,,,22.0,False,weekday_daytime,True,False,"Yes, manually (turn on and off panel heaters, regulate temperature on thermostats, etc.)",No,,,,True,True,,"[""App (e.g. electricity supplier or others)""]","[""App (e.g. electricity supplier or others)""]",Variable price,True,,Own electric water heater,"[""What air ventilation system do you have in your home? Balanced ventilation system with heat recovery""]",,,,,,True,2,True,1,"[{""charging_control"": ""No"", ""distance_before_charging_km"": 35.0, ""electric_range_km"": 200.0, ""home_charging_frequency"": ""Daily"", ""home_charging_method"": ""Charging station 32A, 3 phase [22kW] or higher"", ""usual_charging_location"": ""At home on a shared electricity meter with other homes"", ""usual_charging_time"": ""Evening (5 pm - 10 pm)"", ""vehicle_number"": 1}]",[]
iflex,iflex,Exp_424,2,Couple without children living at home,Man,High school / High school level (11-13 years of schooling),NOK 500 000 -799 999,"{""0_1"": 0, ""16_22"": 0, ""23_29"": 0, ""2_5"": 0, ""30_39"": 0, ""40_49"": 0, ""50_66"": 0, ""67_plus"": 2, ""6_15"": 0}","{""full_time_work"": 0, ""other"": 0, ""part_time_work"": 0, ""retired"": 2, ""school_or_kindergarten"": 0, ""student"": 0, ""unemployed_or_not_in_education"": 0}","Townhouses, chain houses and other small houses with 3 homes or more",120-159 m2,True,1981-1990,False,False,,,,20.0,True,weekday_daytime,True,True,"Yes, manually (turn on and off panel heaters, regulate temperature on thermostats, etc.)",,,"[""Only on the coldest days""]",,False,True,,,"[""Media / news""]",Variable price,True,False,Shared water heater or district heating,"[""0"", ""What air ventilation system do you have in your home? Don't know""]",,,,,,True,1,True,1,"[{""charging_control"": ""Yes, manually"", ""distance_before_charging_km"": 15.0, ""electric_range_km"": 30.0, ""home_charging_frequency"": null, ""home_charging_method"": null, ""usual_charging_location"": ""Not at home (at work, street charging, public stations, other places)"", ""usual_charging_time"": ""Afternoon (1 pm - 5 pm)"", ""vehicle_number"": 1}]",[]
iflex,iflex,Exp_181,2,Couple without children living at home,Man,"College / University, higher degree (4 years or more)",NOK 500 000 -799 999,"{""0_1"": 0, ""16_22"": 0, ""23_29"": 0, ""2_5"": 0, ""30_39"": 0, ""40_49"": 0, ""50_66"": 0, ""67_plus"": 2, ""6_15"": 0}","{""full_time_work"": 0, ""other"": 0, ""part_time_work"": 0, ""retired"": 2, ""school_or_kindergarten"": 0, ""student"": 0, ""unemployed_or_not_in_education"": 0}",Detached house,120-159 m2,True,1961-1970,True,False,,,,21.0,True,weekday_daytime,True,False,"Yes, manually (turn on and off panel heaters, regulate temperature on thermostats, etc.)",No,,"[""Only on the coldest days"", ""Almost every day in winter""]",,False,False,,,,,True,,Own electric water heater,"[""What air ventilation system do you have in your home? Natural ventilation (ventilation via windows and air vents)""]",,,,,,True,1,False,,[],[]
iflex,iflex,Exp_425,4,Mother/father with large children (youngest child 6-17 years),Woman,"College / University, higher degree (4 years or more)",NOK 1 500 000 or more,"{""0_1"": 0, ""16_22"": 0, ""23_29"": 0, ""2_5"": 0, ""30_39"": 0, ""40_49"": 2, ""50_66"": 0, ""67_plus"": 0, ""6_15"": 2}","{""full_time_work"": 2, ""other"": 0, ""part_time_work"": 0, ""retired"": 0, ""school_or_kindergarten"": 2, ""student"": 0, ""unemployed_or_not_in_education"": 0}",Apartment block,120-159 m2,True,2001-2010,False,False,,,,25.0,False,weekday_daytime,False,True,"Yes, manually (turn on and off panel heaters, regulate temperature on thermostats, etc.)",No,,,,False,False,,,,,True,False,Own electric water heater,"[""What air ventilation system do you have in your home? Natural ventilation (ventilation via windows and air vents)""]",,,,,,True,1,True,1,"[{""charging_control"": ""No"", ""distance_before_charging_km"": 20.0, ""electric_range_km"": 40.0, ""home_charging_frequency"": ""Daily"", ""home_charging_method"": null, ""usual_charging_location"": ""Not at home (at work, street charging, public stations, other places)"", ""usual_charging_time"": ""Night (10 pm - 7 am)"", ""vehicle_number"": 1}]",[]
iflex,iflex,Exp_182,3,Couple without children living at home,Man,"College / University, higher degree (4 years or more)",NOK 1 500 000 or more,"{""0_1"": 0, ""16_22"": 0, ""23_29"": 1, ""2_5"": 0, ""30_39"": 1, ""40_49"": 0, ""50_66"": 1, ""67_plus"": 0, ""6_15"": 0}","{""full_time_work"": 3, ""other"": 0, ""part_time_work"": 0, ""retired"": 0, ""school_or_kindergarten"": 0, ""student"": 0, ""unemployed_or_not_in_education"": 0}",Detached house,120-159 m2,True,1991-2000,False,False,,,,23.0,False,weekday_daytime,True,False,"Yes, manually (turn on and off panel heaters, regulate temperature on thermostats, etc.)",No,,"[""Sometimes, mostly for having it cosy"", ""Only on the coldest days""]",,False,False,,,,Spot price / Hourly spot,True,,Own electric water heater,"[""What air ventilation system do you have in your home? Natural ventilation (ventilation via windows and air vents)""]",,,,,,True,2,True,1,"[{""charging_control"": ""No"", ""distance_before_charging_km"": 300.0, ""electric_range_km"": 400.0, ""home_charging_frequency"": ""About once a week"", ""home_charging_method"": ""Charging station 32A, 3 phase [22kW] or higher"", ""usual_charging_location"": ""At home on the same electricity meter as the rest of the home"", ""usual_charging_time"": ""Night (10 pm - 7 am)"", ""vehicle_number"": 1}]",[]
iflex,iflex,Exp_428,2,Couple without children living at home,Man,"College / University, higher degree (4 years or more)",NOK 1 000 000 - 1 499 999,"{""0_1"": 0, ""16_22"": 0, ""23_29"": 0, ""2_5"": 0, ""30_39"": 0, ""40_49"": 0, ""50_66"": 0, ""67_plus"": 2, ""6_15"": 0}","{""full_time_work"": 1, ""other"": 0, ""part_time_work"": 0, ""retired"": 1, ""school_or_kindergarten"": 0, ""student"": 0, ""unemployed_or_not_in_education"": 0}",Apartment block,120-159 m2,True,2011 or later,True,False,,,,25.0,True,weekday_daytime,False,False,"Yes, manually (turn on and off panel heaters, regulate temperature on thermostats, etc.)",,,"[""Sometimes, mostly for having it cosy""]",,False,False,,,,,True,,Shared water heater or district heating,"[""0"", ""What air ventilation system do you have in your home? Mechanical ventilation manually controlled""]",,,,,,True,2,False,,[],[]
iflex,iflex,Exp_184,2,Couple without children living at home,Woman,"College / University, higher degree (4 years or more)",,"{""0_1"": 0, ""16_22"": 0, ""23_29"": 0, ""2_5"": 0, ""30_39"": 0, ""40_49"": 0, ""50_66"": 0, ""67_plus"": 2, ""6_15"": 0}","{""full_time_work"": 0, ""other"": 0, ""part_time_work"": 0, ""retired"": 2, ""school_or_kindergarten"": 0, ""student"": 0, ""unemployed_or_not_in_education"": 0}",Detached house,120-159 m2,True,1961-1970,True,False,,,,21.0,True,weekday_daytime,True,True,"Yes, manually (turn on and off panel heaters, regulate temperature on thermostats, etc.)",No,,,,False,True,,,"[""Electricity bill"", ""Website (e.g. electricity supplier or others)""]",,True,True,Own electric water heater,"[""What air ventilation system do you have in your home? Natural ventilation (ventilation via windows and air vents)""]",,,,,,True,2,False,,[],[]
iflex,iflex,Exp_429,4,Couple with large children (youngest child 6-17 years),Woman,"College / University, undergraduate degree (1-3 years)",NOK 800 000 - 999 999,"{""0_1"": 0, ""16_22"": 0, ""23_29"": 0, ""2_5"": 0, ""30_39"": 0, ""40_49"": 2, ""50_66"": 0, ""67_plus"": 0, ""6_15"": 2}","{""full_time_work"": 1, ""other"": 0, ""part_time_work"": 0, ""retired"": 1, ""school_or_kindergarten"": 2, ""student"": 0, ""unemployed_or_not_in_education"": 0}",Detached house,60-79 m2,True,1946-1960,True,False,,,,22.0,True,weekday_daytime,True,True,"Yes, manually (turn on and off panel heaters, regulate temperature on thermostats, etc.)",No,,"[""Weekly in winter""]",,True,False,,"[""Electricity bill""]",,Spot price / Hourly spot,True,,Own electric water heater,"[""What air ventilation system do you have in your home? Natural ventilation (ventilation via windows and air vents)""]",,,,,,True,1,False,,[],[]
iflex,iflex,Exp_185,3,Other,Woman,"College / University, undergraduate degree (1-3 years)",NOK 500 000 -799 999,"{""0_1"": 0, ""16_22"": 0, ""23_29"": 0, ""2_5"": 0, ""30_39"": 0, ""40_49"": 1, ""50_66"": 0, ""67_plus"": 0, ""6_15"": 2}","{""full_time_work"": 1, ""other"": 0, ""part_time_work"": 0, ""retired"": 0, ""school_or_kindergarten"": 2, ""student"": 0, ""unemployed_or_not_in_education"": 0}","Townhouses, chain houses and other small houses with 3 homes or more",80-99 m2,True,2001-2010,False,False,,,,23.0,False,weekday_daytime,True,True,"Yes, manually (turn on and off panel heaters, regulate temperature on thermostats, etc.)",No,,,,True,False,,"[""App (e.g. electricity supplier or others)""]",,,True,True,Own electric water heater,"[""What air ventilation system do you have in your home? Mechanical ventilation manually controlled""]",,,,,,True,1,False,,[],[]
iflex,iflex,Exp_430,5,Couple with large children (youngest child 6-17 years),Woman,"College / University, higher degree (4 years or more)",NOK 1 500 000 or more,"{""0_1"": 0, ""16_22"": 0, ""23_29"": 0, ""2_5"": 0, ""30_39"": 0, ""40_49"": 2, ""50_66"": 0, ""67_plus"": 0, ""6_15"": 3}","{""full_time_work"": 2, ""other"": 0, ""part_time_work"": 0, ""retired"": 0, ""school_or_kindergarten"": 3, ""student"": 0, ""unemployed_or_not_in_education"": 0}",Semi-detached house,100-119 m2,True,1946-1960,True,False,,,,20.0,True,weekday_daytime,False,False,"Yes, manually (turn on and off panel heaters, regulate temperature on thermostats, etc.)",No,,"[""Sometimes, mostly for having it cosy""]",,False,False,,,,Variable price,True,False,Own electric water heater,"[""What air ventilation system do you have in your home? Natural ventilation (ventilation via windows and air vents)""]",,,,,,True,2,True,1,"[{""charging_control"": ""Yes, manually"", ""distance_before_charging_km"": 200.0, ""electric_range_km"": 300.0, ""home_charging_frequency"": ""Several times a week"", ""home_charging_method"": ""Home charging station 16A, 3 phase [12kW]"", ""usual_charging_location"": ""At home on the same electricity meter as the rest of the home"", ""usual_charging_time"": ""Night (10 pm - 7 am)"", ""vehicle_number"": 1}]",[]
iflex,iflex,Exp_187,4,Couple with large children (youngest child 6-17 years),Man,"College / University, higher degree (4 years or more)",NOK 1 500 000 or more,"{""0_1"": 0, ""16_22"": 0, ""23_29"": 0, ""2_5"": 0, ""30_39"": 0, ""40_49"": 2, ""50_66"": 0, ""67_plus"": 0, ""6_15"": 2}","{""full_time_work"": 2, ""other"": 0, ""part_time_work"": 0, ""retired"": 0, ""school_or_kindergarten"": 2, ""student"": 0, ""unemployed_or_not_in_education"": 0}",Detached house,160 m2 or larger,True,2001-2010,False,True,True,,,20.0,False,weekday_daytime,True,True,"Yes, manually (turn on and off panel heaters, regulate temperature on thermostats, etc.)",No,,"[""Weekly in winter""]",,True,True,,"[""App (e.g. electricity supplier or others)""]","[""App (e.g. electricity supplier or others)""]",Spot price / Hourly spot,True,,Own electric water heater,"[""What air ventilation system do you have in your home? Natural ventilation (ventilation via windows and air vents)""]",,,,,,True,1,True,1,"[{""charging_control"": ""Yes, automated by price (advanced control based on spot price for electricity)"", ""distance_before_charging_km"": 300.0, ""electric_range_km"": 410.0, ""home_charging_frequency"": ""Several times a week"", ""home_charging_method"": ""Charging station 32A, 3 phase [22kW] or higher"", ""usual_charging_location"": ""At home on the same electricity meter as the rest of the home"", ""usual_charging_time"": ""Night (10 pm - 7 am)"", ""vehicle_number"": 1}]",[]
iflex,iflex,Exp_432,1,Living alone,Man,High school / High school level (11-13 years of schooling),NOK 500 000 -799 999,,"{""full_time_work"": 0, ""other"": 0, ""part_time_work"": 0, ""retired"": 1, ""school_or_kindergarten"": 0, ""student"": 0, ""unemployed_or_not_in_education"": 0}",Detached house,80-99 m2,True,1901-1920,True,True,True,,,20.0,True,weekday_daytime,True,True,"Yes, manually (turn on and off panel heaters, regulate temperature on thermostats, etc.)",No,,,,True,False,,"[""App (e.g. electricity supplier or others)""]",,Other,True,False,Own electric water heater,"[""What air ventilation system do you have in your home? Natural ventilation (ventilation via windows and air vents)""]",,,,,,True,2,False,,[],"[""age_distribution_inconsistent_with_household_size""]"
iflex,iflex,Exp_188,1,Living alone,Woman,High school / High school level (11-13 years of schooling),NOK 800 000 - 999 999,"{""0_1"": 0, ""16_22"": 0, ""23_29"": 0, ""2_5"": 0, ""30_39"": 0, ""40_49"": 0, ""50_66"": 1, ""67_plus"": 0, ""6_15"": 0}","{""full_time_work"": 1, ""other"": 0, ""part_time_work"": 0, ""retired"": 0, ""school_or_kindergarten"": 0, ""student"": 0, ""unemployed_or_not_in_education"": 0}",Apartment block,60-79 m2,True,1971-1980,True,False,,,,22.0,False,weekday_daytime,False,True,"Yes, manually (turn on and off panel heaters, regulate temperature on thermostats, etc.)",No,,,,False,False,,,,Fixed price,True,,Own electric water heater,"[""What air ventilation system do you have in your home? Natural ventilation (ventilation via windows and air vents)""]",,,,,,True,1,True,1,"[{""charging_control"": ""Yes, manually"", ""distance_before_charging_km"": 200.0, ""electric_range_km"": 300.0, ""home_charging_frequency"": ""About once a week"", ""home_charging_method"": ""Home charging station 16A, 3 phase [12kW]"", ""usual_charging_location"": ""At home on a shared electricity meter with other homes"", ""usual_charging_time"": ""Night (10 pm - 7 am)"", ""vehicle_number"": 1}]",[]
iflex,iflex,Exp_434,3,Couple with large children (youngest child 6-17 years),Man,"College / University, higher degree (4 years or more)",NOK 1 000 000 - 1 499 999,"{""0_1"": 0, ""16_22"": 0, ""23_29"": 0, ""2_5"": 0, ""30_39"": 0, ""40_49"": 0, ""50_66"": 1, ""67_plus"": 1, ""6_15"": 1}","{""full_time_work"": 1, ""other"": 0, ""part_time_work"": 0, ""retired"": 1, ""school_or_kindergarten"": 1, ""student"": 0, ""unemployed_or_not_in_education"": 0}",Detached house,160 m2 or larger,True,1946-1960,True,False,,,,22.0,True,weekday_daytime,True,False,No,No,,"[""Sometimes, mostly for having it cosy"", ""Only on the coldest days""]",,False,False,,,,Variable price,True,,Own electric water heater,"[""What air ventilation system do you have in your home? Natural ventilation (ventilation via windows and air vents)""]",,,,,,True,2,False,,[],[]
iflex,iflex,Exp_190,2,Couple without children living at home,Man,"College / University, higher degree (4 years or more)",NOK 1 500 000 or more,"{""0_1"": 0, ""16_22"": 0, ""23_29"": 0, ""2_5"": 0, ""30_39"": 0, ""40_49"": 0, ""50_66"": 2, ""67_plus"": 0, ""6_15"": 0}","{""full_time_work"": 2, ""other"": 0, ""part_time_work"": 0, ""retired"": 0, ""school_or_kindergarten"": 0, ""student"": 0, ""unemployed_or_not_in_education"": 0}",Apartment block,120-159 m2,True,1961-1970,True,False,,,,22.0,False,weekday_daytime,True,True,"Yes, manually (turn on and off panel heaters, regulate temperature on thermostats, etc.)",,,"[""Sometimes, mostly for having it cosy""]",,False,False,,,,Variable price,True,False,Other,"[""What air ventilation system do you have in your home? Natural ventilation (ventilation via windows and air vents)"", ""What air ventilation system do you have in your home? Mechanical ventilation manually controlled""]",,,,,,True,2,True,1,"[{""charging_control"": ""Yes, manually"", ""distance_before_charging_km"": 200.0, ""electric_range_km"": 30.0, ""home_charging_frequency"": ""About once a week"", ""home_charging_method"": ""Charging station 32A, 3 phase [22kW] or higher"", ""usual_charging_location"": ""At home on the same electricity meter as the rest of the home"", ""usual_charging_time"": ""Night (10 pm - 7 am)"", ""vehicle_number"": 1}]",[]
iflex,iflex,Exp_435,3,Couple with large children (youngest child 6-17 years),Man,"College / University, undergraduate degree (1-3 years)",NOK 1 000 000 - 1 499 999,,"{""full_time_work"": 3, ""other"": 0, ""part_time_work"": 0, ""retired"": 0, ""school_or_kindergarten"": 0, ""student"": 1, ""unemployed_or_not_in_education"": 0}",Detached house,160 m2 or larger,True,1961-1970,True,False,,,,22.0,True,weekday_daytime,True,True,"Yes, manually (turn on and off panel heaters, regulate temperature on thermostats, etc.)",No,,"[""Only on the coldest days""]",,False,False,,,,Spot price / Hourly spot,True,False,Own electric water heater,"[""What air ventilation system do you have in your home? Natural ventilation (ventilation via windows and air vents)""]",,,,,,True,3,True,2,"[{""charging_control"": ""No"", ""distance_before_charging_km"": 50.0, ""electric_range_km"": 21.0, ""home_charging_frequency"": ""Daily"", ""home_charging_method"": ""Standard outlet [10-16A, 1 phase, 2.3 - 3.5 kW]"", ""usual_charging_location"": ""At home on the same electricity meter as the rest of the home"", ""usual_charging_time"": ""Evening (5 pm - 10 pm)"", ""vehicle_number"": 1}, {""charging_control"": ""No"", ""distance_before_charging_km"": 30.0, ""electric_range_km"": 200.0, ""home_charging_frequency"": ""Daily"", ""home_charging_method"": ""Standard outlet [10-16A, 1 phase, 2.3 - 3.5 kW]"", ""usual_charging_location"": ""At home on the same electricity meter as the rest of the home"", ""usual_charging_time"": ""Morning (7 am - 1 pm)"", ""vehicle_number"": 2}]","[""age_distribution_inconsistent_with_household_size""]"
iflex,iflex,Exp_191,3,Single-family households with adult children (youngest child 18 years or older),Man,"College / University, higher degree (4 years or more)",NOK 1 000 000 - 1 499 999,"{""0_1"": 0, ""16_22"": 0, ""23_29"": 0, ""2_5"": 0, ""30_39"": 1, ""40_49"": 0, ""50_66"": 2, ""67_plus"": 0, ""6_15"": 0}","{""full_time_work"": 1, ""other"": 0, ""part_time_work"": 0, ""retired"": 2, ""school_or_kindergarten"": 0, ""student"": 0, ""unemployed_or_not_in_education"": 0}",Apartment block,80-99 m2,True,1981-1990,True,False,,,,22.0,True,weekday_daytime,True,True,"Yes, automated by time (set schedule in thermostat)",No,,,,True,True,,"[""Electricity bill""]","[""Media / news""]",Spot price / Hourly spot,True,False,Own electric water heater,"[""What air ventilation system do you have in your home? Natural ventilation (ventilation via windows and air vents)""]",,,,,,True,1,True,1,"[{""charging_control"": ""Yes, manually"", ""distance_before_charging_km"": 150.0, ""electric_range_km"": 220.0, ""home_charging_frequency"": ""About once a week"", ""home_charging_method"": ""Standard outlet [10-16A, 1 phase, 2.3 - 3.5 kW]"", ""usual_charging_location"": ""Not at home (at work, street charging, public stations, other places)"", ""usual_charging_time"": ""Night (10 pm - 7 am)"", ""vehicle_number"": 1}]",[]
iflex,iflex,Exp_436,2,Couple without children living at home,Man,"College / University, higher degree (4 years or more)",NOK 800 000 - 999 999,"{""0_1"": 0, ""16_22"": 0, ""23_29"": 0, ""2_5"": 0, ""30_39"": 2, ""40_49"": 0, ""50_66"": 0, ""67_plus"": 0, ""6_15"": 0}","{""full_time_work"": 2, ""other"": 0, ""part_time_work"": 0, ""retired"": 0, ""school_or_kindergarten"": 0, ""student"": 0, ""unemployed_or_not_in_education"": 0}",Semi-detached house,120-159 m2,True,1946-1960,False,False,,,,20.0,False,weekday_daytime,True,True,"Yes, manually (turn on and off panel heaters, regulate temperature on thermostats, etc.)",No,,"[""Sometimes, mostly for having it cosy"", ""Only on the coldest days""]",,False,False,,,,Spot price / Hourly spot,True,,Own electric water heater,"[""What air ventilation system do you have in your home? Natural ventilation (ventilation via windows and air vents)""]",,,,,,True,2,False,,[],[]
iflex,iflex,Exp_192,2,Couple without children living at home,Man,"College / University, higher degree (4 years or more)",NOK 500 000 -799 999,"{""0_1"": 0, ""16_22"": 0, ""23_29"": 0, ""2_5"": 0, ""30_39"": 0, ""40_49"": 0, ""50_66"": 0, ""67_plus"": 2, ""6_15"": 0}","{""full_time_work"": 0, ""other"": 0, ""part_time_work"": 0, ""retired"": 2, ""school_or_kindergarten"": 0, ""student"": 0, ""unemployed_or_not_in_education"": 0}",Detached house,160 m2 or larger,True,1981-1990,False,False,,,,23.0,True,weekday_daytime,True,True,"Yes, automated by time (set schedule in thermostat)",No,,"[""Sometimes, mostly for having it cosy""]",,False,False,,,,,True,,Own electric water heater,"[""What air ventilation system do you have in your home? Natural ventilation (ventilation via windows and air vents)""]",,,,,,True,2,False,,[],[]
iflex,iflex,Exp_438,2,Couple without children living at home,Man,"College / University, higher degree (4 years or more)",NOK 1 500 000 or more,"{""0_1"": 0, ""16_22"": 0, ""23_29"": 0, ""2_5"": 0, ""30_39"": 0, ""40_49"": 0, ""50_66"": 1, ""67_plus"": 1, ""6_15"": 0}","{""full_time_work"": 0, ""other"": 0, ""part_time_work"": 0, ""retired"": 2, ""school_or_kindergarten"": 0, ""student"": 0, ""unemployed_or_not_in_education"": 0}",Detached house,160 m2 or larger,True,1971-1980,False,True,True,,,22.0,True,weekday_daytime,True,False,No,No,,"[""Sometimes, mostly for having it cosy""]",,True,True,,"[""Electricity bill"", ""Website (e.g. electricity supplier or others)""]","[""Electricity bill""]",Spot price / Hourly spot,True,False,Own electric water heater,"[""What air ventilation system do you have in your home? Natural ventilation (ventilation via windows and air vents)""]",,,,,,True,2,True,1,"[{""charging_control"": ""No"", ""distance_before_charging_km"": 80.0, ""electric_range_km"": 140.0, ""home_charging_frequency"": ""Daily"", ""home_charging_method"": ""Charging station 32A, 3 phase [22kW] or higher"", ""usual_charging_location"": ""At home on the same electricity meter as the rest of the home"", ""usual_charging_time"": ""Night (10 pm - 7 am)"", ""vehicle_number"": 1}]",[]
iflex,iflex,Exp_193,5,Couple with large children (youngest child 6-17 years),Man,High school / High school level (11-13 years of schooling),NOK 800 000 - 999 999,"{""0_1"": 0, ""16_22"": 1, ""23_29"": 0, ""2_5"": 0, ""30_39"": 0, ""40_49"": 2, ""50_66"": 0, ""67_plus"": 0, ""6_15"": 2}","{""full_time_work"": 2, ""other"": 0, ""part_time_work"": 0, ""retired"": 0, ""school_or_kindergarten"": 3, ""student"": 0, ""unemployed_or_not_in_education"": 0}",Detached house,120-159 m2,True,1991-2000,True,False,,,,22.0,True,weekday_daytime,True,True,"Yes, manually (turn on and off panel heaters, regulate temperature on thermostats, etc.)",No,,,,True,True,,"[""Electricity bill""]","[""Website (e.g. electricity supplier or others)""]",Spot price / Hourly spot,True,,Own electric water heater,"[""What air ventilation system do you have in your home? Natural ventilation (ventilation via windows and air vents)"", ""What air ventilation system do you have in your home? Mechanical ventilation manually controlled""]",,,,,,True,2,True,1,"[{""charging_control"": ""Yes, automated by price (advanced control based on spot price for electricity)"", ""distance_before_charging_km"": 180.0, ""electric_range_km"": 250.0, ""home_charging_frequency"": ""Several times a week"", ""home_charging_method"": ""Home charging station 16A, 3 phase [12kW]"", ""usual_charging_location"": ""At home on the same electricity meter as the rest of the home"", ""usual_charging_time"": ""Night (10 pm - 7 am)"", ""vehicle_number"": 1}]",[]
iflex,iflex,Exp_439,3,Other,Man,"College / University, undergraduate degree (1-3 years)",NOK 800 000 - 999 999,"{""0_1"": 0, ""16_22"": 1, ""23_29"": 0, ""2_5"": 0, ""30_39"": 0, ""40_49"": 0, ""50_66"": 2, ""67_plus"": 0, ""6_15"": 0}","{""full_time_work"": 2, ""other"": 0, ""part_time_work"": 0, ""retired"": 0, ""school_or_kindergarten"": 1, ""student"": 0, ""unemployed_or_not_in_education"": 0}",Apartment block,160 m2 or larger,True,1961-1970,True,True,True,,,21.0,False,weekday_daytime,True,True,No,No,,"[""Sometimes, mostly for having it cosy""]",,False,True,,,"[""Electricity bill""]",Spot price / Hourly spot,True,,Own electric water heater,"[""What air ventilation system do you have in your home? Natural ventilation (ventilation via windows and air vents)""]",,,,,,True,1,False,,[],[]
iflex,iflex,Exp_194,1,Living alone,Man,"College / University, higher degree (4 years or more)",,"{""0_1"": 0, ""16_22"": 0, ""23_29"": 0, ""2_5"": 0, ""30_39"": 0, ""40_49"": 0, ""50_66"": 1, ""67_plus"": 0, ""6_15"": 0}","{""full_time_work"": 0, ""other"": 0, ""part_time_work"": 1, ""retired"": 0, ""school_or_kindergarten"": 0, ""student"": 0, ""unemployed_or_not_in_education"": 0}",Detached house,160 m2 or larger,True,1900 or earlier,True,False,,,,23.0,True,weekday_daytime,True,True,"Yes, manually (turn on and off panel heaters, regulate temperature on thermostats, etc.)",No,,"[""Almost every day in winter""]",,False,False,,,,,True,,Own electric water heater,"[""What air ventilation system do you have in your home? Natural ventilation (ventilation via windows and air vents)""]",,,,,,False,,,,,[]
iflex,iflex,Exp_195,3,Other,Man,"College / University, higher degree (4 years or more)",NOK 1 500 000 or more,"{""0_1"": 0, ""16_22"": 0, ""23_29"": 1, ""2_5"": 0, ""30_39"": 0, ""40_49"": 0, ""50_66"": 2, ""67_plus"": 0, ""6_15"": 0}","{""full_time_work"": 2, ""other"": 0, ""part_time_work"": 0, ""retired"": 0, ""school_or_kindergarten"": 0, ""student"": 1, ""unemployed_or_not_in_education"": 0}",Detached house,160 m2 or larger,True,1991-2000,False,False,,,,22.0,True,weekday_daytime,True,False,"Yes, manually (turn on and off panel heaters, regulate temperature on thermostats, etc.)",No,,"[""Only on the coldest days""]",,True,False,,"[""Electricity bill""]",,Variable price,True,False,Own electric water heater,"[""What air ventilation system do you have in your home? Balanced ventilation system with heat recovery""]",,,,,,True,1,False,,[],[]
iflex,iflex,Exp_197,2,Couple without children living at home,Man,"College / University, higher degree (4 years or more)",NOK 1 500 000 or more,"{""0_1"": 0, ""16_22"": 0, ""23_29"": 0, ""2_5"": 0, ""30_39"": 0, ""40_49"": 0, ""50_66"": 2, ""67_plus"": 0, ""6_15"": 0}","{""full_time_work"": 1, ""other"": 0, ""part_time_work"": 0, ""retired"": 1, ""school_or_kindergarten"": 0, ""student"": 0, ""unemployed_or_not_in_education"": 0}","Townhouses, chain houses and other small houses with 3 homes or more",160 m2 or larger,True,1991-2000,True,False,,,,23.0,True,weekday_daytime,True,False,"Yes, manually (turn on and off panel heaters, regulate temperature on thermostats, etc.)",No,,"[""Only on the coldest days""]",,False,True,,,"[""Electricity bill"", ""Media / news""]",Spot price / Hourly spot,True,True,Own electric water heater,"[""0"", ""What air ventilation system do you have in your home? Mechanical ventilation manually controlled""]",,,,,,True,1,True,1,"[{""charging_control"": ""No"", ""distance_before_charging_km"": 60.0, ""electric_range_km"": 400.0, ""home_charging_frequency"": ""Daily"", ""home_charging_method"": ""Charging station 32A, 3 phase [22kW] or higher"", ""usual_charging_location"": ""At home on the same electricity meter as the rest of the home"", ""usual_charging_time"": ""Night (10 pm - 7 am)"", ""vehicle_number"": 1}]",[]
iflex,iflex,Exp_200,2,Couple without children living at home,Man,"College / University, higher degree (4 years or more)",NOK 1 500 000 or more,"{""0_1"": 0, ""16_22"": 0, ""23_29"": 0, ""2_5"": 0, ""30_39"": 0, ""40_49"": 0, ""50_66"": 2, ""67_plus"": 0, ""6_15"": 0}","{""full_time_work"": 2, ""other"": 0, ""part_time_work"": 0, ""retired"": 0, ""school_or_kindergarten"": 0, ""student"": 0, ""unemployed_or_not_in_education"": 0}",Semi-detached house,100-119 m2,True,2001-2010,False,False,,,,22.0,False,weekday_daytime,True,False,"Yes, manually (turn on and off panel heaters, regulate temperature on thermostats, etc.)",No,,"[""Sometimes, mostly for having it cosy""]",,False,True,,,"[""Media / news""]",Spot price / Hourly spot,True,,Own electric water heater,"[""What air ventilation system do you have in your home? Natural ventilation (ventilation via windows and air vents)""]",,,,,,True,1,False,,[],[]
iflex,iflex,Exp_201,2,Couple without children living at home,Woman,"College / University, higher degree (4 years or more)",NOK 1 500 000 or more,"{""0_1"": 0, ""16_22"": 0, ""23_29"": 0, ""2_5"": 0, ""30_39"": 0, ""40_49"": 0, ""50_66"": 2, ""67_plus"": 0, ""6_15"": 0}","{""full_time_work"": 1, ""other"": 0, ""part_time_work"": 0, ""retired"": 0, ""school_or_kindergarten"": 0, ""student"": 0, ""unemployed_or_not_in_education"": 1}",Detached house,160 m2 or larger,True,1991-2000,False,False,,,,24.0,True,weekday_daytime,True,True,"Yes, manually (turn on and off panel heaters, regulate temperature on thermostats, etc.)",No,,"[""Sometimes, mostly for having it cosy"", ""Only on the coldest days"", ""Weekly in winter""]",,False,False,,,,Spot price / Hourly spot,True,,Own electric water heater,"[""What air ventilation system do you have in your home? Natural ventilation (ventilation via windows and air vents)"", ""What air ventilation system do you have in your home? Mechanical ventilation manually controlled""]",,,,,,True,2,False,,[],[]
iflex,iflex,Exp_202,4,Couple with large children (youngest child 6-17 years),Man,"College / University, higher degree (4 years or more)",,"{""0_1"": 0, ""16_22"": 0, ""23_29"": 0, ""2_5"": 0, ""30_39"": 0, ""40_49"": 2, ""50_66"": 0, ""67_plus"": 0, ""6_15"": 2}","{""full_time_work"": 0, ""other"": 0, ""part_time_work"": 1, ""retired"": 0, ""school_or_kindergarten"": 2, ""student"": 0, ""unemployed_or_not_in_education"": 1}",Apartment block,80-99 m2,True,1961-1970,True,False,,,,24.0,True,weekday_daytime,False,False,No,,,,,False,False,,,,,True,False,Shared water heater or district heating,"[""0"", ""What air ventilation system do you have in your home? Balanced ventilation system with heat recovery""]",,,,,,False,,,,,[]
iflex,iflex,Exp_203,4,Couple with large children (youngest child 6-17 years),Man,"College / University, higher degree (4 years or more)",NOK 1 500 000 or more,"{""0_1"": 0, ""16_22"": 0, ""23_29"": 0, ""2_5"": 0, ""30_39"": 0, ""40_49"": 2, ""50_66"": 0, ""67_plus"": 0, ""6_15"": 2}","{""full_time_work"": 2, ""other"": 0, ""part_time_work"": 0, ""retired"": 0, ""school_or_kindergarten"": 2, ""student"": 0, ""unemployed_or_not_in_education"": 0}",Detached house,160 m2 or larger,True,1961-1970,True,False,,,,19.0,True,weekday_daytime,True,False,"Yes, manually (turn on and off panel heaters, regulate temperature on thermostats, etc.)",No,,"[""Almost every day in winter""]",,False,False,,,,Fixed price,True,,Own electric water heater,"[""What air ventilation system do you have in your home? Natural ventilation (ventilation via windows and air vents)""]",,,,,,True,1,False,,[],[]
iflex,iflex,Exp_205,5,Couple with large children (youngest child 6-17 years),Man,"College / University, higher degree (4 years or more)",NOK 1 500 000 or more,"{""0_1"": 0, ""16_22"": 0, ""23_29"": 0, ""2_5"": 0, ""30_39"": 0, ""40_49"": 2, ""50_66"": 0, ""67_plus"": 0, ""6_15"": 3}","{""full_time_work"": 2, ""other"": 0, ""part_time_work"": 1, ""retired"": 0, ""school_or_kindergarten"": 2, ""student"": 0, ""unemployed_or_not_in_education"": 0}",Detached house,160 m2 or larger,True,1981-1990,False,False,,,,23.0,False,weekday_daytime,True,False,No,No,,"[""Only on the coldest days""]",,False,False,,,,Variable price,True,False,Own electric water heater,"[""What air ventilation system do you have in your home? Natural ventilation (ventilation via windows and air vents)""]",,,,,,True,2,False,,[],[]
iflex,iflex,Exp_207,4,Single-family households with adult children (youngest child 18 years or older),Woman,"College / University, higher degree (4 years or more)",NOK 1 500 000 or more,"{""0_1"": 0, ""16_22"": 0, ""23_29"": 0, ""2_5"": 1, ""30_39"": 1, ""40_49"": 1, ""50_66"": 0, ""67_plus"": 0, ""6_15"": 1}","{""full_time_work"": 2, ""other"": 0, ""part_time_work"": 0, ""retired"": 0, ""school_or_kindergarten"": 2, ""student"": 0, ""unemployed_or_not_in_education"": 0}",Semi-detached house,120-159 m2,True,1946-1960,True,False,,,,22.0,False,weekday_daytime,True,True,"Yes, automated by time (set schedule in thermostat)",No,,,,True,True,,"[""Electricity bill""]","[""Website (e.g. electricity supplier or others)""]",Spot price / Hourly spot,True,False,Own electric water heater,"[""What air ventilation system do you have in your home? Natural ventilation (ventilation via windows and air vents)"", ""What air ventilation system do you have in your home? Mechanical ventilation manually controlled""]",,,,,,False,,,,,[]
iflex,iflex,Exp_208,2,Couple without children living at home,Man,"College / University, higher degree (4 years or more)",NOK 1 500 000 or more,"{""0_1"": 0, ""16_22"": 0, ""23_29"": 0, ""2_5"": 0, ""30_39"": 0, ""40_49"": 0, ""50_66"": 2, ""67_plus"": 0, ""6_15"": 0}","{""full_time_work"": 2, ""other"": 0, ""part_time_work"": 0, ""retired"": 0, ""school_or_kindergarten"": 0, ""student"": 0, ""unemployed_or_not_in_education"": 0}",Apartment block,120-159 m2,True,1901-1920,True,False,,,,22.0,True,weekday_daytime,True,True,"Yes, automated by time (set schedule in thermostat)",No,,"[""Sometimes, mostly for having it cosy"", ""Only on the coldest days""]",,False,False,,,,Spot price / Hourly spot,True,,Own electric water heater,"[""What air ventilation system do you have in your home? Natural ventilation (ventilation via windows and air vents)"", ""What air ventilation system do you have in your home? Mechanical ventilation manually controlled""]",,,,,,True,1,False,,[],[]
iflex,iflex,Exp_209,5,Couple with large children (youngest child 6-17 years),Man,"College / University, higher degree (4 years or more)",NOK 1 500 000 or more,"{""0_1"": 0, ""16_22"": 0, ""23_29"": 0, ""2_5"": 0, ""30_39"": 0, ""40_49"": 2, ""50_66"": 0, ""67_plus"": 0, ""6_15"": 3}","{""full_time_work"": 2, ""other"": 0, ""part_time_work"": 0, ""retired"": 0, ""school_or_kindergarten"": 3, ""student"": 0, ""unemployed_or_not_in_education"": 0}","Townhouses, chain houses and other small houses with 3 homes or more",160 m2 or larger,True,2001-2010,False,False,,,,22.0,False,weekday_daytime,True,True,"Yes, automated by time (set schedule in thermostat)",,,,,True,True,,"[""App (e.g. electricity supplier or others)""]","[""App (e.g. electricity supplier or others)""]",Spot price / Hourly spot,True,False,Shared water heater or district heating,"[""What air ventilation system do you have in your home? Natural ventilation (ventilation via windows and air vents)""]",,,,,,True,2,True,1,"[{""charging_control"": ""Yes, automated by price (advanced control based on spot price for electricity)"", ""distance_before_charging_km"": 30.0, ""electric_range_km"": 500.0, ""home_charging_frequency"": ""Daily"", ""home_charging_method"": null, ""usual_charging_location"": ""At home on the same electricity meter as the rest of the home"", ""usual_charging_time"": ""Night (10 pm - 7 am)"", ""vehicle_number"": 1}]",[]
iflex,iflex,Exp_210,2,Couple without children living at home,Woman,High school / High school level (11-13 years of schooling),NOK 1 000 000 - 1 499 999,"{""0_1"": 0, ""16_22"": 0, ""23_29"": 0, ""2_5"": 0, ""30_39"": 0, ""40_49"": 0, ""50_66"": 2, ""67_plus"": 0, ""6_15"": 0}","{""full_time_work"": 2, ""other"": 0, ""part_time_work"": 0, ""retired"": 0, ""school_or_kindergarten"": 0, ""student"": 0, ""unemployed_or_not_in_education"": 0}",Detached house,160 m2 or larger,True,1961-1970,True,False,,,,20.0,False,weekday_daytime,True,True,"Yes, manually (turn on and off panel heaters, regulate temperature on thermostats, etc.)",No,,"[""Weekly in winter""]",,False,False,,,,Variable price,True,,Own electric water heater,"[""What air ventilation system do you have in your home? Natural ventilation (ventilation via windows and air vents)""]",,,,,,True,1,False,,[],[]
iflex,iflex,Exp_211,1,Other,Man,"College / University, higher degree (4 years or more)",,"{""0_1"": 0, ""16_22"": 0, ""23_29"": 0, ""2_5"": 0, ""30_39"": 0, ""40_49"": 1, ""50_66"": 0, ""67_plus"": 0, ""6_15"": 0}","{""full_time_work"": 1, ""other"": 0, ""part_time_work"": 0, ""retired"": 0, ""school_or_kindergarten"": 0, ""student"": 0, ""unemployed_or_not_in_education"": 0}",Detached house,120-159 m2,True,2011 or later,False,False,,,,22.0,False,weekday_daytime,True,False,"Yes, automated by time (set schedule in thermostat)",No,,"[""Only on the coldest days""]",,False,True,,,"[""Electricity bill""]",Variable price,True,,Own electric water heater,"[""0"", ""What air ventilation system do you have in your home? Balanced ventilation system with heat recovery""]",,,,,,True,1,False,,[],[]
iflex,iflex,Exp_212,3,Couple with large children (youngest child 6-17 years),Woman,"College / University, higher degree (4 years or more)",NOK 1 000 000 - 1 499 999,"{""0_1"": 0, ""16_22"": 0, ""23_29"": 0, ""2_5"": 0, ""30_39"": 0, ""40_49"": 0, ""50_66"": 2, ""67_plus"": 0, ""6_15"": 1}","{""full_time_work"": 1, ""other"": 0, ""part_time_work"": 0, ""retired"": 1, ""school_or_kindergarten"": 0, ""student"": 1, ""unemployed_or_not_in_education"": 0}",Detached house,160 m2 or larger,True,1900 or earlier,True,False,,,,22.0,True,weekday_daytime,True,False,"Yes, manually (turn on and off panel heaters, regulate temperature on thermostats, etc.)",No,,"[""Sometimes, mostly for having it cosy"", ""Only on the coldest days""]",,False,False,,,,,True,,Own electric water heater,"[""What air ventilation system do you have in your home? Natural ventilation (ventilation via windows and air vents)"", ""What air ventilation system do you have in your home? Mechanical ventilation manually controlled""]",,,,,,True,1,False,,[],[]
iflex,iflex,Exp_213,5,Mother/father with large children (youngest child 6-17 years),Man,"College / University, higher degree (4 years or more)",NOK 1 000 000 - 1 499 999,"{""0_1"": 0, ""16_22"": 2, ""23_29"": 0, ""2_5"": 0, ""30_39"": 0, ""40_49"": 2, ""50_66"": 0, ""67_plus"": 0, ""6_15"": 1}","{""full_time_work"": 1, ""other"": 0, ""part_time_work"": 1, ""retired"": 0, ""school_or_kindergarten"": 1, ""student"": 2, ""unemployed_or_not_in_education"": 0}","Townhouses, chain houses and other small houses with 3 homes or more",120-159 m2,True,1961-1970,True,False,,,,22.0,False,weekday_daytime,True,False,"Yes, manually (turn on and off panel heaters, regulate temperature on thermostats, etc.)",No,,,,True,False,,"[""Electricity bill""]",,Variable price,True,,Own electric water heater,"[""What air ventilation system do you have in your home? Natural ventilation (ventilation via windows and air vents)""]",,,,,,True,2,True,1,"[{""charging_control"": ""Yes, manually"", ""distance_before_charging_km"": 150.0, ""electric_range_km"": 500.0, ""home_charging_frequency"": ""About once a week"", ""home_charging_method"": ""Standard outlet [10-16A, 1 phase, 2.3 - 3.5 kW]"", ""usual_charging_location"": ""At home on the same electricity meter as the rest of the home"", ""usual_charging_time"": ""Night (10 pm - 7 am)"", ""vehicle_number"": 1}]",[]
iflex,iflex,Exp_215,4,Couple with large children (youngest child 6-17 years),Woman,"College / University, higher degree (4 years or more)",,"{""0_1"": 0, ""16_22"": 0, ""23_29"": 0, ""2_5"": 0, ""30_39"": 0, ""40_49"": 1, ""50_66"": 1, ""67_plus"": 0, ""6_15"": 2}","{""full_time_work"": 2, ""other"": 0, ""part_time_work"": 0, ""retired"": 0, ""school_or_kindergarten"": 2, ""student"": 0, ""unemployed_or_not_in_education"": 0}","Townhouses, chain houses and other small houses with 3 homes or more",160 m2 or larger,True,1961-1970,True,False,,,,22.0,False,weekday_daytime,True,False,"Yes, automated by time (set schedule in thermostat)",No,,"[""Sometimes, mostly for having it cosy""]",,False,True,,,"[""Website (e.g. electricity supplier or others)""]",Spot price / Hourly spot,True,True,Own electric water heater,"[""What air ventilation system do you have in your home? Natural ventilation (ventilation via windows and air vents)""]",,,,,,True,1,True,1,"[{""charging_control"": ""No"", ""distance_before_charging_km"": 10.0, ""electric_range_km"": 35.0, ""home_charging_frequency"": ""Daily"", ""home_charging_method"": ""Standard outlet [10-16A, 1 phase, 2.3 - 3.5 kW]"", ""usual_charging_location"": ""At home on the same electricity meter as the rest of the home"", ""usual_charging_time"": ""Evening (5 pm - 10 pm)"", ""vehicle_number"": 1}]",[]
iflex,iflex,Exp_216,2,Couple without children living at home,Man,"College / University, higher degree (4 years or more)",NOK 1 000 000 - 1 499 999,"{""0_1"": 0, ""16_22"": 0, ""23_29"": 0, ""2_5"": 0, ""30_39"": 0, ""40_49"": 0, ""50_66"": 2, ""67_plus"": 0, ""6_15"": 0}","{""full_time_work"": 2, ""other"": 0, ""part_time_work"": 0, ""retired"": 0, ""school_or_kindergarten"": 0, ""student"": 0, ""unemployed_or_not_in_education"": 0}",Detached house,100-119 m2,True,1961-1970,True,False,,,,21.0,False,weekday_daytime,True,True,"Yes, manually (turn on and off panel heaters, regulate temperature on thermostats, etc.)",No,,,,True,False,,"[""Electricity bill""]",,Spot price / Hourly spot,True,True,Own electric water heater,"[""What air ventilation system do you have in your home? Natural ventilation (ventilation via windows and air vents)""]",,,,,,True,3,True,1,"[{""charging_control"": ""Yes, manually"", ""distance_before_charging_km"": 100.0, ""electric_range_km"": 150.0, ""home_charging_frequency"": ""Several times a week"", ""home_charging_method"": ""Standard outlet [10-16A, 1 phase, 2.3 - 3.5 kW]"", ""usual_charging_location"": ""At home on the same electricity meter as the rest of the home"", ""usual_charging_time"": ""Night (10 pm - 7 am)"", ""vehicle_number"": 1}]",[]
iflex,iflex,Exp_217,1,Couple with large children (youngest child 6-17 years),Woman,"College / University, undergraduate degree (1-3 years)",NOK 500 000 -799 999,"{""0_1"": 0, ""16_22"": 0, ""23_29"": 0, ""2_5"": 0, ""30_39"": 1, ""40_49"": 0, ""50_66"": 0, ""67_plus"": 0, ""6_15"": 0}","{""full_time_work"": 1, ""other"": 0, ""part_time_work"": 0, ""retired"": 0, ""school_or_kindergarten"": 0, ""student"": 0, ""unemployed_or_not_in_education"": 0}",Apartment block,30-49 m2,True,1901-1920,True,False,,,,22.0,False,weekday_daytime,True,True,"Yes, manually (turn on and off panel heaters, regulate temperature on thermostats, etc.)",No,,,,False,False,,,,,True,,Own electric water heater,"[""What air ventilation system do you have in your home? Natural ventilation (ventilation via windows and air vents)""]",,,,,,False,,,,,[]
iflex,iflex,Exp_218,2,Couple without children living at home,Woman,"College / University, higher degree (4 years or more)",NOK 1 000 000 - 1 499 999,"{""0_1"": 0, ""16_22"": 0, ""23_29"": 0, ""2_5"": 0, ""30_39"": 0, ""40_49"": 0, ""50_66"": 2, ""67_plus"": 0, ""6_15"": 0}","{""full_time_work"": 1, ""other"": 0, ""part_time_work"": 0, ""retired"": 1, ""school_or_kindergarten"": 0, ""student"": 0, ""unemployed_or_not_in_education"": 0}",Detached house,120-159 m2,True,1961-1970,False,False,,,,23.0,True,weekday_daytime,True,True,"Yes, manually (turn on and off panel heaters, regulate temperature on thermostats, etc.)","Yes, manually",,"[""Almost every day in winter""]",,True,True,,"[""Electricity bill""]","[""Electricity bill""]",Variable price,True,False,Own electric water heater,"[""What air ventilation system do you have in your home? Natural ventilation (ventilation via windows and air vents)""]",,,,,,True,1,True,1,"[{""charging_control"": ""Yes, manually"", ""distance_before_charging_km"": 100.0, ""electric_range_km"": 25.0, ""home_charging_frequency"": ""About once a week"", ""home_charging_method"": ""Standard outlet [10-16A, 1 phase, 2.3 - 3.5 kW]"", ""usual_charging_location"": ""At home on the same electricity meter as the rest of the home"", ""usual_charging_time"": ""Afternoon (1 pm - 5 pm)"", ""vehicle_number"": 1}]",[]
iflex,iflex,Exp_219,4,Couple with large children (youngest child 6-17 years),Man,"College / University, undergraduate degree (1-3 years)",NOK 1 000 000 - 1 499 999,"{""0_1"": 0, ""16_22"": 1, ""23_29"": 0, ""2_5"": 0, ""30_39"": 0, ""40_49"": 2, ""50_66"": 0, ""67_plus"": 0, ""6_15"": 1}","{""full_time_work"": 2, ""other"": 0, ""part_time_work"": 0, ""retired"": 0, ""school_or_kindergarten"": 1, ""student"": 1, ""unemployed_or_not_in_education"": 0}",Semi-detached house,120-159 m2,True,1946-1960,True,False,,,,22.0,False,weekday_daytime,True,True,"Yes, manually (turn on and off panel heaters, regulate temperature on thermostats, etc.)",No,,"[""Almost every day in winter""]",,False,False,,,,Spot price / Hourly spot,True,False,Own electric water heater,"[""0"", ""What air ventilation system do you have in your home? Mechanical ventilation manually controlled""]",,,,,,True,1,False,,[],[]
