source,meter_configuration,household_id,profile_people_household_size,profile_people_household_type,profile_people_survey_sex_answer,profile_people_highest_household_education,profile_people_gross_household_income_band,profile_people_age_group_counts,profile_people_life_status_counts,profile_dwelling_type,profile_dwelling_floor_area_band_m2,profile_dwelling_owner_occupied,profile_dwelling_construction_year_band,profile_dwelling_energy_renovation_reported,profile_dwelling_rental_unit_present,profile_dwelling_rental_unit_separate_meter,profile_dwelling_shared_flat,profile_dwelling_heated_room_count,profile_preferences_living_room_comfort_temperature_celsius,profile_usage_habits_daytime_home,profile_usage_habits_daytime_home_scope,profile_usage_habits_lower_temperature_in_less_used_rooms,profile_usage_habits_reduce_temperature_at_night_or_away,profile_usage_habits_heating_control,profile_usage_habits_water_heater_control,profile_usage_habits_dryer_usage_level,profile_usage_habits_wood_stove_use_answers,profile_energy_attitudes_reported_electricity_reduction_effort,profile_energy_attitudes_follows_electricity_use,profile_energy_attitudes_follows_electricity_prices,profile_energy_attitudes_internet_access,profile_energy_attitudes_use_information_channels,profile_energy_attitudes_price_information_channels,profile_energy_systems_electricity_contract,profile_energy_systems_respondent_receives_bill,profile_energy_systems_renewable_electricity_contract,profile_energy_systems_hot_water_arrangement,profile_energy_systems_ventilation_answers,profile_energy_systems_gas_available,profile_energy_systems_gas_heating,profile_energy_systems_gas_hot_water,profile_energy_systems_gas_cooking,profile_energy_systems_gas_other_appliance,profile_vehicles_car_present,profile_vehicles_car_count,profile_vehicles_electric_or_plugin_hybrid_present,profile_vehicles_electric_or_plugin_hybrid_count,profile_vehicles_electric_or_plugin_hybrid_details,profile_quality_flags
sgsc,sgsc_single,10006486,,,,,,,,,,,,,,,,0,,True,daytime_days_unspecified,,,,,MED,,MED,,,True,,,,,,,,,,,,,,,,,,[]
sgsc,sgsc_single,10014564,,,,,,,,,,,,,,,,1,,True,daytime_days_unspecified,,,,,MED,,HI,,,True,,,,,,,,,,,,,,,,,,[]
sgsc,sgsc_single,10037330,,,,,,,,,,,,,,,,0,,True,daytime_days_unspecified,,,,,LOW,,HI,,,True,,,,,,,,,,,,,,,,,,[]
sgsc,sgsc_single,10041674,,,,,,,,SeparateHouse,,,,,,,,3,,False,daytime_days_unspecified,,,,,NONE,,LOW,,,False,,,,,,,,True,True,True,True,False,,,,,,[]
sgsc,sgsc_single,10042562,,,,,,,,,,,,,,,,0,,True,daytime_days_unspecified,,,,,HI,,HI,,,True,,,,,,,,,,,,,,,,,,[]
sgsc,sgsc_single,10042604,,,,,,,,Unit,,,,,,,,0,,False,daytime_days_unspecified,,,,,NONE,,HI,,,True,,,,,,,,False,False,False,False,False,,,,,,[]
sgsc,sgsc_single,10042922,,,,,,,,Unit,,,,,,,,0,,False,daytime_days_unspecified,,,,,LOW,,HI,,,True,,,,,,,,False,False,False,False,False,,,,,,[]
sgsc,sgsc_single,10042974,,,,,,,,Unit,,,,,,,,0,,False,daytime_days_unspecified,,,,,NONE,,MED,,,False,,,,,,,,False,False,False,False,False,,,,,,[]
sgsc,sgsc_single,10043118,,,,,,,,Unit,,,,,,,,0,,False,daytime_days_unspecified,,,,,LOW,,MED,,,True,,,,,,,,False,False,False,False,False,,,,,,[]
sgsc,sgsc_single,10043128,,,,,,,,Unit,,,,,,,,0,,False,daytime_days_unspecified,,,,,NONE,,MED,,,True,,,,,,,,False,False,False,False,False,,,,,,[]
sgsc,sgsc_single,10043810,,,,,,,,,,,,,,,,0,,True,daytime_days_unspecified,,,,,MED,,NONE,,,False,,,,,,,,,,,,,,,,,,[]
sgsc,sgsc_single,10050260,,,,,,,,Unit,,,,,,,,0,,False,daytime_days_unspecified,,,,,LOW,,HI,,,True,,,,,,,,True,False,True,True,False,,,,,,[]
sgsc,sgsc_single,10050462,,,,,,,,Unit,,,,,,,,1,,False,daytime_days_unspecified,,,,,LOW,,HI,,,True,,,,,,,,True,True,True,True,False,,,,,,[]
sgsc,sgsc_single,10050470,,,,,,,,Unit,,,,,,,,0,,False,daytime_days_unspecified,,,,,LOW,,HI,,,True,,,,,,,,True,False,True,True,False,,,,,,[]
sgsc,sgsc_single,10050488,,,,,,,,Unit,,,,,,,,1,,False,daytime_days_unspecified,,,,,MED,,MED,,,True,,,,,,,,True,True,True,True,False,,,,,,[]
sgsc,sgsc_single,10064028,,,,,,,,,,,,,,,,0,,True,daytime_days_unspecified,,,,,LOW,,HI,,,True,,,,,,,,,,,,,,,,,,[]
sgsc,sgsc_single,10073526,,,,,,,,,,,,,,,,2,,True,daytime_days_unspecified,,,,,MED,,MED,,,True,,,,,,,,,,,,,,,,,,[]
sgsc,sgsc_single,10074380,,,,,,,,,,,,,,,,0,,True,daytime_days_unspecified,,,,,MED,,MED,,,True,,,,,,,,,,,,,,,,,,[]
sgsc,sgsc_single,10084376,,,,,,,,,,,,,,,,0,,True,daytime_days_unspecified,,,,,MED,,HI,,,False,,,,,,,,,,,,,,,,,,[]
sgsc,sgsc_single,10094906,,,,,,,,,,,,,,,,2,,True,daytime_days_unspecified,,,,,LOW,,MED,,,True,,,,,,,,,,,,,,,,,,[]
sgsc,sgsc_single,10109406,,,,,,,,Unit,,,,,,,,0,,False,daytime_days_unspecified,,,,,MED,,MED,,,False,,,,,,,,True,False,True,True,False,,,,,,[]
sgsc,sgsc_single,10109464,,,,,,,,Unit,,,,,,,,0,,False,daytime_days_unspecified,,,,,MED,,MED,,,False,,,,,,,,True,False,True,True,False,,,,,,[]
sgsc,sgsc_single,10109478,,,,,,,,Unit,,,,,,,,0,,False,daytime_days_unspecified,,,,,LOW,,MED,,,False,,,,,,,,True,False,True,True,False,,,,,,[]
sgsc,sgsc_single,10111896,,,,,,,,,,,,,,,,0,,True,daytime_days_unspecified,,,,,MED,,MED,,,True,,,,,,,,,,,,,,,,,,[]
sgsc,sgsc_single,10112220,,,,,,,,,,,,,,,,1,,True,daytime_days_unspecified,,,,,LOW,,HI,,,True,,,,,,,,,,,,,,,,,,[]
sgsc,sgsc_single,10131328,,,,,,,,SeparateHouse,,,,,,,,0,,False,daytime_days_unspecified,,,,,NONE,,HI,,,True,,,,,,,,True,False,True,True,False,,,,,,[]
sgsc,sgsc_single,10131364,,,,,,,,SeparateHouse,,,,,,,,0,,False,daytime_days_unspecified,,,,,NONE,,MED,,,True,,,,,,,,True,False,True,True,False,,,,,,[]
sgsc,sgsc_single,10131368,,,,,,,,,,,,,,,,0,,True,daytime_days_unspecified,,,,,NONE,,MED,,,True,,,,,,,,,,,,,,,,,,[]
sgsc,sgsc_single,10135528,,,,,,,,,,,,,,,,0,,True,daytime_days_unspecified,,,,,HI,,HI,,,True,,,,,,,,,,,,,,,,,,[]
sgsc,sgsc_single,10141952,,,,,,,,,,,,,,,,0,,True,daytime_days_unspecified,,,,,LOW,,HI,,,True,,,,,,,,,,,,,,,,,,[]
sgsc,sgsc_single,10167896,,,,,,,,,,,,,,,,1,,True,daytime_days_unspecified,,,,,NONE,,MED,,,True,,,,,,,,,,,,,,,,,,[]
sgsc,sgsc_single,10170616,,,,,,,,,,,,,,,,1,,True,daytime_days_unspecified,,,,,LOW,,HI,,,True,,,,,,,,,,,,,,,,,,[]
sgsc,sgsc_single,10172134,,,,,,,,SeparateHouse,,,,,,,,0,,False,daytime_days_unspecified,,,,,NONE,,MED,,,True,,,,,,,,True,False,True,True,False,,,,,,[]
sgsc,sgsc_single,10172188,,,,,,,,SeparateHouse,,,,,,,,1,,False,daytime_days_unspecified,,,,,NONE,,HI,,,True,,,,,,,,True,True,True,True,False,,,,,,[]
sgsc,sgsc_single,10172792,,,,,,,,SeparateHouse,,,,,,,,0,,False,daytime_days_unspecified,,,,,MED,,LOW,,,True,,,,,,,,True,False,False,True,False,,,,,,[]
sgsc,sgsc_single,10172894,,,,,,,,SeparateHouse,,,,,,,,1,,False,daytime_days_unspecified,,,,,MED,,MED,,,True,,,,,,,,True,True,True,True,False,,,,,,[]
sgsc,sgsc_single,10174208,,,,,,,,Unit,,,,,,,,0,,False,daytime_days_unspecified,,,,,MED,,HI,,,True,,,,,,,,False,False,False,False,False,,,,,,[]
sgsc,sgsc_single,10174238,,,,,,,,Unit,,,,,,,,0,,False,daytime_days_unspecified,,,,,LOW,,MED,,,True,,,,,,,,True,False,True,True,False,,,,,,[]
sgsc,sgsc_single,10174244,,,,,,,,Unit,,,,,,,,2,,False,daytime_days_unspecified,,,,,MED,,HI,,,True,,,,,,,,True,True,True,True,False,,,,,,[]
sgsc,sgsc_single,10174300,,,,,,,,Unit,,,,,,,,0,,False,daytime_days_unspecified,,,,,MED,,HI,,,True,,,,,,,,False,False,False,False,False,,,,,,[]
sgsc,sgsc_single,10174310,,,,,,,,Unit,,,,,,,,0,,False,daytime_days_unspecified,,,,,LOW,,HI,,,True,,,,,,,,False,False,False,False,False,,,,,,[]
sgsc,sgsc_single,10174320,,,,,,,,Unit,,,,,,,,0,,False,daytime_days_unspecified,,,,,MED,,LOW,,,True,,,,,,,,False,False,False,False,False,,,,,,[]
sgsc,sgsc_single,10174326,,,,,,,,Unit,,,,,,,,0,,False,daytime_days_unspecified,,,,,MED,,MED,,,True,,,,,,,,False,False,False,False,False,,,,,,[]
sgsc,sgsc_single,10174358,,,,,,,,Unit,,,,,,,,0,,False,daytime_days_unspecified,,,,,LOW,,HI,,,True,,,,,,,,True,False,True,True,False,,,,,,[]
sgsc,sgsc_single,10174378,,,,,,,,Unit,,,,,,,,0,,False,daytime_days_unspecified,,,,,HI,,NONE,,,True,,,,,,,,True,False,True,True,False,,,,,,[]
sgsc,sgsc_single,10174390,,,,,,,,Unit,,,,,,,,0,,False,daytime_days_unspecified,,,,,LOW,,HI,,,True,,,,,,,,True,False,True,True,False,,,,,,[]
sgsc,sgsc_single,10174422,,,,,,,,Unit,,,,,,,,0,,False,daytime_days_unspecified,,,,,LOW,,MED,,,True,,,,,,,,True,False,False,False,False,,,,,,[]
sgsc,sgsc_single,10174478,,,,,,,,Unit,,,,,,,,1,,False,daytime_days_unspecified,,,,,HI,,MED,,,True,,,,,,,,True,True,True,True,False,,,,,,[]
sgsc,sgsc_single,10174536,,,,,,,,Unit,,,,,,,,1,,False,daytime_days_unspecified,,,,,LOW,,MED,,,True,,,,,,,,True,True,True,True,False,,,,,,[]
sgsc,sgsc_single,10174570,,,,,,,,Unit,,,,,,,,1,,False,daytime_days_unspecified,,,,,NONE,,HI,,,True,,,,,,,,True,True,False,True,True,,,,,,[]
sgsc,sgsc_single,10181544,,,,,,,,,,,,,,,,0,,True,daytime_days_unspecified,,,,,MED,,NONE,,,True,,,,,,,,,,,,,,,,,,[]
sgsc,sgsc_single,10183520,,,,,,,,,,,,,,,,0,,True,daytime_days_unspecified,,,,,HI,,HI,,,False,,,,,,,,,,,,,,,,,,[]
sgsc,sgsc_single,10183524,,,,,,,,,,,,,,,,0,,True,daytime_days_unspecified,,,,,LOW,,HI,,,False,,,,,,,,,,,,,,,,,,[]
sgsc,sgsc_single,10183594,,,,,,,,,,,,,,,,0,,True,daytime_days_unspecified,,,,,MED,,HI,,,False,,,,,,,,,,,,,,,,,,[]
sgsc,sgsc_single,10183670,,,,,,,,,,,,,,,,0,,True,daytime_days_unspecified,,,,,LOW,,HI,,,False,,,,,,,,,,,,,,,,,,[]
sgsc,sgsc_single,10183708,,,,,,,,,,,,,,,,0,,True,daytime_days_unspecified,,,,,LOW,,HI,,,False,,,,,,,,,,,,,,,,,,[]
sgsc,sgsc_single,10183866,,,,,,,,SeparateHouse,,,,,,,,1,,False,daytime_days_unspecified,,,,,NONE,,MED,,,True,,,,,,,,True,True,True,False,False,,,,,,[]
sgsc,sgsc_single,10183890,,,,,,,,SeparateHouse,,,,,,,,0,,False,daytime_days_unspecified,,,,,NONE,,MED,,,True,,,,,,,,True,False,True,True,False,,,,,,[]
sgsc,sgsc_single,10183896,,,,,,,,SeparateHouse,,,,,,,,1,,False,daytime_days_unspecified,,,,,NONE,,HI,,,True,,,,,,,,True,True,True,True,False,,,,,,[]
sgsc,sgsc_single,10183922,,,,,,,,SeparateHouse,,,,,,,,0,,False,daytime_days_unspecified,,,,,LOW,,HI,,,False,,,,,,,,True,True,False,False,False,,,,,,[]
sgsc,sgsc_single,10183966,,,,,,,,,,,,,,,,0,,True,daytime_days_unspecified,,,,,MED,,MED,,,True,,,,,,,,,,,,,,,,,,[]
sgsc,sgsc_single,10184018,,,,,,,,SeparateHouse,,,,,,,,0,,False,daytime_days_unspecified,,,,,LOW,,MED,,,True,,,,,,,,True,False,True,True,False,,,,,,[]
sgsc,sgsc_single,10184040,,,,,,,,SeparateHouse,,,,,,,,0,,False,daytime_days_unspecified,,,,,NONE,,HI,,,False,,,,,,,,True,False,True,True,False,,,,,,[]
sgsc,sgsc_single,10184092,,,,,,,,SeparateHouse,,,,,,,,0,,False,daytime_days_unspecified,,,,,NONE,,MED,,,True,,,,,,,,False,False,False,False,False,,,,,,[]
sgsc,sgsc_single,10186708,,,,,,,,,,,,,,,,0,,True,daytime_days_unspecified,,,,,MED,,HI,,,False,,,,,,,,,,,,,,,,,,[]
sgsc,sgsc_single,10194528,,,,,,,,SeparateHouse,,,,,,,,0,,False,daytime_days_unspecified,,,,,NONE,,HI,,,True,,,,,,,,True,False,True,True,False,,,,,,[]
sgsc,sgsc_single,10195800,,,,,,,,Unit,,,,,,,,0,,False,daytime_days_unspecified,,,,,MED,,HI,,,False,,,,,,,,True,False,True,True,False,,,,,,[]
sgsc,sgsc_single,10195940,,,,,,,,Unit,,,,,,,,0,,False,daytime_days_unspecified,,,,,MED,,HI,,,False,,,,,,,,True,False,True,True,False,,,,,,[]
sgsc,sgsc_single,10196010,,,,,,,,Unit,,,,,,,,0,,False,daytime_days_unspecified,,,,,MED,,MED,,,False,,,,,,,,True,False,True,True,False,,,,,,[]
sgsc,sgsc_single,10200182,,,,,,,,Unit,,,,,,,,0,,False,daytime_days_unspecified,,,,,LOW,,HI,,,True,,,,,,,,True,False,True,True,False,,,,,,[]
sgsc,sgsc_single,10200236,,,,,,,,Unit,,,,,,,,1,,False,daytime_days_unspecified,,,,,LOW,,MED,,,True,,,,,,,,True,True,False,True,False,,,,,,[]
sgsc,sgsc_single,10200240,,,,,,,,,,,,,,,,0,,True,daytime_days_unspecified,,,,,NONE,,HI,,,True,,,,,,,,,,,,,,,,,,[]
sgsc,sgsc_single,10208068,,,,,,,,Unit,,,,,,,,0,,False,daytime_days_unspecified,,,,,LOW,,MED,,,True,,,,,,,,True,False,False,True,False,,,,,,[]
sgsc,sgsc_single,10208074,,,,,,,,Unit,,,,,,,,0,,False,daytime_days_unspecified,,,,,HI,,MED,,,True,,,,,,,,True,False,True,True,False,,,,,,[]
sgsc,sgsc_single,10208116,,,,,,,,Unit,,,,,,,,0,,False,daytime_days_unspecified,,,,,MED,,MED,,,True,,,,,,,,True,False,True,True,False,,,,,,[]
sgsc,sgsc_single,10208130,,,,,,,,Unit,,,,,,,,0,,False,daytime_days_unspecified,,,,,MED,,MED,,,True,,,,,,,,True,False,True,True,False,,,,,,[]
sgsc,sgsc_single,10208140,,,,,,,,Unit,,,,,,,,0,,False,daytime_days_unspecified,,,,,HI,,LOW,,,True,,,,,,,,True,False,True,True,False,,,,,,[]
sgsc,sgsc_single,10208146,,,,,,,,Unit,,,,,,,,0,,False,daytime_days_unspecified,,,,,MED,,HI,,,True,,,,,,,,True,False,True,True,False,,,,,,[]
sgsc,sgsc_single,10208174,,,,,,,,Unit,,,,,,,,0,,False,daytime_days_unspecified,,,,,MED,,HI,,,True,,,,,,,,True,False,True,True,False,,,,,,[]
sgsc,sgsc_single,10208178,,,,,,,,Unit,,,,,,,,0,,False,daytime_days_unspecified,,,,,MED,,LOW,,,False,,,,,,,,True,False,False,True,False,,,,,,[]
sgsc,sgsc_single,10208218,,,,,,,,Unit,,,,,,,,0,,False,daytime_days_unspecified,,,,,HI,,MED,,,True,,,,,,,,True,False,True,True,False,,,,,,[]
sgsc,sgsc_single,10208226,,,,,,,,Unit,,,,,,,,0,,False,daytime_days_unspecified,,,,,HI,,NONE,,,True,,,,,,,,True,False,True,True,False,,,,,,[]
sgsc,sgsc_single,10208234,,,,,,,,Unit,,,,,,,,0,,False,daytime_days_unspecified,,,,,HI,,LOW,,,True,,,,,,,,True,False,False,True,False,,,,,,[]
sgsc,sgsc_single,10208254,,,,,,,,Unit,,,,,,,,1,,False,daytime_days_unspecified,,,,,NONE,,MED,,,True,,,,,,,,True,True,True,True,False,,,,,,[]
sgsc,sgsc_single,10213064,,,,,,,,,,,,,,,,0,,True,daytime_days_unspecified,,,,,NONE,,HI,,,True,,,,,,,,,,,,,,,,,,[]
sgsc,sgsc_single,10214990,,,,,,,,Unit,,,,,,,,0,,False,daytime_days_unspecified,,,,,LOW,,HI,,,True,,,,,,,,True,False,True,True,False,,,,,,[]
sgsc,sgsc_single,10215008,,,,,,,,Unit,,,,,,,,0,,False,daytime_days_unspecified,,,,,MED,,HI,,,True,,,,,,,,True,False,True,True,False,,,,,,[]
sgsc,sgsc_single,10216284,,,,,,,,,,,,,,,,0,,True,daytime_days_unspecified,,,,,LOW,,MED,,,True,,,,,,,,,,,,,,,,,,[]
sgsc,sgsc_single,10217682,,,,,,,,,,,,,,,,4,,True,daytime_days_unspecified,,,,,LOW,,HI,,,True,,,,,,,,,,,,,,,,,,[]
sgsc,sgsc_single,10218392,,,,,,,,,,,,,,,,0,,True,daytime_days_unspecified,,,,,LOW,,MED,,,False,,,,,,,,,,,,,,,,,,[]
sgsc,sgsc_single,10218428,,,,,,,,,,,,,,,,0,,True,daytime_days_unspecified,,,,,MED,,HI,,,False,,,,,,,,,,,,,,,,,,[]
sgsc,sgsc_single,10233628,,,,,,,,Unit,,,,,,,,0,,False,daytime_days_unspecified,,,,,NONE,,MED,,,True,,,,,,,,True,False,False,True,False,,,,,,[]
sgsc,sgsc_single,10233638,,,,,,,,Unit,,,,,,,,0,,False,daytime_days_unspecified,,,,,NONE,,MED,,,True,,,,,,,,True,False,True,True,False,,,,,,[]
sgsc,sgsc_single,10233640,,,,,,,,Unit,,,,,,,,0,,False,daytime_days_unspecified,,,,,NONE,,HI,,,True,,,,,,,,True,True,True,True,False,,,,,,[]
sgsc,sgsc_single,10233644,,,,,,,,Unit,,,,,,,,0,,False,daytime_days_unspecified,,,,,NONE,,MED,,,True,,,,,,,,True,False,True,True,False,,,,,,[]
sgsc,sgsc_single,10233646,,,,,,,,Unit,,,,,,,,0,,False,daytime_days_unspecified,,,,,NONE,,MED,,,True,,,,,,,,True,False,True,True,False,,,,,,[]
sgsc,sgsc_single,10233648,,,,,,,,Unit,,,,,,,,0,,False,daytime_days_unspecified,,,,,NONE,,MED,,,True,,,,,,,,True,False,True,True,False,,,,,,[]
sgsc,sgsc_single,10233652,,,,,,,,Unit,,,,,,,,0,,False,daytime_days_unspecified,,,,,NONE,,MED,,,True,,,,,,,,True,False,False,True,False,,,,,,[]
sgsc,sgsc_single,10233662,,,,,,,,Unit,,,,,,,,0,,False,daytime_days_unspecified,,,,,NONE,,MED,,,True,,,,,,,,True,False,False,True,False,,,,,,[]
sgsc,sgsc_single,10233664,,,,,,,,Unit,,,,,,,,0,,False,daytime_days_unspecified,,,,,NONE,,MED,,,True,,,,,,,,True,False,False,True,False,,,,,,[]
sgsc,sgsc_single,10233682,,,,,,,,Unit,,,,,,,,0,,False,daytime_days_unspecified,,,,,NONE,,HI,,,True,,,,,,,,True,False,True,True,False,,,,,,[]
sgsc,sgsc_single,10233684,,,,,,,,Unit,,,,,,,,0,,False,daytime_days_unspecified,,,,,NONE,,MED,,,True,,,,,,,,True,False,True,True,False,,,,,,[]
sgsc,sgsc_single,10233698,,,,,,,,Unit,,,,,,,,0,,False,daytime_days_unspecified,,,,,NONE,,LOW,,,True,,,,,,,,True,False,True,True,False,,,,,,[]
sgsc,sgsc_single,10233706,,,,,,,,Unit,,,,,,,,0,,False,daytime_days_unspecified,,,,,NONE,,MED,,,True,,,,,,,,True,False,False,True,False,,,,,,[]
sgsc,sgsc_single,10233728,,,,,,,,Unit,,,,,,,,0,,False,daytime_days_unspecified,,,,,NONE,,MED,,,True,,,,,,,,True,False,False,True,False,,,,,,[]
sgsc,sgsc_single,10233730,,,,,,,,Unit,,,,,,,,0,,False,daytime_days_unspecified,,,,,NONE,,LOW,,,True,,,,,,,,True,False,False,True,False,,,,,,[]
sgsc,sgsc_single,10245296,,,,,,,,SeparateHouse,,,,,,,,0,,False,daytime_days_unspecified,,,,,LOW,,LOW,,,True,,,,,,,,True,False,True,True,False,,,,,,[]
sgsc,sgsc_single,10257830,,,,,,,,SeparateHouse,,,,,,,,0,,False,daytime_days_unspecified,,,,,NONE,,HI,,,True,,,,,,,,True,False,True,True,False,,,,,,[]
sgsc,sgsc_single,10260020,,,,,,,,,,,,,,,,1,,True,daytime_days_unspecified,,,,,LOW,,HI,,,False,,,,,,,,,,,,,,,,,,[]
sgsc,sgsc_single,10267470,,,,,,,,,,,,,,,,0,,True,daytime_days_unspecified,,,,,MED,,HI,,,True,,,,,,,,,,,,,,,,,,[]
sgsc,sgsc_single,10267482,,,,,,,,SeparateHouse,,,,,,,,0,,False,daytime_days_unspecified,,,,,LOW,,LOW,,,True,,,,,,,,True,False,True,False,False,,,,,,[]
sgsc,sgsc_single,10275608,,,,,,,,SeparateHouse,,,,,,,,3,,False,daytime_days_unspecified,,,,,LOW,,HI,,,True,,,,,,,,True,True,True,True,False,,,,,,[]
sgsc,sgsc_single,10278798,,,,,,,,Unit,,,,,,,,0,,False,daytime_days_unspecified,,,,,LOW,,MED,,,False,,,,,,,,True,False,True,True,False,,,,,,[]
sgsc,sgsc_single,10278808,,,,,,,,Unit,,,,,,,,0,,False,daytime_days_unspecified,,,,,MED,,HI,,,False,,,,,,,,True,False,True,True,False,,,,,,[]
sgsc,sgsc_single,10278836,,,,,,,,Unit,,,,,,,,0,,False,daytime_days_unspecified,,,,,LOW,,HI,,,False,,,,,,,,True,False,True,True,False,,,,,,[]
sgsc,sgsc_single,10288594,,,,,,,,SeparateHouse,,,,,,,,1,,False,daytime_days_unspecified,,,,,NONE,,MED,,,True,,,,,,,,True,True,True,True,False,,,,,,[]
sgsc,sgsc_single,10288640,,,,,,,,SeparateHouse,,,,,,,,0,,False,daytime_days_unspecified,,,,,NONE,,HI,,,True,,,,,,,,True,False,False,True,False,,,,,,[]
sgsc,sgsc_single,10288654,,,,,,,,SeparateHouse,,,,,,,,1,,False,daytime_days_unspecified,,,,,LOW,,HI,,,True,,,,,,,,True,True,True,True,False,,,,,,[]
sgsc,sgsc_single,10292034,,,,,,,,SeparateHouse,,,,,,,,0,,False,daytime_days_unspecified,,,,,MED,,HI,,,True,,,,,,,,True,False,True,True,False,,,,,,[]
sgsc,sgsc_single,10299248,,,,,,,,,,,,,,,,0,,True,daytime_days_unspecified,,,,,NONE,,MED,,,True,,,,,,,,,,,,,,,,,,[]
sgsc,sgsc_single,10327896,,,,,,,,SeparateHouse,,,,,,,,1,,False,daytime_days_unspecified,,,,,NONE,,HI,,,True,,,,,,,,True,True,True,True,False,,,,,,[]
sgsc,sgsc_single,10328322,,,,,,,,,,,,,,,,0,,True,daytime_days_unspecified,,,,,LOW,,HI,,,True,,,,,,,,,,,,,,,,,,[]
sgsc,sgsc_single,10346506,,,,,,,,,,,,,,,,3,,True,daytime_days_unspecified,,,,,LOW,,HI,,,False,,,,,,,,,,,,,,,,,,[]
sgsc,sgsc_single,10390015,,,,,,,,Unit,,,,,,,,0,,False,daytime_days_unspecified,,,,,MED,,MED,,,True,,,,,,,,False,False,False,False,False,,,,,,[]
sgsc,sgsc_single,10390027,,,,,,,,Unit,,,,,,,,0,,False,daytime_days_unspecified,,,,,LOW,,HI,,,False,,,,,,,,False,False,False,False,False,,,,,,[]
sgsc,sgsc_single,10390037,,,,,,,,Unit,,,,,,,,0,,False,daytime_days_unspecified,,,,,LOW,,MED,,,False,,,,,,,,False,False,False,False,False,,,,,,[]
sgsc,sgsc_single,10390039,,,,,,,,Unit,,,,,,,,0,,False,daytime_days_unspecified,,,,,MED,,HI,,,False,,,,,,,,False,False,False,False,False,,,,,,[]
sgsc,sgsc_single,10390047,,,,,,,,Unit,,,,,,,,0,,False,daytime_days_unspecified,,,,,MED,,HI,,,False,,,,,,,,False,False,False,False,False,,,,,,[]
sgsc,sgsc_single,10390073,,,,,,,,Unit,,,,,,,,0,,False,daytime_days_unspecified,,,,,MED,,MED,,,False,,,,,,,,False,False,False,False,False,,,,,,[]
sgsc,sgsc_single,10390093,,,,,,,,Unit,,,,,,,,0,,False,daytime_days_unspecified,,,,,MED,,MED,,,False,,,,,,,,False,False,False,False,False,,,,,,[]
sgsc,sgsc_single,10390097,,,,,,,,Unit,,,,,,,,0,,False,daytime_days_unspecified,,,,,MED,,MED,,,False,,,,,,,,True,False,False,False,False,,,,,,[]
sgsc,sgsc_single,10390107,,,,,,,,Unit,,,,,,,,0,,False,daytime_days_unspecified,,,,,MED,,HI,,,False,,,,,,,,True,False,True,False,False,,,,,,[]
sgsc,sgsc_single,10390359,,,,,,,,Unit,,,,,,,,0,,False,daytime_days_unspecified,,,,,MED,,HI,,,True,,,,,,,,True,False,True,True,False,,,,,,[]
sgsc,sgsc_single,10390447,,,,,,,,Unit,,,,,,,,0,,False,daytime_days_unspecified,,,,,MED,,HI,,,False,,,,,,,,True,False,True,True,False,,,,,,[]
sgsc,sgsc_single,10390533,,,,,,,,Unit,,,,,,,,0,,False,daytime_days_unspecified,,,,,LOW,,HI,,,False,,,,,,,,False,False,False,False,False,,,,,,[]
sgsc,sgsc_single,10390755,,,,,,,,Unit,,,,,,,,0,,False,daytime_days_unspecified,,,,,LOW,,MED,,,True,,,,,,,,False,False,False,False,False,,,,,,[]
sgsc,sgsc_single,10390791,,,,,,,,Unit,,,,,,,,0,,False,daytime_days_unspecified,,,,,NONE,,HI,,,True,,,,,,,,False,False,False,False,False,,,,,,[]
sgsc,sgsc_single,10390851,,,,,,,,,,,,,,,,2,,True,daytime_days_unspecified,,,,,MED,,HI,,,True,,,,,,,,,,,,,,,,,,[]
sgsc,sgsc_single,10390883,,,,,,,,,,,,,,,,3,,True,daytime_days_unspecified,,,,,NONE,,HI,,,True,,,,,,,,,,,,,,,,,,[]
sgsc,sgsc_single,10391183,,,,,,,,,,,,,,,,0,,True,daytime_days_unspecified,,,,,HI,,HI,,,True,,,,,,,,,,,,,,,,,,[]
sgsc,sgsc_single,10402809,,,,,,,,,,,,,,,,3,,True,daytime_days_unspecified,,,,,LOW,,HI,,,True,,,,,,,,,,,,,,,,,,[]
sgsc,sgsc_single,10402849,,,,,,,,,,,,,,,,2,,True,daytime_days_unspecified,,,,,LOW,,NONE,,,False,,,,,,,,,,,,,,,,,,[]
sgsc,sgsc_single,10419569,,,,,,,,,,,,,,,,0,,True,daytime_days_unspecified,,,,,LOW,,HI,,,False,,,,,,,,,,,,,,,,,,[]
sgsc,sgsc_single,10419959,,,,,,,,,,,,,,,,0,,True,daytime_days_unspecified,,,,,MED,,HI,,,True,,,,,,,,,,,,,,,,,,[]
sgsc,sgsc_single,10419995,,,,,,,,SeparateHouse,,,,,,,,0,,False,daytime_days_unspecified,,,,,HI,,MED,,,True,,,,,,,,False,False,False,False,False,,,,,,[]
sgsc,sgsc_single,10420903,,,,,,,,SeparateHouse,,,,,,,,0,,False,daytime_days_unspecified,,,,,NONE,,HI,,,True,,,,,,,,False,False,False,False,False,,,,,,[]
sgsc,sgsc_single,10444623,,,,,,,,,,,,,,,,4,,True,daytime_days_unspecified,,,,,LOW,,MED,,,True,,,,,,,,,,,,,,,,,,[]
sgsc,sgsc_single,10444627,,,,,,,,SeparateHouse,,,,,,,,4,,False,daytime_days_unspecified,,,,,LOW,,HI,,,True,,,,,,,,True,True,True,False,True,,,,,,[]
sgsc,sgsc_single,10444649,,,,,,,,,,,,,,,,0,,True,daytime_days_unspecified,,,,,MED,,HI,,,True,,,,,,,,,,,,,,,,,,[]
sgsc,sgsc_single,10445465,,,,,,,,,,,,,,,,3,,True,daytime_days_unspecified,,,,,LOW,,HI,,,False,,,,,,,,,,,,,,,,,,[]
sgsc,sgsc_single,10445497,,,,,,,,,,,,,,,,0,,True,daytime_days_unspecified,,,,,LOW,,HI,,,False,,,,,,,,,,,,,,,,,,[]
sgsc,sgsc_single,10447801,,,,,,,,SeparateHouse,,,,,,,,0,,False,daytime_days_unspecified,,,,,NONE,,HI,,,False,,,,,,,,True,False,True,False,False,,,,,,[]
sgsc,sgsc_single,10453485,,,,,,,,,,,,,,,,0,,True,daytime_days_unspecified,,,,,LOW,,MED,,,True,,,,,,,,,,,,,,,,,,[]
sgsc,sgsc_single,10467693,,,,,,,,SeparateHouse,,,,,,,,0,,False,daytime_days_unspecified,,,,,MED,,MED,,,True,,,,,,,,True,False,False,True,False,,,,,,[]
sgsc,sgsc_single,10467697,,,,,,,,SeparateHouse,,,,,,,,0,,False,daytime_days_unspecified,,,,,LOW,,MED,,,True,,,,,,,,True,False,True,True,False,,,,,,[]
sgsc,sgsc_single,10467783,,,,,,,,,,,,,,,,1,,True,daytime_days_unspecified,,,,,LOW,,MED,,,True,,,,,,,,,,,,,,,,,,[]
sgsc,sgsc_single,10467803,,,,,,,,SeparateHouse,,,,,,,,1,,False,daytime_days_unspecified,,,,,NONE,,NONE,,,True,,,,,,,,True,True,False,True,False,,,,,,[]
sgsc,sgsc_single,10467835,,,,,,,,SeparateHouse,,,,,,,,1,,False,daytime_days_unspecified,,,,,NONE,,HI,,,True,,,,,,,,True,True,True,True,False,,,,,,[]
sgsc,sgsc_single,10467849,,,,,,,,SeparateHouse,,,,,,,,2,,False,daytime_days_unspecified,,,,,MED,,MED,,,True,,,,,,,,True,True,True,False,False,,,,,,[]
sgsc,sgsc_single,10467875,,,,,,,,,,,,,,,,0,,True,daytime_days_unspecified,,,,,MED,,HI,,,True,,,,,,,,,,,,,,,,,,[]
sgsc,sgsc_single,10469267,,,,,,,,,,,,,,,,0,,True,daytime_days_unspecified,,,,,LOW,,MED,,,True,,,,,,,,,,,,,,,,,,[]
sgsc,sgsc_single,10469473,,,,,,,,,,,,,,,,0,,True,daytime_days_unspecified,,,,,NONE,,HI,,,True,,,,,,,,,,,,,,,,,,[]
sgsc,sgsc_single,10469521,,,,,,,,SeparateHouse,,,,,,,,1,,False,daytime_days_unspecified,,,,,LOW,,HI,,,True,,,,,,,,True,True,True,True,False,,,,,,[]
sgsc,sgsc_single,10476093,,,,,,,,,,,,,,,,0,,True,daytime_days_unspecified,,,,,HI,,MED,,,True,,,,,,,,,,,,,,,,,,[]
sgsc,sgsc_single,10476383,,,,,,,,,,,,,,,,0,,True,daytime_days_unspecified,,,,,MED,,HI,,,True,,,,,,,,,,,,,,,,,,[]
sgsc,sgsc_single,10492185,,,,,,,,,,,,,,,,0,,True,daytime_days_unspecified,,,,,LOW,,MED,,,True,,,,,,,,,,,,,,,,,,[]
sgsc,sgsc_single,10492209,,,,,,,,,,,,,,,,1,,True,daytime_days_unspecified,,,,,HI,,MED,,,True,,,,,,,,,,,,,,,,,,[]
sgsc,sgsc_single,10492473,,,,,,,,,,,,,,,,1,,True,daytime_days_unspecified,,,,,LOW,,LOW,,,True,,,,,,,,,,,,,,,,,,[]
sgsc,sgsc_single,10493833,,,,,,,,Unit,,,,,,,,0,,False,daytime_days_unspecified,,,,,LOW,,LOW,,,True,,,,,,,,True,False,True,False,False,,,,,,[]
sgsc,sgsc_single,10503251,,,,,,,,,,,,,,,,1,,True,daytime_days_unspecified,,,,,MED,,LOW,,,True,,,,,,,,,,,,,,,,,,[]
sgsc,sgsc_single,10503261,,,,,,,,,,,,,,,,0,,True,daytime_days_unspecified,,,,,HI,,MED,,,True,,,,,,,,,,,,,,,,,,[]
sgsc,sgsc_single,10509031,,,,,,,,,,,,,,,,1,,True,daytime_days_unspecified,,,,,MED,,HI,,,True,,,,,,,,,,,,,,,,,,[]
sgsc,sgsc_single,10518591,,,,,,,,,,,,,,,,0,,True,daytime_days_unspecified,,,,,HI,,NONE,,,True,,,,,,,,,,,,,,,,,,[]
sgsc,sgsc_single,10527599,,,,,,,,,,,,,,,,3,,True,daytime_days_unspecified,,,,,LOW,,NONE,,,True,,,,,,,,,,,,,,,,,,[]
sgsc,sgsc_single,10527615,,,,,,,,,,,,,,,,3,,True,daytime_days_unspecified,,,,,LOW,,MED,,,True,,,,,,,,,,,,,,,,,,[]
sgsc,sgsc_single,10527741,,,,,,,,,,,,,,,,0,,True,daytime_days_unspecified,,,,,LOW,,HI,,,True,,,,,,,,,,,,,,,,,,[]
sgsc,sgsc_single,10527877,,,,,,,,,,,,,,,,8,,True,daytime_days_unspecified,,,,,LOW,,MED,,,True,,,,,,,,,,,,,,,,,,[]
sgsc,sgsc_single,10548891,,,,,,,,,,,,,,,,0,,True,daytime_days_unspecified,,,,,MED,,HI,,,True,,,,,,,,,,,,,,,,,,[]
sgsc,sgsc_single,10548913,,,,,,,,,,,,,,,,0,,True,daytime_days_unspecified,,,,,MED,,LOW,,,True,,,,,,,,,,,,,,,,,,[]
sgsc,sgsc_single,10548925,,,,,,,,,,,,,,,,8,,True,daytime_days_unspecified,,,,,MED,,MED,,,True,,,,,,,,,,,,,,,,,,[]
sgsc,sgsc_single,10551359,,,,,,,,SeparateHouse,,,,,,,,1,,False,daytime_days_unspecified,,,,,LOW,,MED,,,True,,,,,,,,True,True,True,True,False,,,,,,[]
sgsc,sgsc_single,10551375,,,,,,,,SeparateHouse,,,,,,,,7,,False,daytime_days_unspecified,,,,,MED,,LOW,,,True,,,,,,,,True,True,True,True,False,,,,,,[]
sgsc,sgsc_single,10551383,,,,,,,,,,,,,,,,0,,True,daytime_days_unspecified,,,,,LOW,,HI,,,True,,,,,,,,,,,,,,,,,,[]
sgsc,sgsc_single,10552009,,,,,,,,SeparateHouse,,,,,,,,4,,False,daytime_days_unspecified,,,,,LOW,,LOW,,,True,,,,,,,,True,True,True,False,False,,,,,,[]
sgsc,sgsc_single,10553661,,,,,,,,SeparateHouse,,,,,,,,0,,False,daytime_days_unspecified,,,,,LOW,,HI,,,True,,,,,,,,True,False,True,True,False,,,,,,[]
sgsc,sgsc_single,10556853,,,,,,,,Unit,,,,,,,,0,,False,daytime_days_unspecified,,,,,MED,,MED,,,True,,,,,,,,True,False,False,False,False,,,,,,[]
sgsc,sgsc_single,10556879,,,,,,,,Unit,,,,,,,,0,,False,daytime_days_unspecified,,,,,MED,,MED,,,True,,,,,,,,False,False,False,False,False,,,,,,[]
sgsc,sgsc_single,10556911,,,,,,,,Unit,,,,,,,,1,,False,daytime_days_unspecified,,,,,LOW,,LOW,,,True,,,,,,,,True,True,False,True,False,,,,,,[]
sgsc,sgsc_single,10556973,,,,,,,,Unit,,,,,,,,0,,False,daytime_days_unspecified,,,,,LOW,,HI,,,True,,,,,,,,False,False,False,False,False,,,,,,[]
sgsc,sgsc_single,10556975,,,,,,,,Unit,,,,,,,,1,,False,daytime_days_unspecified,,,,,MED,,MED,,,True,,,,,,,,True,True,False,True,False,,,,,,[]
sgsc,sgsc_single,10557023,,,,,,,,Unit,,,,,,,,0,,False,daytime_days_unspecified,,,,,MED,,HI,,,True,,,,,,,,True,False,False,True,False,,,,,,[]
sgsc,sgsc_single,10560529,,,,,,,,SeparateHouse,,,,,,,,1,,False,daytime_days_unspecified,,,,,LOW,,HI,,,True,,,,,,,,True,True,True,False,False,,,,,,[]
sgsc,sgsc_single,10582477,,,,,,,,,,,,,,,,2,,True,daytime_days_unspecified,,,,,NONE,,LOW,,,True,,,,,,,,,,,,,,,,,,[]
sgsc,sgsc_single,10589958,,,,,,,,,,,,,,,,0,,True,daytime_days_unspecified,,,,,MED,,LOW,,,True,,,,,,,,,,,,,,,,,,[]
sgsc,sgsc_single,10590200,,,,,,,,SeparateHouse,,,,,,,,3,,False,daytime_days_unspecified,,,,,HI,,HI,,,True,,,,,,,,True,True,True,False,True,,,,,,[]
sgsc,sgsc_single,10590248,,,,,,,,SeparateHouse,,,,,,,,0,,False,daytime_days_unspecified,,,,,MED,,MED,,,True,,,,,,,,True,False,True,True,False,,,,,,[]
sgsc,sgsc_single,10590254,,,,,,,,,,,,,,,,0,,True,daytime_days_unspecified,,,,,NONE,,HI,,,True,,,,,,,,,,,,,,,,,,[]
sgsc,sgsc_single,10590282,,,,,,,,,,,,,,,,1,,True,daytime_days_unspecified,,,,,NONE,,MED,,,True,,,,,,,,,,,,,,,,,,[]
sgsc,sgsc_single,10590306,,,,,,,,SeparateHouse,,,,,,,,1,,False,daytime_days_unspecified,,,,,LOW,,HI,,,True,,,,,,,,True,True,True,True,False,,,,,,[]
sgsc,sgsc_single,10590782,,,,,,,,SeparateHouse,,,,,,,,1,,False,daytime_days_unspecified,,,,,HI,,MED,,,True,,,,,,,,True,True,True,True,False,,,,,,[]
sgsc,sgsc_single,10590798,,,,,,,,SeparateHouse,,,,,,,,1,,False,daytime_days_unspecified,,,,,MED,,MED,,,True,,,,,,,,True,True,True,False,True,,,,,,[]
sgsc,sgsc_single,10592586,,,,,,,,SeparateHouse,,,,,,,,0,,False,daytime_days_unspecified,,,,,MED,,HI,,,True,,,,,,,,True,False,True,True,False,,,,,,[]
sgsc,sgsc_single,10592654,,,,,,,,,,,,,,,,1,,True,daytime_days_unspecified,,,,,LOW,,MED,,,True,,,,,,,,,,,,,,,,,,[]
sgsc,sgsc_single,10593338,,,,,,,,,,,,,,,,5,,True,daytime_days_unspecified,,,,,MED,,HI,,,True,,,,,,,,,,,,,,,,,,[]
sgsc,sgsc_single,10593518,,,,,,,,,,,,,,,,0,,True,daytime_days_unspecified,,,,,MED,,HI,,,True,,,,,,,,,,,,,,,,,,[]
sgsc,sgsc_single,10595596,,,,,,,,,,,,,,,,0,,True,daytime_days_unspecified,,,,,MED,,MED,,,True,,,,,,,,,,,,,,,,,,[]
sgsc,sgsc_single,10595772,,,,,,,,,,,,,,,,0,,True,daytime_days_unspecified,,,,,NONE,,MED,,,True,,,,,,,,,,,,,,,,,,[]
sgsc,sgsc_single,10595804,,,,,,,,,,,,,,,,0,,True,daytime_days_unspecified,,,,,NONE,,HI,,,True,,,,,,,,,,,,,,,,,,[]
sgsc,sgsc_single,10595830,,,,,,,,,,,,,,,,1,,True,daytime_days_unspecified,,,,,LOW,,HI,,,True,,,,,,,,,,,,,,,,,,[]
sgsc,sgsc_single,10595846,,,,,,,,SeparateHouse,,,,,,,,0,,False,daytime_days_unspecified,,,,,LOW,,HI,,,True,,,,,,,,True,False,True,True,False,,,,,,[]
sgsc,sgsc_single,10599030,,,,,,,,,,,,,,,,2,,True,daytime_days_unspecified,,,,,LOW,,MED,,,True,,,,,,,,,,,,,,,,,,[]
sgsc,sgsc_single,10601796,,,,,,,,,,,,,,,,2,,True,daytime_days_unspecified,,,,,LOW,,HI,,,True,,,,,,,,,,,,,,,,,,[]
sgsc,sgsc_single,10631999,,,,,,,,,,,,,,,,5,,True,daytime_days_unspecified,,,,,LOW,,HI,,,True,,,,,,,,,,,,,,,,,,[]
sgsc,sgsc_single,10632009,,,,,,,,,,,,,,,,2,,True,daytime_days_unspecified,,,,,HI,,MED,,,True,,,,,,,,,,,,,,,,,,[]
sgsc,sgsc_single,10632043,,,,,,,,SeparateHouse,,,,,,,,0,,False,daytime_days_unspecified,,,,,LOW,,HI,,,True,,,,,,,,True,False,True,True,False,,,,,,[]
sgsc,sgsc_single,10632349,,,,,,,,,,,,,,,,0,,True,daytime_days_unspecified,,,,,NONE,,HI,,,True,,,,,,,,,,,,,,,,,,[]
sgsc,sgsc_single,10640425,,,,,,,,SeparateHouse,,,,,,,,1,,False,daytime_days_unspecified,,,,,LOW,,HI,,,True,,,,,,,,True,True,True,True,False,,,,,,[]
sgsc,sgsc_single,10640471,,,,,,,,SeparateHouse,,,,,,,,1,,False,daytime_days_unspecified,,,,,LOW,,HI,,,True,,,,,,,,True,True,True,True,False,,,,,,[]
sgsc,sgsc_single,10640505,,,,,,,,SeparateHouse,,,,,,,,8,,False,daytime_days_unspecified,,,,,MED,,HI,,,True,,,,,,,,True,True,True,True,True,,,,,,[]
sgsc,sgsc_single,10642557,,,,,,,,SeparateHouse,,,,,,,,1,,False,daytime_days_unspecified,,,,,HI,,HI,,,True,,,,,,,,True,True,True,True,True,,,,,,[]
sgsc,sgsc_single,10644047,,,,,,,,,,,,,,,,0,,True,daytime_days_unspecified,,,,,MED,,HI,,,False,,,,,,,,,,,,,,,,,,[]
sgsc,sgsc_single,10645447,,,,,,,,,,,,,,,,0,,True,daytime_days_unspecified,,,,,LOW,,HI,,,False,,,,,,,,,,,,,,,,,,[]
sgsc,sgsc_single,10645697,,,,,,,,,,,,,,,,2,,True,daytime_days_unspecified,,,,,LOW,,HI,,,False,,,,,,,,,,,,,,,,,,[]
sgsc,sgsc_single,10662613,,,,,,,,SeparateHouse,,,,,,,,1,,False,daytime_days_unspecified,,,,,MED,,MED,,,True,,,,,,,,True,True,False,True,False,,,,,,[]
sgsc,sgsc_single,10662619,,,,,,,,,,,,,,,,3,,True,daytime_days_unspecified,,,,,MED,,MED,,,True,,,,,,,,,,,,,,,,,,[]
sgsc,sgsc_single,10665313,,,,,,,,,,,,,,,,0,,True,daytime_days_unspecified,,,,,LOW,,LOW,,,True,,,,,,,,,,,,,,,,,,[]
sgsc,sgsc_single,10670543,,,,,,,,,,,,,,,,0,,True,daytime_days_unspecified,,,,,LOW,,HI,,,False,,,,,,,,,,,,,,,,,,[]
sgsc,sgsc_single,10673789,,,,,,,,SeparateHouse,,,,,,,,1,,False,daytime_days_unspecified,,,,,NONE,,HI,,,False,,,,,,,,True,True,True,True,False,,,,,,[]
sgsc,sgsc_single,10677697,,,,,,,,SeparateHouse,,,,,,,,2,,False,daytime_days_unspecified,,,,,LOW,,HI,,,True,,,,,,,,True,True,True,True,True,,,,,,[]
sgsc,sgsc_single,10677801,,,,,,,,,,,,,,,,0,,True,daytime_days_unspecified,,,,,HI,,MED,,,True,,,,,,,,,,,,,,,,,,[]
sgsc,sgsc_single,10690682,,,,,,,,SeparateHouse,,,,,,,,0,,False,daytime_days_unspecified,,,,,MED,,HI,,,False,,,,,,,,False,False,False,False,False,,,,,,[]
sgsc,sgsc_single,10690690,,,,,,,,SeparateHouse,,,,,,,,1,,False,daytime_days_unspecified,,,,,NONE,,HI,,,True,,,,,,,,True,True,True,True,False,,,,,,[]
sgsc,sgsc_single,10690696,,,,,,,,SeparateHouse,,,,,,,,0,,False,daytime_days_unspecified,,,,,NONE,,HI,,,True,,,,,,,,True,False,True,True,False,,,,,,[]
sgsc,sgsc_single,10690720,,,,,,,,SeparateHouse,,,,,,,,0,,False,daytime_days_unspecified,,,,,NONE,,MED,,,True,,,,,,,,True,False,True,True,False,,,,,,[]
sgsc,sgsc_single,10690828,,,,,,,,SeparateHouse,,,,,,,,0,,False,daytime_days_unspecified,,,,,LOW,,HI,,,True,,,,,,,,True,False,True,True,False,,,,,,[]
sgsc,sgsc_single,10690834,,,,,,,,SeparateHouse,,,,,,,,0,,False,daytime_days_unspecified,,,,,NONE,,MED,,,False,,,,,,,,True,False,True,True,False,,,,,,[]
sgsc,sgsc_single,10690896,,,,,,,,SeparateHouse,,,,,,,,0,,False,daytime_days_unspecified,,,,,NONE,,MED,,,True,,,,,,,,True,False,True,True,False,,,,,,[]
sgsc,sgsc_single,10690978,,,,,,,,,,,,,,,,0,,True,daytime_days_unspecified,,,,,HI,,NONE,,,True,,,,,,,,,,,,,,,,,,[]
sgsc,sgsc_single,10691034,,,,,,,,SeparateHouse,,,,,,,,1,,False,daytime_days_unspecified,,,,,HI,,HI,,,True,,,,,,,,True,True,True,False,False,,,,,,[]
sgsc,sgsc_single,10691074,,,,,,,,SeparateHouse,,,,,,,,1,,False,daytime_days_unspecified,,,,,MED,,MED,,,True,,,,,,,,True,True,True,True,True,,,,,,[]
sgsc,sgsc_single,10691616,,,,,,,,,,,,,,,,1,,True,daytime_days_unspecified,,,,,NONE,,MED,,,True,,,,,,,,,,,,,,,,,,[]
sgsc,sgsc_single,10692280,,,,,,,,SeparateHouse,,,,,,,,0,,False,daytime_days_unspecified,,,,,LOW,,HI,,,True,,,,,,,,True,False,True,True,False,,,,,,[]
sgsc,sgsc_single,10692314,,,,,,,,,,,,,,,,0,,True,daytime_days_unspecified,,,,,LOW,,MED,,,True,,,,,,,,,,,,,,,,,,[]
sgsc,sgsc_single,10692418,,,,,,,,SeparateHouse,,,,,,,,1,,False,daytime_days_unspecified,,,,,MED,,MED,,,True,,,,,,,,True,True,True,True,False,,,,,,[]
sgsc,sgsc_single,10692492,,,,,,,,Unit,,,,,,,,0,,False,daytime_days_unspecified,,,,,LOW,,MED,,,True,,,,,,,,True,False,False,True,True,,,,,,[]
sgsc,sgsc_single,10692512,,,,,,,,Unit,,,,,,,,0,,False,daytime_days_unspecified,,,,,MED,,MED,,,True,,,,,,,,True,False,False,True,True,,,,,,[]
sgsc,sgsc_single,10692524,,,,,,,,Unit,,,,,,,,0,,False,daytime_days_unspecified,,,,,LOW,,MED,,,True,,,,,,,,True,False,True,True,False,,,,,,[]
sgsc,sgsc_single,10693968,,,,,,,,,,,,,,,,0,,True,daytime_days_unspecified,,,,,NONE,,HI,,,False,,,,,,,,,,,,,,,,,,[]
sgsc,sgsc_single,10702026,,,,,,,,,,,,,,,,1,,True,daytime_days_unspecified,,,,,LOW,,HI,,,True,,,,,,,,,,,,,,,,,,[]
sgsc,sgsc_single,10702038,,,,,,,,,,,,,,,,1,,True,daytime_days_unspecified,,,,,HI,,MED,,,True,,,,,,,,,,,,,,,,,,[]
sgsc,sgsc_single,10702420,,,,,,,,SeparateHouse,,,,,,,,1,,False,daytime_days_unspecified,,,,,LOW,,MED,,,True,,,,,,,,True,True,True,True,False,,,,,,[]
sgsc,sgsc_single,10702432,,,,,,,,,,,,,,,,1,,True,daytime_days_unspecified,,,,,LOW,,HI,,,True,,,,,,,,,,,,,,,,,,[]
sgsc,sgsc_single,10703152,,,,,,,,SeparateHouse,,,,,,,,2,,False,daytime_days_unspecified,,,,,LOW,,MED,,,True,,,,,,,,True,True,False,True,False,,,,,,[]
sgsc,sgsc_single,10704368,,,,,,,,,,,,,,,,0,,True,daytime_days_unspecified,,,,,LOW,,MED,,,True,,,,,,,,,,,,,,,,,,[]
sgsc,sgsc_single,10705680,,,,,,,,,,,,,,,,5,,True,daytime_days_unspecified,,,,,NONE,,HI,,,True,,,,,,,,,,,,,,,,,,[]
sgsc,sgsc_single,10705690,,,,,,,,,,,,,,,,9,,True,daytime_days_unspecified,,,,,LOW,,MED,,,True,,,,,,,,,,,,,,,,,,[]
sgsc,sgsc_single,10706586,,,,,,,,,,,,,,,,1,,True,daytime_days_unspecified,,,,,LOW,,MED,,,True,,,,,,,,,,,,,,,,,,[]
sgsc,sgsc_single,10732408,,,,,,,,Unit,,,,,,,,0,,False,daytime_days_unspecified,,,,,MED,,HI,,,True,,,,,,,,True,False,True,True,True,,,,,,[]
sgsc,sgsc_single,10733884,,,,,,,,SeparateHouse,,,,,,,,2,,False,daytime_days_unspecified,,,,,NONE,,HI,,,True,,,,,,,,True,True,True,True,False,,,,,,[]
sgsc,sgsc_single,10740370,,,,,,,,,,,,,,,,0,,True,daytime_days_unspecified,,,,,HI,,MED,,,True,,,,,,,,,,,,,,,,,,[]
sgsc,sgsc_single,10768134,,,,,,,,SeparateHouse,,,,,,,,0,,False,daytime_days_unspecified,,,,,HI,,MED,,,True,,,,,,,,True,False,False,True,True,,,,,,[]
sgsc,sgsc_single,10768374,,,,,,,,SeparateHouse,,,,,,,,1,,False,daytime_days_unspecified,,,,,MED,,MED,,,True,,,,,,,,True,True,True,True,False,,,,,,[]
sgsc,sgsc_single,10801570,,,,,,,,,,,,,,,,1,,True,daytime_days_unspecified,,,,,LOW,,MED,,,True,,,,,,,,,,,,,,,,,,[]
sgsc,sgsc_single,10805806,,,,,,,,,,,,,,,,0,,True,daytime_days_unspecified,,,,,LOW,,LOW,,,True,,,,,,,,,,,,,,,,,,[]
sgsc,sgsc_single,10849952,,,,,,,,,,,,,,,,2,,True,daytime_days_unspecified,,,,,LOW,,MED,,,False,,,,,,,,,,,,,,,,,,[]
sgsc,sgsc_single,10850048,,,,,,,,SeparateHouse,,,,,,,,0,,False,daytime_days_unspecified,,,,,LOW,,HI,,,False,,,,,,,,True,False,True,True,False,,,,,,[]
sgsc,sgsc_single,10850192,,,,,,,,SeparateHouse,,,,,,,,0,,False,daytime_days_unspecified,,,,,NONE,,HI,,,False,,,,,,,,False,False,False,False,False,,,,,,[]
sgsc,sgsc_single,10850470,,,,,,,,SeparateHouse,,,,,,,,0,,False,daytime_days_unspecified,,,,,NONE,,HI,,,True,,,,,,,,True,False,True,True,False,,,,,,[]
sgsc,sgsc_single,10850524,,,,,,,,,,,,,,,,1,,True,daytime_days_unspecified,,,,,LOW,,HI,,,True,,,,,,,,,,,,,,,,,,[]
sgsc,sgsc_single,10866508,,,,,,,,,,,,,,,,0,,True,daytime_days_unspecified,,,,,MED,,NONE,,,False,,,,,,,,,,,,,,,,,,[]
sgsc,sgsc_single,10880514,,,,,,,,,,,,,,,,0,,True,daytime_days_unspecified,,,,,NONE,,MED,,,True,,,,,,,,,,,,,,,,,,[]
sgsc,sgsc_single,10880976,,,,,,,,,,,,,,,,2,,True,daytime_days_unspecified,,,,,LOW,,MED,,,True,,,,,,,,,,,,,,,,,,[]
sgsc,sgsc_single,10895371,,,,,,,,SeparateHouse,,,,,,,,0,,False,daytime_days_unspecified,,,,,LOW,,MED,,,True,,,,,,,,True,False,True,True,False,,,,,,[]
sgsc,sgsc_single,10895389,,,,,,,,SeparateHouse,,,,,,,,1,,False,daytime_days_unspecified,,,,,LOW,,MED,,,True,,,,,,,,True,True,True,True,False,,,,,,[]
sgsc,sgsc_single,10911244,,,,,,,,,,,,,,,,0,,True,daytime_days_unspecified,,,,,NONE,,MED,,,True,,,,,,,,,,,,,,,,,,[]
sgsc,sgsc_single,10913714,,,,,,,,Unit,,,,,,,,0,,False,daytime_days_unspecified,,,,,LOW,,LOW,,,True,,,,,,,,True,False,True,False,False,,,,,,[]
sgsc,sgsc_single,10916260,,,,,,,,,,,,,,,,0,,True,daytime_days_unspecified,,,,,NONE,,MED,,,True,,,,,,,,,,,,,,,,,,[]
sgsc,sgsc_single,10934022,,,,,,,,SeparateHouse,,,,,,,,0,,False,daytime_days_unspecified,,,,,LOW,,MED,,,True,,,,,,,,True,False,True,True,False,,,,,,[]
sgsc,sgsc_single,10934032,,,,,,,,,,,,,,,,1,,True,daytime_days_unspecified,,,,,HI,,MED,,,True,,,,,,,,,,,,,,,,,,[]
sgsc,sgsc_single,10935398,,,,,,,,,,,,,,,,1,,True,daytime_days_unspecified,,,,,LOW,,HI,,,True,,,,,,,,,,,,,,,,,,[]
sgsc,sgsc_single,10940446,,,,,,,,SeparateHouse,,,,,,,,0,,False,daytime_days_unspecified,,,,,LOW,,HI,,,True,,,,,,,,True,False,True,True,False,,,,,,[]
sgsc,sgsc_single,10955940,,,,,,,,,,,,,,,,2,,True,daytime_days_unspecified,,,,,MED,,HI,,,True,,,,,,,,,,,,,,,,,,[]
sgsc,sgsc_single,10964322,,,,,,,,,,,,,,,,0,,True,daytime_days_unspecified,,,,,HI,,HI,,,True,,,,,,,,,,,,,,,,,,[]
sgsc,sgsc_single,10964458,,,,,,,,,,,,,,,,0,,True,daytime_days_unspecified,,,,,LOW,,HI,,,True,,,,,,,,,,,,,,,,,,[]
sgsc,sgsc_single,10969592,,,,,,,,,,,,,,,,0,,True,daytime_days_unspecified,,,,,LOW,,MED,,,False,,,,,,,,,,,,,,,,,,[]
sgsc,sgsc_single,11006734,,,,,,,,,,,,,,,,0,,True,daytime_days_unspecified,,,,,HI,,MED,,,True,,,,,,,,,,,,,,,,,,[]
sgsc,sgsc_single,11006866,,,,,,,,,,,,,,,,1,,True,daytime_days_unspecified,,,,,LOW,,LOW,,,True,,,,,,,,,,,,,,,,,,[]
sgsc,sgsc_single,11008074,,,,,,,,,,,,,,,,0,,True,daytime_days_unspecified,,,,,HI,,HI,,,True,,,,,,,,,,,,,,,,,,[]
sgsc,sgsc_single,11013144,,,,,,,,SeparateHouse,,,,,,,,0,,False,daytime_days_unspecified,,,,,LOW,,HI,,,True,,,,,,,,True,False,False,False,True,,,,,,[]
sgsc,sgsc_single,11013164,,,,,,,,SeparateHouse,,,,,,,,4,,False,daytime_days_unspecified,,,,,LOW,,MED,,,True,,,,,,,,True,True,True,True,False,,,,,,[]
sgsc,sgsc_single,11021772,,,,,,,,SeparateHouse,,,,,,,,0,,False,daytime_days_unspecified,,,,,MED,,HI,,,True,,,,,,,,True,False,True,False,False,,,,,,[]
sgsc,sgsc_single,11021850,,,,,,,,SeparateHouse,,,,,,,,1,,False,daytime_days_unspecified,,,,,MED,,HI,,,True,,,,,,,,True,True,True,False,False,,,,,,[]
sgsc,sgsc_single,11021888,,,,,,,,SeparateHouse,,,,,,,,0,,False,daytime_days_unspecified,,,,,LOW,,HI,,,False,,,,,,,,True,False,True,True,False,,,,,,[]
sgsc,sgsc_single,11021916,,,,,,,,SeparateHouse,,,,,,,,0,,False,daytime_days_unspecified,,,,,LOW,,HI,,,True,,,,,,,,True,False,True,True,False,,,,,,[]
sgsc,sgsc_single,11021930,,,,,,,,SeparateHouse,,,,,,,,1,,False,daytime_days_unspecified,,,,,LOW,,MED,,,True,,,,,,,,True,True,True,True,False,,,,,,[]
sgsc,sgsc_single,11021968,,,,,,,,SeparateHouse,,,,,,,,2,,False,daytime_days_unspecified,,,,,LOW,,HI,,,True,,,,,,,,True,True,True,True,False,,,,,,[]
sgsc,sgsc_single,11022016,,,,,,,,SeparateHouse,,,,,,,,2,,False,daytime_days_unspecified,,,,,HI,,MED,,,True,,,,,,,,True,True,True,True,True,,,,,,[]
sgsc,sgsc_single,11022530,,,,,,,,SeparateHouse,,,,,,,,1,,False,daytime_days_unspecified,,,,,HI,,MED,,,True,,,,,,,,True,True,True,False,False,,,,,,[]
sgsc,sgsc_single,11045350,,,,,,,,SeparateHouse,,,,,,,,0,,False,daytime_days_unspecified,,,,,LOW,,MED,,,True,,,,,,,,True,False,True,True,False,,,,,,[]
sgsc,sgsc_single,11045380,,,,,,,,,,,,,,,,0,,True,daytime_days_unspecified,,,,,MED,,MED,,,True,,,,,,,,,,,,,,,,,,[]
sgsc,sgsc_single,11045388,,,,,,,,SeparateHouse,,,,,,,,0,,False,daytime_days_unspecified,,,,,MED,,NONE,,,True,,,,,,,,True,False,True,True,False,,,,,,[]
sgsc,sgsc_single,11045394,,,,,,,,,,,,,,,,0,,True,daytime_days_unspecified,,,,,MED,,MED,,,True,,,,,,,,,,,,,,,,,,[]
sgsc,sgsc_single,11047950,,,,,,,,Unit,,,,,,,,0,,False,daytime_days_unspecified,,,,,NONE,,HI,,,True,,,,,,,,True,False,True,True,False,,,,,,[]
sgsc,sgsc_single,11048004,,,,,,,,Unit,,,,,,,,0,,False,daytime_days_unspecified,,,,,MED,,MED,,,True,,,,,,,,True,False,True,True,False,,,,,,[]
sgsc,sgsc_single,11048036,,,,,,,,Unit,,,,,,,,0,,False,daytime_days_unspecified,,,,,MED,,HI,,,True,,,,,,,,True,False,True,True,False,,,,,,[]
sgsc,sgsc_single,11048064,,,,,,,,Unit,,,,,,,,0,,False,daytime_days_unspecified,,,,,MED,,LOW,,,True,,,,,,,,True,False,False,True,False,,,,,,[]
sgsc,sgsc_single,11048068,,,,,,,,Unit,,,,,,,,0,,False,daytime_days_unspecified,,,,,MED,,HI,,,True,,,,,,,,True,False,False,True,False,,,,,,[]
sgsc,sgsc_single,11048186,,,,,,,,Unit,,,,,,,,0,,False,daytime_days_unspecified,,,,,LOW,,MED,,,True,,,,,,,,True,False,False,True,False,,,,,,[]
sgsc,sgsc_single,11074578,,,,,,,,,,,,,,,,0,,True,daytime_days_unspecified,,,,,NONE,,HI,,,True,,,,,,,,,,,,,,,,,,[]
sgsc,sgsc_single,11081780,,,,,,,,SeparateHouse,,,,,,,,1,,False,daytime_days_unspecified,,,,,LOW,,MED,,,True,,,,,,,,True,True,False,False,False,,,,,,[]
sgsc,sgsc_single,11081884,,,,,,,,Unit,,,,,,,,0,,False,daytime_days_unspecified,,,,,HI,,HI,,,True,,,,,,,,True,False,True,True,False,,,,,,[]
sgsc,sgsc_single,11081892,,,,,,,,Unit,,,,,,,,1,,False,daytime_days_unspecified,,,,,MED,,MED,,,True,,,,,,,,True,True,True,True,False,,,,,,[]
sgsc,sgsc_single,11094660,,,,,,,,Unit,,,,,,,,0,,False,daytime_days_unspecified,,,,,LOW,,HI,,,True,,,,,,,,True,False,True,True,False,,,,,,[]
sgsc,sgsc_single,11094830,,,,,,,,Unit,,,,,,,,0,,False,daytime_days_unspecified,,,,,MED,,MED,,,True,,,,,,,,True,False,True,True,False,,,,,,[]
sgsc,sgsc_single,11094866,,,,,,,,Unit,,,,,,,,0,,False,daytime_days_unspecified,,,,,MED,,HI,,,True,,,,,,,,True,False,True,True,False,,,,,,[]
sgsc,sgsc_single,11094878,,,,,,,,Unit,,,,,,,,0,,False,daytime_days_unspecified,,,,,MED,,MED,,,True,,,,,,,,True,False,True,True,False,,,,,,[]
sgsc,sgsc_single,11094892,,,,,,,,Unit,,,,,,,,0,,False,daytime_days_unspecified,,,,,LOW,,HI,,,False,,,,,,,,True,False,True,True,False,,,,,,[]
sgsc,sgsc_single,11099712,,,,,,,,,,,,,,,,0,,True,daytime_days_unspecified,,,,,NONE,,NONE,,,False,,,,,,,,,,,,,,,,,,[]
sgsc,sgsc_single,11111869,,,,,,,,,,,,,,,,1,,True,daytime_days_unspecified,,,,,NONE,,HI,,,True,,,,,,,,,,,,,,,,,,[]
sgsc,sgsc_single,11126903,,,,,,,,Unit,,,,,,,,0,,False,daytime_days_unspecified,,,,,NONE,,HI,,,True,,,,,,,,True,True,True,True,False,,,,,,[]
sgsc,sgsc_single,11127671,,,,,,,,SeparateHouse,,,,,,,,1,,False,daytime_days_unspecified,,,,,NONE,,MED,,,True,,,,,,,,True,True,True,True,False,,,,,,[]
sgsc,sgsc_single,11127721,,,,,,,,,,,,,,,,0,,True,daytime_days_unspecified,,,,,HI,,LOW,,,True,,,,,,,,,,,,,,,,,,[]
sgsc,sgsc_single,11127731,,,,,,,,SeparateHouse,,,,,,,,1,,False,daytime_days_unspecified,,,,,LOW,,MED,,,True,,,,,,,,True,True,True,True,False,,,,,,[]
sgsc,sgsc_single,11127843,,,,,,,,SeparateHouse,,,,,,,,5,,False,daytime_days_unspecified,,,,,LOW,,HI,,,True,,,,,,,,True,True,True,True,False,,,,,,[]
sgsc,sgsc_single,11132035,,,,,,,,,,,,,,,,0,,True,daytime_days_unspecified,,,,,MED,,LOW,,,False,,,,,,,,,,,,,,,,,,[]
sgsc,sgsc_single,11139813,,,,,,,,Unit,,,,,,,,0,,False,daytime_days_unspecified,,,,,LOW,,NONE,,,True,,,,,,,,True,False,False,True,False,,,,,,[]
sgsc,sgsc_single,11139841,,,,,,,,Unit,,,,,,,,0,,False,daytime_days_unspecified,,,,,LOW,,MED,,,True,,,,,,,,True,False,False,True,False,,,,,,[]
sgsc,sgsc_single,11139875,,,,,,,,Unit,,,,,,,,0,,False,daytime_days_unspecified,,,,,LOW,,MED,,,True,,,,,,,,True,False,False,True,False,,,,,,[]
sgsc,sgsc_single,11139917,,,,,,,,Unit,,,,,,,,0,,False,daytime_days_unspecified,,,,,HI,,HI,,,True,,,,,,,,True,False,True,True,False,,,,,,[]
sgsc,sgsc_single,11139945,,,,,,,,Unit,,,,,,,,0,,False,daytime_days_unspecified,,,,,LOW,,HI,,,True,,,,,,,,True,False,False,True,False,,,,,,[]
sgsc,sgsc_single,11139961,,,,,,,,Unit,,,,,,,,0,,False,daytime_days_unspecified,,,,,MED,,HI,,,True,,,,,,,,True,False,True,True,False,,,,,,[]
sgsc,sgsc_single,11140007,,,,,,,,Unit,,,,,,,,0,,False,daytime_days_unspecified,,,,,MED,,HI,,,True,,,,,,,,True,False,False,True,False,,,,,,[]
sgsc,sgsc_single,11144331,,,,,,,,Unit,,,,,,,,0,,False,daytime_days_unspecified,,,,,MED,,MED,,,True,,,,,,,,True,False,True,True,False,,,,,,[]
sgsc,sgsc_single,11154961,,,,,,,,SeparateHouse,,,,,,,,1,,False,daytime_days_unspecified,,,,,NONE,,HI,,,False,,,,,,,,True,True,True,True,False,,,,,,[]
sgsc,sgsc_single,11154991,,,,,,,,,,,,,,,,0,,True,daytime_days_unspecified,,,,,NONE,,MED,,,True,,,,,,,,,,,,,,,,,,[]
sgsc,sgsc_single,11155007,,,,,,,,,,,,,,,,0,,True,daytime_days_unspecified,,,,,LOW,,HI,,,True,,,,,,,,,,,,,,,,,,[]
sgsc,sgsc_single,11162227,,,,,,,,Unit,,,,,,,,0,,False,daytime_days_unspecified,,,,,MED,,HI,,,True,,,,,,,,True,False,True,True,False,,,,,,[]
sgsc,sgsc_single,11162229,,,,,,,,Unit,,,,,,,,0,,False,daytime_days_unspecified,,,,,MED,,HI,,,True,,,,,,,,True,False,True,True,False,,,,,,[]
sgsc,sgsc_single,11162231,,,,,,,,Unit,,,,,,,,0,,False,daytime_days_unspecified,,,,,HI,,MED,,,True,,,,,,,,True,False,True,True,False,,,,,,[]
sgsc,sgsc_single,11162265,,,,,,,,Unit,,,,,,,,1,,False,daytime_days_unspecified,,,,,LOW,,HI,,,True,,,,,,,,True,True,False,True,False,,,,,,[]
sgsc,sgsc_single,11162277,,,,,,,,SeparateHouse,,,,,,,,0,,False,daytime_days_unspecified,,,,,MED,,MED,,,True,,,,,,,,True,False,False,True,False,,,,,,[]
sgsc,sgsc_single,11162281,,,,,,,,Unit,,,,,,,,0,,False,daytime_days_unspecified,,,,,LOW,,HI,,,True,,,,,,,,True,False,True,True,False,,,,,,[]
sgsc,sgsc_single,11162329,,,,,,,,Unit,,,,,,,,0,,False,daytime_days_unspecified,,,,,MED,,MED,,,True,,,,,,,,True,False,False,True,False,,,,,,[]
sgsc,sgsc_single,11162333,,,,,,,,Unit,,,,,,,,0,,False,daytime_days_unspecified,,,,,LOW,,HI,,,True,,,,,,,,True,False,True,True,False,,,,,,[]
sgsc,sgsc_single,11162335,,,,,,,,Unit,,,,,,,,0,,False,daytime_days_unspecified,,,,,MED,,LOW,,,True,,,,,,,,True,False,True,True,False,,,,,,[]
sgsc,sgsc_single,11162403,,,,,,,,Unit,,,,,,,,0,,False,daytime_days_unspecified,,,,,LOW,,HI,,,True,,,,,,,,True,False,True,True,False,,,,,,[]
sgsc,sgsc_single,11162435,,,,,,,,Unit,,,,,,,,0,,False,daytime_days_unspecified,,,,,MED,,MED,,,True,,,,,,,,True,False,True,True,False,,,,,,[]
sgsc,sgsc_single,11162691,,,,,,,,,,,,,,,,1,,True,daytime_days_unspecified,,,,,MED,,HI,,,True,,,,,,,,,,,,,,,,,,[]
sgsc,sgsc_single,11162699,,,,,,,,Unit,,,,,,,,0,,False,daytime_days_unspecified,,,,,LOW,,MED,,,True,,,,,,,,True,False,True,True,False,,,,,,[]
sgsc,sgsc_single,11162701,,,,,,,,Unit,,,,,,,,0,,False,daytime_days_unspecified,,,,,LOW,,MED,,,True,,,,,,,,True,False,True,True,False,,,,,,[]
sgsc,sgsc_single,11162705,,,,,,,,Unit,,,,,,,,0,,False,daytime_days_unspecified,,,,,LOW,,HI,,,True,,,,,,,,True,False,True,True,False,,,,,,[]
sgsc,sgsc_single,11162757,,,,,,,,Unit,,,,,,,,1,,False,daytime_days_unspecified,,,,,MED,,MED,,,True,,,,,,,,True,True,False,True,False,,,,,,[]
sgsc,sgsc_single,11162775,,,,,,,,Unit,,,,,,,,0,,False,daytime_days_unspecified,,,,,MED,,MED,,,True,,,,,,,,True,False,True,True,False,,,,,,[]
sgsc,sgsc_single,11162785,,,,,,,,Unit,,,,,,,,0,,False,daytime_days_unspecified,,,,,MED,,HI,,,True,,,,,,,,True,False,True,True,False,,,,,,[]
sgsc,sgsc_single,11162791,,,,,,,,Unit,,,,,,,,1,,False,daytime_days_unspecified,,,,,MED,,MED,,,True,,,,,,,,True,True,False,True,False,,,,,,[]
sgsc,sgsc_single,11162829,,,,,,,,SeparateHouse,,,,,,,,1,,False,daytime_days_unspecified,,,,,MED,,HI,,,True,,,,,,,,True,True,False,True,False,,,,,,[]
sgsc,sgsc_single,11162847,,,,,,,,Unit,,,,,,,,1,,False,daytime_days_unspecified,,,,,MED,,LOW,,,True,,,,,,,,True,True,False,True,False,,,,,,[]
sgsc,sgsc_single,11162851,,,,,,,,Unit,,,,,,,,0,,False,daytime_days_unspecified,,,,,MED,,MED,,,True,,,,,,,,True,False,False,True,False,,,,,,[]
sgsc,sgsc_single,11162895,,,,,,,,Unit,,,,,,,,0,,False,daytime_days_unspecified,,,,,MED,,HI,,,True,,,,,,,,True,False,True,True,False,,,,,,[]
sgsc,sgsc_single,11162901,,,,,,,,SeparateHouse,,,,,,,,0,,False,daytime_days_unspecified,,,,,MED,,LOW,,,True,,,,,,,,True,False,False,False,False,,,,,,[]
sgsc,sgsc_single,11164097,,,,,,,,,,,,,,,,0,,True,daytime_days_unspecified,,,,,HI,,HI,,,True,,,,,,,,,,,,,,,,,,[]
sgsc,sgsc_single,11166481,,,,,,,,,,,,,,,,0,,True,daytime_days_unspecified,,,,,HI,,LOW,,,True,,,,,,,,,,,,,,,,,,[]
sgsc,sgsc_single,11170155,,,,,,,,Unit,,,,,,,,0,,False,daytime_days_unspecified,,,,,MED,,HI,,,True,,,,,,,,True,True,True,True,False,,,,,,[]
sgsc,sgsc_single,11170247,,,,,,,,Unit,,,,,,,,0,,False,daytime_days_unspecified,,,,,LOW,,MED,,,True,,,,,,,,True,False,True,True,False,,,,,,[]
sgsc,sgsc_single,11170361,,,,,,,,Unit,,,,,,,,0,,False,daytime_days_unspecified,,,,,NONE,,HI,,,True,,,,,,,,True,False,True,True,False,,,,,,[]
sgsc,sgsc_single,11170383,,,,,,,,Unit,,,,,,,,0,,False,daytime_days_unspecified,,,,,MED,,MED,,,True,,,,,,,,True,False,True,True,False,,,,,,[]
sgsc,sgsc_single,11170389,,,,,,,,Unit,,,,,,,,0,,False,daytime_days_unspecified,,,,,MED,,HI,,,True,,,,,,,,True,False,True,True,False,,,,,,[]
sgsc,sgsc_single,11171541,,,,,,,,,,,,,,,,0,,True,daytime_days_unspecified,,,,,NONE,,HI,,,True,,,,,,,,,,,,,,,,,,[]
sgsc,sgsc_single,11176151,,,,,,,,Unit,,,,,,,,0,,False,daytime_days_unspecified,,,,,HI,,LOW,,,True,,,,,,,,True,False,False,True,False,,,,,,[]
sgsc,sgsc_single,11181449,,,,,,,,,,,,,,,,0,,True,daytime_days_unspecified,,,,,MED,,MED,,,True,,,,,,,,,,,,,,,,,,[]
sgsc,sgsc_single,11187611,,,,,,,,SeparateHouse,,,,,,,,0,,False,daytime_days_unspecified,,,,,NONE,,MED,,,True,,,,,,,,True,False,False,True,False,,,,,,[]
sgsc,sgsc_single,11187647,,,,,,,,SeparateHouse,,,,,,,,0,,False,daytime_days_unspecified,,,,,NONE,,MED,,,True,,,,,,,,True,False,True,True,False,,,,,,[]
sgsc,sgsc_single,11202836,,,,,,,,,,,,,,,,2,,True,daytime_days_unspecified,,,,,LOW,,HI,,,True,,,,,,,,,,,,,,,,,,[]
sgsc,sgsc_single,11223088,,,,,,,,,,,,,,,,2,,True,daytime_days_unspecified,,,,,LOW,,HI,,,True,,,,,,,,,,,,,,,,,,[]
sgsc,sgsc_single,11276038,,,,,,,,,,,,,,,,4,,True,daytime_days_unspecified,,,,,MED,,HI,,,True,,,,,,,,,,,,,,,,,,[]
sgsc,sgsc_single,11276078,,,,,,,,,,,,,,,,2,,True,daytime_days_unspecified,,,,,LOW,,HI,,,True,,,,,,,,,,,,,,,,,,[]
sgsc,sgsc_single,11277982,,,,,,,,,,,,,,,,0,,True,daytime_days_unspecified,,,,,LOW,,HI,,,True,,,,,,,,,,,,,,,,,,[]
sgsc,sgsc_single,11302226,,,,,,,,SeparateHouse,,,,,,,,0,,False,daytime_days_unspecified,,,,,NONE,,HI,,,True,,,,,,,,False,False,False,False,False,,,,,,[]
sgsc,sgsc_single,11302508,,,,,,,,SeparateHouse,,,,,,,,0,,False,daytime_days_unspecified,,,,,NONE,,HI,,,False,,,,,,,,True,False,True,True,False,,,,,,[]
sgsc,sgsc_single,11366671,,,,,,,,,,,,,,,,2,,True,daytime_days_unspecified,,,,,LOW,,MED,,,True,,,,,,,,,,,,,,,,,,[]
sgsc,sgsc_single,11366675,,,,,,,,,,,,,,,,0,,True,daytime_days_unspecified,,,,,MED,,NONE,,,True,,,,,,,,,,,,,,,,,,[]
sgsc,sgsc_single,11379713,,,,,,,,SeparateHouse,,,,,,,,0,,False,daytime_days_unspecified,,,,,LOW,,LOW,,,True,,,,,,,,True,False,True,True,False,,,,,,[]
sgsc,sgsc_single,11380381,,,,,,,,,,,,,,,,2,,True,daytime_days_unspecified,,,,,LOW,,HI,,,True,,,,,,,,,,,,,,,,,,[]
sgsc,sgsc_single,11445183,,,,,,,,,,,,,,,,2,,True,daytime_days_unspecified,,,,,NONE,,HI,,,True,,,,,,,,,,,,,,,,,,[]
sgsc,sgsc_single,11446083,,,,,,,,,,,,,,,,0,,True,daytime_days_unspecified,,,,,LOW,,HI,,,True,,,,,,,,,,,,,,,,,,[]
sgsc,sgsc_single,11446117,,,,,,,,SeparateHouse,,,,,,,,0,,False,daytime_days_unspecified,,,,,MED,,MED,,,True,,,,,,,,True,False,True,True,True,,,,,,[]
sgsc,sgsc_single,11447617,,,,,,,,,,,,,,,,0,,True,daytime_days_unspecified,,,,,LOW,,MED,,,True,,,,,,,,,,,,,,,,,,[]
sgsc,sgsc_single,11447738,,,,,,,,,,,,,,,,2,,True,daytime_days_unspecified,,,,,NONE,,MED,,,True,,,,,,,,,,,,,,,,,,[]
sgsc,sgsc_single,11449155,,,,,,,,,,,,,,,,0,,True,daytime_days_unspecified,,,,,LOW,,LOW,,,True,,,,,,,,,,,,,,,,,,[]
sgsc,sgsc_single,11449231,,,,,,,,,,,,,,,,0,,True,daytime_days_unspecified,,,,,LOW,,LOW,,,True,,,,,,,,,,,,,,,,,,[]
sgsc,sgsc_single,11449233,,,,,,,,,,,,,,,,0,,True,daytime_days_unspecified,,,,,NONE,,HI,,,True,,,,,,,,,,,,,,,,,,[]
sgsc,sgsc_single,11450017,,,,,,,,,,,,,,,,1,,True,daytime_days_unspecified,,,,,MED,,HI,,,True,,,,,,,,,,,,,,,,,,[]
sgsc,sgsc_single,11450031,,,,,,,,SeparateHouse,,,,,,,,1,,False,daytime_days_unspecified,,,,,LOW,,MED,,,True,,,,,,,,True,True,True,True,False,,,,,,[]
sgsc,sgsc_single,11450108,,,,,,,,SeparateHouse,,,,,,,,1,,False,daytime_days_unspecified,,,,,LOW,,MED,,,True,,,,,,,,True,True,True,True,False,,,,,,[]
sgsc,sgsc_single,11450282,,,,,,,,SeparateHouse,,,,,,,,0,,False,daytime_days_unspecified,,,,,NONE,,HI,,,True,,,,,,,,True,False,True,False,False,,,,,,[]
sgsc,sgsc_single,11450288,,,,,,,,,,,,,,,,0,,True,daytime_days_unspecified,,,,,LOW,,HI,,,False,,,,,,,,,,,,,,,,,,[]
sgsc,sgsc_single,11450320,,,,,,,,SeparateHouse,,,,,,,,1,,False,daytime_days_unspecified,,,,,LOW,,MED,,,False,,,,,,,,True,True,True,True,False,,,,,,[]
sgsc,sgsc_single,11450555,,,,,,,,,,,,,,,,2,,True,daytime_days_unspecified,,,,,NONE,,MED,,,True,,,,,,,,,,,,,,,,,,[]
sgsc,sgsc_single,11450764,,,,,,,,SeparateHouse,,,,,,,,0,,False,daytime_days_unspecified,,,,,LOW,,HI,,,True,,,,,,,,True,False,True,True,False,,,,,,[]
sgsc,sgsc_single,11452869,,,,,,,,,,,,,,,,3,,True,daytime_days_unspecified,,,,,LOW,,MED,,,False,,,,,,,,,,,,,,,,,,[]
sgsc,sgsc_single,11461975,,,,,,,,,,,,,,,,1,,True,daytime_days_unspecified,,,,,MED,,MED,,,True,,,,,,,,,,,,,,,,,,[]
sgsc,sgsc_single,11461982,,,,,,,,,,,,,,,,5,,True,daytime_days_unspecified,,,,,LOW,,MED,,,True,,,,,,,,,,,,,,,,,,[]
sgsc,sgsc_single,11463219,,,,,,,,,,,,,,,,0,,True,daytime_days_unspecified,,,,,LOW,,HI,,,True,,,,,,,,,,,,,,,,,,[]
sgsc,sgsc_single,11467549,,,,,,,,SeparateHouse,,,,,,,,0,,False,daytime_days_unspecified,,,,,MED,,HI,,,True,,,,,,,,True,False,True,True,False,,,,,,[]
sgsc,sgsc_single,11590438,,,,,,,,SeparateHouse,,,,,,,,0,,False,daytime_days_unspecified,,,,,LOW,,HI,,,True,,,,,,,,True,False,True,True,False,,,,,,[]
sgsc,sgsc_single,11590452,,,,,,,,,,,,,,,,0,,True,daytime_days_unspecified,,,,,LOW,,HI,,,True,,,,,,,,,,,,,,,,,,[]
sgsc,sgsc_single,11590456,,,,,,,,SeparateHouse,,,,,,,,0,,False,daytime_days_unspecified,,,,,NONE,,HI,,,False,,,,,,,,True,False,True,True,False,,,,,,[]
sgsc,sgsc_single,8144841,,,,,,,,,,,,,,,,0,,True,daytime_days_unspecified,,,,,MED,,MED,,,True,,,,,,,,,,,,,,,,,,[]
sgsc,sgsc_single,8144847,,,,,,,,,,,,,,,,0,,True,daytime_days_unspecified,,,,,LOW,,HI,,,True,,,,,,,,,,,,,,,,,,[]
sgsc,sgsc_single,8146093,,,,,,,,SeparateHouse,,,,,,,,0,,False,daytime_days_unspecified,,,,,NONE,,MED,,,False,,,,,,,,False,False,False,False,False,,,,,,[]
sgsc,sgsc_single,8147611,,,,,,,,SeparateHouse,,,,,,,,0,,False,daytime_days_unspecified,,,,,MED,,MED,,,True,,,,,,,,True,False,True,True,False,,,,,,[]
sgsc,sgsc_single,8147619,,,,,,,,SeparateHouse,,,,,,,,0,,False,daytime_days_unspecified,,,,,NONE,,HI,,,True,,,,,,,,False,False,False,False,False,,,,,,[]
sgsc,sgsc_single,8147803,,,,,,,,SeparateHouse,,,,,,,,0,,False,daytime_days_unspecified,,,,,LOW,,LOW,,,True,,,,,,,,True,False,True,True,False,,,,,,[]
sgsc,sgsc_single,8147835,,,,,,,,,,,,,,,,4,,True,daytime_days_unspecified,,,,,LOW,,HI,,,True,,,,,,,,,,,,,,,,,,[]
sgsc,sgsc_single,8148771,,,,,,,,,,,,,,,,0,,True,daytime_days_unspecified,,,,,LOW,,HI,,,True,,,,,,,,,,,,,,,,,,[]
sgsc,sgsc_single,8149573,,,,,,,,,,,,,,,,3,,True,daytime_days_unspecified,,,,,NONE,,MED,,,True,,,,,,,,,,,,,,,,,,[]
sgsc,sgsc_single,8149943,,,,,,,,,,,,,,,,0,,True,daytime_days_unspecified,,,,,MED,,MED,,,True,,,,,,,,,,,,,,,,,,[]
sgsc,sgsc_single,8150211,,,,,,,,,,,,,,,,2,,True,daytime_days_unspecified,,,,,LOW,,HI,,,True,,,,,,,,,,,,,,,,,,[]
sgsc,sgsc_single,8151761,,,,,,,,,,,,,,,,1,,True,daytime_days_unspecified,,,,,LOW,,HI,,,True,,,,,,,,,,,,,,,,,,[]
sgsc,sgsc_single,8154329,,,,,,,,SeparateHouse,,,,,,,,0,,False,daytime_days_unspecified,,,,,LOW,,HI,,,True,,,,,,,,False,False,False,False,False,,,,,,[]
sgsc,sgsc_single,8156185,,,,,,,,SeparateHouse,,,,,,,,0,,False,daytime_days_unspecified,,,,,LOW,,MED,,,False,,,,,,,,True,False,True,True,False,,,,,,[]
sgsc,sgsc_single,8156189,,,,,,,,SeparateHouse,,,,,,,,1,,False,daytime_days_unspecified,,,,,NONE,,MED,,,True,,,,,,,,True,True,True,True,False,,,,,,[]
sgsc,sgsc_single,8157319,,,,,,,,,,,,,,,,0,,True,daytime_days_unspecified,,,,,LOW,,HI,,,True,,,,,,,,,,,,,,,,,,[]
sgsc,sgsc_single,8158659,,,,,,,,,,,,,,,,3,,True,daytime_days_unspecified,,,,,LOW,,MED,,,True,,,,,,,,,,,,,,,,,,[]
sgsc,sgsc_single,8158673,,,,,,,,,,,,,,,,3,,True,daytime_days_unspecified,,,,,LOW,,HI,,,True,,,,,,,,,,,,,,,,,,[]
sgsc,sgsc_single,8159803,,,,,,,,,,,,,,,,0,,True,daytime_days_unspecified,,,,,LOW,,MED,,,True,,,,,,,,,,,,,,,,,,[]
sgsc,sgsc_single,8161807,,,,,,,,,,,,,,,,0,,True,daytime_days_unspecified,,,,,NONE,,HI,,,False,,,,,,,,,,,,,,,,,,[]
sgsc,sgsc_single,8161813,,,,,,,,,,,,,,,,0,,True,daytime_days_unspecified,,,,,NONE,,HI,,,True,,,,,,,,,,,,,,,,,,[]
sgsc,sgsc_single,8162099,,,,,,,,,,,,,,,,0,,True,daytime_days_unspecified,,,,,LOW,,MED,,,True,,,,,,,,,,,,,,,,,,[]
sgsc,sgsc_single,8162149,,,,,,,,,,,,,,,,0,,True,daytime_days_unspecified,,,,,LOW,,NONE,,,True,,,,,,,,,,,,,,,,,,[]
sgsc,sgsc_single,8162383,,,,,,,,SeparateHouse,,,,,,,,0,,False,daytime_days_unspecified,,,,,NONE,,MED,,,False,,,,,,,,True,False,True,True,False,,,,,,[]
sgsc,sgsc_single,8162541,,,,,,,,,,,,,,,,0,,True,daytime_days_unspecified,,,,,MED,,LOW,,,True,,,,,,,,,,,,,,,,,,[]
sgsc,sgsc_single,8162689,,,,,,,,SeparateHouse,,,,,,,,1,,False,daytime_days_unspecified,,,,,NONE,,HI,,,True,,,,,,,,True,True,True,True,False,,,,,,[]
sgsc,sgsc_single,8165785,,,,,,,,,,,,,,,,0,,True,daytime_days_unspecified,,,,,LOW,,LOW,,,False,,,,,,,,,,,,,,,,,,[]
sgsc,sgsc_single,8166299,,,,,,,,SeparateHouse,,,,,,,,0,,False,daytime_days_unspecified,,,,,LOW,,LOW,,,False,,,,,,,,True,False,True,True,False,,,,,,[]
sgsc,sgsc_single,8166355,,,,,,,,,,,,,,,,0,,True,daytime_days_unspecified,,,,,NONE,,MED,,,True,,,,,,,,,,,,,,,,,,[]
sgsc,sgsc_single,8167401,,,,,,,,SeparateHouse,,,,,,,,1,,False,daytime_days_unspecified,,,,,NONE,,MED,,,True,,,,,,,,True,True,True,False,False,,,,,,[]
sgsc,sgsc_single,8168741,,,,,,,,,,,,,,,,0,,True,daytime_days_unspecified,,,,,LOW,,HI,,,True,,,,,,,,,,,,,,,,,,[]
sgsc,sgsc_single,8168937,,,,,,,,SeparateHouse,,,,,,,,1,,False,daytime_days_unspecified,,,,,LOW,,MED,,,True,,,,,,,,True,True,False,True,False,,,,,,[]
sgsc,sgsc_single,8169009,,,,,,,,SeparateHouse,,,,,,,,0,,False,daytime_days_unspecified,,,,,NONE,,MED,,,True,,,,,,,,True,False,True,True,False,,,,,,[]
sgsc,sgsc_single,8169071,,,,,,,,SeparateHouse,,,,,,,,1,,False,daytime_days_unspecified,,,,,MED,,MED,,,True,,,,,,,,True,True,True,True,False,,,,,,[]
sgsc,sgsc_single,8169317,,,,,,,,,,,,,,,,1,,True,daytime_days_unspecified,,,,,LOW,,MED,,,False,,,,,,,,,,,,,,,,,,[]
sgsc,sgsc_single,8169503,,,,,,,,,,,,,,,,0,,True,daytime_days_unspecified,,,,,LOW,,HI,,,True,,,,,,,,,,,,,,,,,,[]
sgsc,sgsc_single,8170629,,,,,,,,,,,,,,,,1,,True,daytime_days_unspecified,,,,,NONE,,MED,,,True,,,,,,,,,,,,,,,,,,[]
sgsc,sgsc_single,8171577,,,,,,,,,,,,,,,,0,,True,daytime_days_unspecified,,,,,NONE,,MED,,,False,,,,,,,,,,,,,,,,,,[]
sgsc,sgsc_single,8176609,,,,,,,,SeparateHouse,,,,,,,,1,,False,daytime_days_unspecified,,,,,NONE,,MED,,,True,,,,,,,,True,True,True,True,False,,,,,,[]
sgsc,sgsc_single,8176613,,,,,,,,SeparateHouse,,,,,,,,0,,False,daytime_days_unspecified,,,,,NONE,,HI,,,True,,,,,,,,True,False,True,True,False,,,,,,[]
sgsc,sgsc_single,8176697,,,,,,,,SeparateHouse,,,,,,,,1,,False,daytime_days_unspecified,,,,,LOW,,NONE,,,True,,,,,,,,True,True,True,True,False,,,,,,[]
sgsc,sgsc_single,8176703,,,,,,,,SeparateHouse,,,,,,,,1,,False,daytime_days_unspecified,,,,,HI,,HI,,,True,,,,,,,,True,True,True,True,False,,,,,,[]
sgsc,sgsc_single,8181745,,,,,,,,,,,,,,,,0,,True,daytime_days_unspecified,,,,,LOW,,LOW,,,True,,,,,,,,,,,,,,,,,,[]
sgsc,sgsc_single,8182581,,,,,,,,SeparateHouse,,,,,,,,0,,False,daytime_days_unspecified,,,,,LOW,,MED,,,True,,,,,,,,True,False,True,True,False,,,,,,[]
sgsc,sgsc_single,8183111,,,,,,,,SeparateHouse,,,,,,,,0,,False,daytime_days_unspecified,,,,,LOW,,HI,,,True,,,,,,,,True,False,True,True,True,,,,,,[]
sgsc,sgsc_single,8183223,,,,,,,,SeparateHouse,,,,,,,,0,,False,daytime_days_unspecified,,,,,LOW,,MED,,,True,,,,,,,,True,False,True,True,False,,,,,,[]
sgsc,sgsc_single,8183227,,,,,,,,,,,,,,,,0,,True,daytime_days_unspecified,,,,,LOW,,NONE,,,True,,,,,,,,,,,,,,,,,,[]
sgsc,sgsc_single,8183263,,,,,,,,SeparateHouse,,,,,,,,0,,False,daytime_days_unspecified,,,,,LOW,,HI,,,True,,,,,,,,True,False,True,True,False,,,,,,[]
sgsc,sgsc_single,8184717,,,,,,,,SeparateHouse,,,,,,,,0,,False,daytime_days_unspecified,,,,,LOW,,MED,,,True,,,,,,,,False,False,False,False,False,,,,,,[]
sgsc,sgsc_single,8185445,,,,,,,,,,,,,,,,0,,True,daytime_days_unspecified,,,,,LOW,,HI,,,True,,,,,,,,,,,,,,,,,,[]
sgsc,sgsc_single,8191291,,,,,,,,Unit,,,,,,,,0,,False,daytime_days_unspecified,,,,,NONE,,HI,,,False,,,,,,,,True,False,True,False,False,,,,,,[]
sgsc,sgsc_single,8191303,,,,,,,,Unit,,,,,,,,0,,False,daytime_days_unspecified,,,,,LOW,,HI,,,True,,,,,,,,True,False,True,False,False,,,,,,[]
sgsc,sgsc_single,8191355,,,,,,,,Unit,,,,,,,,1,,False,daytime_days_unspecified,,,,,LOW,,HI,,,False,,,,,,,,True,True,True,False,False,,,,,,[]
sgsc,sgsc_single,8191367,,,,,,,,,,,,,,,,1,,True,daytime_days_unspecified,,,,,NONE,,HI,,,True,,,,,,,,,,,,,,,,,,[]
sgsc,sgsc_single,8191453,,,,,,,,Unit,,,,,,,,0,,False,daytime_days_unspecified,,,,,LOW,,MED,,,False,,,,,,,,False,False,False,False,False,,,,,,[]
sgsc,sgsc_single,8191465,,,,,,,,Unit,,,,,,,,1,,False,daytime_days_unspecified,,,,,LOW,,MED,,,True,,,,,,,,True,True,True,True,False,,,,,,[]
sgsc,sgsc_single,8191481,,,,,,,,Unit,,,,,,,,0,,False,daytime_days_unspecified,,,,,LOW,,HI,,,False,,,,,,,,True,False,True,True,False,,,,,,[]
sgsc,sgsc_single,8191485,,,,,,,,Unit,,,,,,,,2,,False,daytime_days_unspecified,,,,,LOW,,HI,,,False,,,,,,,,True,True,True,True,False,,,,,,[]
sgsc,sgsc_single,8191495,,,,,,,,Unit,,,,,,,,0,,False,daytime_days_unspecified,,,,,MED,,MED,,,False,,,,,,,,True,False,True,True,False,,,,,,[]
sgsc,sgsc_single,8192673,,,,,,,,,,,,,,,,0,,True,daytime_days_unspecified,,,,,LOW,,HI,,,False,,,,,,,,,,,,,,,,,,[]
sgsc,sgsc_single,8194133,,,,,,,,SeparateHouse,,,,,,,,1,,False,daytime_days_unspecified,,,,,LOW,,MED,,,True,,,,,,,,True,True,True,False,False,,,,,,[]
sgsc,sgsc_single,8194767,,,,,,,,,,,,,,,,1,,True,daytime_days_unspecified,,,,,LOW,,HI,,,True,,,,,,,,,,,,,,,,,,[]
sgsc,sgsc_single,8195803,,,,,,,,,,,,,,,,0,,True,daytime_days_unspecified,,,,,LOW,,MED,,,True,,,,,,,,,,,,,,,,,,[]
sgsc,sgsc_single,8196589,,,,,,,,,,,,,,,,0,,True,daytime_days_unspecified,,,,,LOW,,HI,,,True,,,,,,,,,,,,,,,,,,[]
sgsc,sgsc_single,8197333,,,,,,,,,,,,,,,,2,,True,daytime_days_unspecified,,,,,LOW,,MED,,,True,,,,,,,,,,,,,,,,,,[]
sgsc,sgsc_single,8199389,,,,,,,,,,,,,,,,2,,True,daytime_days_unspecified,,,,,LOW,,HI,,,True,,,,,,,,,,,,,,,,,,[]
sgsc,sgsc_single,8202727,,,,,,,,,,,,,,,,0,,True,daytime_days_unspecified,,,,,MED,,MED,,,True,,,,,,,,,,,,,,,,,,[]
sgsc,sgsc_single,8202737,,,,,,,,,,,,,,,,0,,True,daytime_days_unspecified,,,,,LOW,,MED,,,True,,,,,,,,,,,,,,,,,,[]
sgsc,sgsc_single,8205043,,,,,,,,SeparateHouse,,,,,,,,0,,False,daytime_days_unspecified,,,,,MED,,MED,,,True,,,,,,,,False,False,False,False,False,,,,,,[]
sgsc,sgsc_single,8205141,,,,,,,,SeparateHouse,,,,,,,,0,,False,daytime_days_unspecified,,,,,LOW,,LOW,,,True,,,,,,,,False,False,False,False,False,,,,,,[]
sgsc,sgsc_single,8205567,,,,,,,,SeparateHouse,,,,,,,,0,,False,daytime_days_unspecified,,,,,HI,,LOW,,,True,,,,,,,,True,False,True,False,False,,,,,,[]
sgsc,sgsc_single,8206053,,,,,,,,SeparateHouse,,,,,,,,0,,False,daytime_days_unspecified,,,,,HI,,MED,,,True,,,,,,,,True,False,True,True,False,,,,,,[]
sgsc,sgsc_single,8206139,,,,,,,,SeparateHouse,,,,,,,,0,,False,daytime_days_unspecified,,,,,LOW,,MED,,,True,,,,,,,,True,False,True,False,False,,,,,,[]
sgsc,sgsc_single,8212087,,,,,,,,,,,,,,,,0,,True,daytime_days_unspecified,,,,,LOW,,HI,,,True,,,,,,,,,,,,,,,,,,[]
sgsc,sgsc_single,8212115,,,,,,,,,,,,,,,,0,,True,daytime_days_unspecified,,,,,LOW,,MED,,,True,,,,,,,,,,,,,,,,,,[]
sgsc,sgsc_single,8212131,,,,,,,,Unit,,,,,,,,0,,False,daytime_days_unspecified,,,,,MED,,LOW,,,True,,,,,,,,False,False,False,False,False,,,,,,[]
sgsc,sgsc_single,8212225,,,,,,,,,,,,,,,,2,,True,daytime_days_unspecified,,,,,LOW,,HI,,,True,,,,,,,,,,,,,,,,,,[]
sgsc,sgsc_single,8212239,,,,,,,,,,,,,,,,2,,True,daytime_days_unspecified,,,,,MED,,HI,,,True,,,,,,,,,,,,,,,,,,[]
sgsc,sgsc_single,8213181,,,,,,,,,,,,,,,,0,,True,daytime_days_unspecified,,,,,NONE,,HI,,,True,,,,,,,,,,,,,,,,,,[]
sgsc,sgsc_single,8213205,,,,,,,,,,,,,,,,0,,True,daytime_days_unspecified,,,,,MED,,HI,,,False,,,,,,,,,,,,,,,,,,[]
sgsc,sgsc_single,8215623,,,,,,,,SeparateHouse,,,,,,,,0,,False,daytime_days_unspecified,,,,,NONE,,LOW,,,False,,,,,,,,False,False,False,False,False,,,,,,[]
sgsc,sgsc_single,8218123,,,,,,,,,,,,,,,,0,,True,daytime_days_unspecified,,,,,NONE,,HI,,,True,,,,,,,,,,,,,,,,,,[]
sgsc,sgsc_single,8218737,,,,,,,,,,,,,,,,1,,True,daytime_days_unspecified,,,,,MED,,LOW,,,False,,,,,,,,,,,,,,,,,,[]
sgsc,sgsc_single,8219648,,,,,,,,,,,,,,,,1,,True,daytime_days_unspecified,,,,,NONE,,HI,,,True,,,,,,,,,,,,,,,,,,[]
sgsc,sgsc_single,8219770,,,,,,,,,,,,,,,,0,,True,daytime_days_unspecified,,,,,NONE,,HI,,,True,,,,,,,,,,,,,,,,,,[]
sgsc,sgsc_single,8219804,,,,,,,,SeparateHouse,,,,,,,,4,,False,daytime_days_unspecified,,,,,NONE,,HI,,,False,,,,,,,,True,True,False,True,False,,,,,,[]
sgsc,sgsc_single,8221710,,,,,,,,SeparateHouse,,,,,,,,0,,False,daytime_days_unspecified,,,,,LOW,,HI,,,True,,,,,,,,True,False,True,True,False,,,,,,[]
sgsc,sgsc_single,8222312,,,,,,,,,,,,,,,,1,,True,daytime_days_unspecified,,,,,LOW,,HI,,,True,,,,,,,,,,,,,,,,,,[]
sgsc,sgsc_single,8222724,,,,,,,,,,,,,,,,1,,True,daytime_days_unspecified,,,,,MED,,MED,,,True,,,,,,,,,,,,,,,,,,[]
sgsc,sgsc_single,8222732,,,,,,,,,,,,,,,,0,,True,daytime_days_unspecified,,,,,NONE,,MED,,,True,,,,,,,,,,,,,,,,,,[]
sgsc,sgsc_single,8228658,,,,,,,,,,,,,,,,0,,True,daytime_days_unspecified,,,,,MED,,MED,,,True,,,,,,,,,,,,,,,,,,[]
sgsc,sgsc_single,8230580,,,,,,,,SeparateHouse,,,,,,,,2,,False,daytime_days_unspecified,,,,,LOW,,MED,,,True,,,,,,,,True,True,True,True,False,,,,,,[]
sgsc,sgsc_single,8231524,,,,,,,,SeparateHouse,,,,,,,,0,,False,daytime_days_unspecified,,,,,LOW,,HI,,,False,,,,,,,,False,False,False,False,False,,,,,,[]
sgsc,sgsc_single,8235732,,,,,,,,SeparateHouse,,,,,,,,0,,False,daytime_days_unspecified,,,,,NONE,,MED,,,False,,,,,,,,True,False,True,True,False,,,,,,[]
sgsc,sgsc_single,8236526,,,,,,,,Unit,,,,,,,,0,,False,daytime_days_unspecified,,,,,NONE,,HI,,,True,,,,,,,,False,False,False,False,False,,,,,,[]
sgsc,sgsc_single,8239100,,,,,,,,,,,,,,,,1,,True,daytime_days_unspecified,,,,,LOW,,MED,,,True,,,,,,,,,,,,,,,,,,[]
sgsc,sgsc_single,8241486,,,,,,,,,,,,,,,,0,,True,daytime_days_unspecified,,,,,LOW,,HI,,,True,,,,,,,,,,,,,,,,,,[]
sgsc,sgsc_single,8242556,,,,,,,,SeparateHouse,,,,,,,,0,,False,daytime_days_unspecified,,,,,MED,,LOW,,,True,,,,,,,,True,False,True,True,False,,,,,,[]
sgsc,sgsc_single,8244120,,,,,,,,,,,,,,,,3,,True,daytime_days_unspecified,,,,,LOW,,HI,,,True,,,,,,,,,,,,,,,,,,[]
sgsc,sgsc_single,8244136,,,,,,,,,,,,,,,,1,,True,daytime_days_unspecified,,,,,LOW,,MED,,,True,,,,,,,,,,,,,,,,,,[]
sgsc,sgsc_single,8244224,,,,,,,,,,,,,,,,0,,True,daytime_days_unspecified,,,,,MED,,HI,,,True,,,,,,,,,,,,,,,,,,[]
sgsc,sgsc_single,8244680,,,,,,,,,,,,,,,,2,,True,daytime_days_unspecified,,,,,NONE,,HI,,,False,,,,,,,,,,,,,,,,,,[]
sgsc,sgsc_single,8245958,,,,,,,,SeparateHouse,,,,,,,,0,,False,daytime_days_unspecified,,,,,NONE,,HI,,,False,,,,,,,,True,False,False,True,False,,,,,,[]
sgsc,sgsc_single,8249986,,,,,,,,,,,,,,,,0,,True,daytime_days_unspecified,,,,,LOW,,HI,,,True,,,,,,,,,,,,,,,,,,[]
sgsc,sgsc_single,8253248,,,,,,,,,,,,,,,,1,,True,daytime_days_unspecified,,,,,LOW,,HI,,,True,,,,,,,,,,,,,,,,,,[]
sgsc,sgsc_single,8253260,,,,,,,,SeparateHouse,,,,,,,,2,,False,daytime_days_unspecified,,,,,MED,,MED,,,True,,,,,,,,True,True,True,True,False,,,,,,[]
sgsc,sgsc_single,8253266,,,,,,,,,,,,,,,,0,,True,daytime_days_unspecified,,,,,LOW,,HI,,,False,,,,,,,,,,,,,,,,,,[]
sgsc,sgsc_single,8253272,,,,,,,,SeparateHouse,,,,,,,,5,,False,daytime_days_unspecified,,,,,MED,,MED,,,True,,,,,,,,True,True,True,True,False,,,,,,[]
sgsc,sgsc_single,8256188,,,,,,,,,,,,,,,,0,,True,daytime_days_unspecified,,,,,MED,,MED,,,True,,,,,,,,,,,,,,,,,,[]
sgsc,sgsc_single,8256208,,,,,,,,,,,,,,,,3,,True,daytime_days_unspecified,,,,,LOW,,MED,,,True,,,,,,,,,,,,,,,,,,[]
sgsc,sgsc_single,8256218,,,,,,,,,,,,,,,,2,,True,daytime_days_unspecified,,,,,LOW,,MED,,,True,,,,,,,,,,,,,,,,,,[]
sgsc,sgsc_single,8256232,,,,,,,,,,,,,,,,1,,True,daytime_days_unspecified,,,,,LOW,,LOW,,,True,,,,,,,,,,,,,,,,,,[]
sgsc,sgsc_single,8256784,,,,,,,,,,,,,,,,0,,True,daytime_days_unspecified,,,,,NONE,,HI,,,False,,,,,,,,,,,,,,,,,,[]
sgsc,sgsc_single,8257818,,,,,,,,,,,,,,,,0,,True,daytime_days_unspecified,,,,,NONE,,HI,,,False,,,,,,,,,,,,,,,,,,[]
sgsc,sgsc_single,8261152,,,,,,,,,,,,,,,,0,,True,daytime_days_unspecified,,,,,MED,,HI,,,True,,,,,,,,,,,,,,,,,,[]
sgsc,sgsc_single,8261442,,,,,,,,,,,,,,,,0,,True,daytime_days_unspecified,,,,,NONE,,HI,,,True,,,,,,,,,,,,,,,,,,[]
sgsc,sgsc_single,8261812,,,,,,,,SeparateHouse,,,,,,,,3,,False,daytime_days_unspecified,,,,,MED,,LOW,,,True,,,,,,,,True,True,True,True,False,,,,,,[]
sgsc,sgsc_single,8263090,,,,,,,,,,,,,,,,2,,True,daytime_days_unspecified,,,,,LOW,,HI,,,True,,,,,,,,,,,,,,,,,,[]
sgsc,sgsc_single,8265276,,,,,,,,SeparateHouse,,,,,,,,0,,False,daytime_days_unspecified,,,,,LOW,,HI,,,True,,,,,,,,True,False,True,True,False,,,,,,[]
sgsc,sgsc_single,8265286,,,,,,,,SeparateHouse,,,,,,,,0,,False,daytime_days_unspecified,,,,,MED,,LOW,,,True,,,,,,,,True,False,True,True,False,,,,,,[]
sgsc,sgsc_single,8266596,,,,,,,,SeparateHouse,,,,,,,,1,,False,daytime_days_unspecified,,,,,LOW,,MED,,,True,,,,,,,,True,True,False,False,False,,,,,,[]
sgsc,sgsc_single,8266728,,,,,,,,SeparateHouse,,,,,,,,3,,False,daytime_days_unspecified,,,,,LOW,,HI,,,True,,,,,,,,True,True,True,True,False,,,,,,[]
sgsc,sgsc_single,8267118,,,,,,,,SeparateHouse,,,,,,,,1,,False,daytime_days_unspecified,,,,,LOW,,HI,,,True,,,,,,,,True,True,True,True,False,,,,,,[]
sgsc,sgsc_single,8267358,,,,,,,,SeparateHouse,,,,,,,,1,,False,daytime_days_unspecified,,,,,LOW,,HI,,,True,,,,,,,,True,True,True,True,False,,,,,,[]
sgsc,sgsc_single,8268266,,,,,,,,,,,,,,,,0,,True,daytime_days_unspecified,,,,,LOW,,HI,,,False,,,,,,,,,,,,,,,,,,[]
sgsc,sgsc_single,8268940,,,,,,,,SeparateHouse,,,,,,,,0,,False,daytime_days_unspecified,,,,,LOW,,HI,,,False,,,,,,,,True,False,False,True,False,,,,,,[]
sgsc,sgsc_single,8273592,,,,,,,,,,,,,,,,0,,True,daytime_days_unspecified,,,,,LOW,,MED,,,True,,,,,,,,,,,,,,,,,,[]
sgsc,sgsc_single,8276498,,,,,,,,,,,,,,,,0,,True,daytime_days_unspecified,,,,,LOW,,LOW,,,True,,,,,,,,,,,,,,,,,,[]
sgsc,sgsc_single,8279876,,,,,,,,SeparateHouse,,,,,,,,5,,False,daytime_days_unspecified,,,,,MED,,LOW,,,True,,,,,,,,True,True,True,True,False,,,,,,[]
sgsc,sgsc_single,8279912,,,,,,,,SeparateHouse,,,,,,,,0,,False,daytime_days_unspecified,,,,,NONE,,MED,,,True,,,,,,,,True,True,True,True,False,,,,,,[]
sgsc,sgsc_single,8279974,,,,,,,,SeparateHouse,,,,,,,,0,,False,daytime_days_unspecified,,,,,LOW,,MED,,,True,,,,,,,,False,False,False,False,False,,,,,,[]
sgsc,sgsc_single,8281020,,,,,,,,,,,,,,,,0,,True,daytime_days_unspecified,,,,,LOW,,MED,,,True,,,,,,,,,,,,,,,,,,[]
sgsc,sgsc_single,8283706,,,,,,,,SeparateHouse,,,,,,,,0,,False,daytime_days_unspecified,,,,,LOW,,HI,,,True,,,,,,,,False,False,False,False,False,,,,,,[]
sgsc,sgsc_single,8286110,,,,,,,,,,,,,,,,1,,True,daytime_days_unspecified,,,,,NONE,,NONE,,,True,,,,,,,,,,,,,,,,,,[]
sgsc,sgsc_single,8286920,,,,,,,,,,,,,,,,0,,True,daytime_days_unspecified,,,,,MED,,MED,,,True,,,,,,,,,,,,,,,,,,[]
sgsc,sgsc_single,8287870,,,,,,,,,,,,,,,,3,,True,daytime_days_unspecified,,,,,LOW,,MED,,,False,,,,,,,,,,,,,,,,,,[]
sgsc,sgsc_single,8288760,,,,,,,,,,,,,,,,0,,True,daytime_days_unspecified,,,,,LOW,,HI,,,True,,,,,,,,,,,,,,,,,,[]
sgsc,sgsc_single,8291628,,,,,,,,,,,,,,,,0,,True,daytime_days_unspecified,,,,,LOW,,MED,,,True,,,,,,,,,,,,,,,,,,[]
sgsc,sgsc_single,8291712,,,,,,,,,,,,,,,,0,,True,daytime_days_unspecified,,,,,NONE,,HI,,,True,,,,,,,,,,,,,,,,,,[]
sgsc,sgsc_single,8292566,,,,,,,,,,,,,,,,0,,True,daytime_days_unspecified,,,,,NONE,,NONE,,,True,,,,,,,,,,,,,,,,,,[]
sgsc,sgsc_single,8293630,,,,,,,,SeparateHouse,,,,,,,,1,,False,daytime_days_unspecified,,,,,LOW,,MED,,,True,,,,,,,,True,True,True,True,False,,,,,,[]
sgsc,sgsc_single,8299092,,,,,,,,,,,,,,,,0,,True,daytime_days_unspecified,,,,,HI,,HI,,,True,,,,,,,,,,,,,,,,,,[]
sgsc,sgsc_single,8300736,,,,,,,,SeparateHouse,,,,,,,,0,,False,daytime_days_unspecified,,,,,LOW,,HI,,,True,,,,,,,,True,False,True,True,False,,,,,,[]
sgsc,sgsc_single,8301018,,,,,,,,SeparateHouse,,,,,,,,0,,False,daytime_days_unspecified,,,,,LOW,,HI,,,True,,,,,,,,False,False,False,False,False,,,,,,[]
sgsc,sgsc_single,8302144,,,,,,,,SeparateHouse,,,,,,,,4,,False,daytime_days_unspecified,,,,,LOW,,LOW,,,True,,,,,,,,True,True,True,True,False,,,,,,[]
sgsc,sgsc_single,8302186,,,,,,,,SeparateHouse,,,,,,,,3,,False,daytime_days_unspecified,,,,,LOW,,HI,,,True,,,,,,,,True,True,True,True,False,,,,,,[]
sgsc,sgsc_single,8302244,,,,,,,,SeparateHouse,,,,,,,,0,,False,daytime_days_unspecified,,,,,LOW,,LOW,,,False,,,,,,,,True,False,True,True,False,,,,,,[]
sgsc,sgsc_single,8302322,,,,,,,,,,,,,,,,2,,True,daytime_days_unspecified,,,,,LOW,,HI,,,True,,,,,,,,,,,,,,,,,,[]
sgsc,sgsc_single,8303248,,,,,,,,,,,,,,,,0,,True,daytime_days_unspecified,,,,,LOW,,HI,,,True,,,,,,,,,,,,,,,,,,[]
sgsc,sgsc_single,8304342,,,,,,,,,,,,,,,,0,,True,daytime_days_unspecified,,,,,LOW,,HI,,,True,,,,,,,,,,,,,,,,,,[]
sgsc,sgsc_single,8304448,,,,,,,,,,,,,,,,1,,True,daytime_days_unspecified,,,,,LOW,,LOW,,,True,,,,,,,,,,,,,,,,,,[]
sgsc,sgsc_single,8305944,,,,,,,,,,,,,,,,0,,True,daytime_days_unspecified,,,,,LOW,,HI,,,False,,,,,,,,,,,,,,,,,,[]
sgsc,sgsc_single,8308166,,,,,,,,SeparateHouse,,,,,,,,0,,False,daytime_days_unspecified,,,,,MED,,MED,,,True,,,,,,,,True,False,True,True,False,,,,,,[]
sgsc,sgsc_single,8308526,,,,,,,,,,,,,,,,2,,True,daytime_days_unspecified,,,,,MED,,HI,,,True,,,,,,,,,,,,,,,,,,[]
sgsc,sgsc_single,8310790,,,,,,,,,,,,,,,,2,,True,daytime_days_unspecified,,,,,LOW,,HI,,,True,,,,,,,,,,,,,,,,,,[]
sgsc,sgsc_single,8312516,,,,,,,,,,,,,,,,0,,True,daytime_days_unspecified,,,,,LOW,,HI,,,True,,,,,,,,,,,,,,,,,,[]
sgsc,sgsc_single,8312524,,,,,,,,,,,,,,,,3,,True,daytime_days_unspecified,,,,,LOW,,HI,,,False,,,,,,,,,,,,,,,,,,[]
sgsc,sgsc_single,8313104,,,,,,,,,,,,,,,,0,,True,daytime_days_unspecified,,,,,LOW,,HI,,,False,,,,,,,,,,,,,,,,,,[]
sgsc,sgsc_single,8314008,,,,,,,,,,,,,,,,3,,True,daytime_days_unspecified,,,,,LOW,,HI,,,True,,,,,,,,,,,,,,,,,,[]
sgsc,sgsc_single,8314346,,,,,,,,,,,,,,,,1,,True,daytime_days_unspecified,,,,,NONE,,MED,,,True,,,,,,,,,,,,,,,,,,[]
sgsc,sgsc_single,8314358,,,,,,,,SeparateHouse,,,,,,,,0,,False,daytime_days_unspecified,,,,,MED,,HI,,,True,,,,,,,,False,False,False,False,False,,,,,,[]
sgsc,sgsc_single,8314390,,,,,,,,,,,,,,,,1,,True,daytime_days_unspecified,,,,,LOW,,MED,,,True,,,,,,,,,,,,,,,,,,[]
sgsc,sgsc_single,8316500,,,,,,,,SeparateHouse,,,,,,,,0,,False,daytime_days_unspecified,,,,,LOW,,HI,,,True,,,,,,,,True,False,True,True,False,,,,,,[]
sgsc,sgsc_single,8319776,,,,,,,,SeparateHouse,,,,,,,,0,,False,daytime_days_unspecified,,,,,HI,,MED,,,True,,,,,,,,True,False,True,True,False,,,,,,[]
sgsc,sgsc_single,8320836,,,,,,,,,,,,,,,,0,,True,daytime_days_unspecified,,,,,LOW,,HI,,,True,,,,,,,,,,,,,,,,,,[]
sgsc,sgsc_single,8320852,,,,,,,,,,,,,,,,2,,True,daytime_days_unspecified,,,,,LOW,,HI,,,True,,,,,,,,,,,,,,,,,,[]
sgsc,sgsc_single,8322006,,,,,,,,,,,,,,,,1,,True,daytime_days_unspecified,,,,,NONE,,MED,,,False,,,,,,,,,,,,,,,,,,[]
sgsc,sgsc_single,8322046,,,,,,,,,,,,,,,,0,,True,daytime_days_unspecified,,,,,NONE,,HI,,,True,,,,,,,,,,,,,,,,,,[]
sgsc,sgsc_single,8326014,,,,,,,,,,,,,,,,0,,True,daytime_days_unspecified,,,,,LOW,,LOW,,,False,,,,,,,,,,,,,,,,,,[]
sgsc,sgsc_single,8326554,,,,,,,,,,,,,,,,1,,True,daytime_days_unspecified,,,,,NONE,,HI,,,True,,,,,,,,,,,,,,,,,,[]
sgsc,sgsc_single,8326600,,,,,,,,,,,,,,,,1,,True,daytime_days_unspecified,,,,,LOW,,HI,,,True,,,,,,,,,,,,,,,,,,[]
sgsc,sgsc_single,8326828,,,,,,,,,,,,,,,,0,,True,daytime_days_unspecified,,,,,LOW,,MED,,,True,,,,,,,,,,,,,,,,,,[]
sgsc,sgsc_single,8326944,,,,,,,,,,,,,,,,0,,True,daytime_days_unspecified,,,,,NONE,,NONE,,,True,,,,,,,,,,,,,,,,,,[]
sgsc,sgsc_single,8326980,,,,,,,,,,,,,,,,2,,True,daytime_days_unspecified,,,,,NONE,,MED,,,True,,,,,,,,,,,,,,,,,,[]
sgsc,sgsc_single,8329544,,,,,,,,,,,,,,,,0,,True,daytime_days_unspecified,,,,,LOW,,MED,,,True,,,,,,,,,,,,,,,,,,[]
sgsc,sgsc_single,8329596,,,,,,,,,,,,,,,,0,,True,daytime_days_unspecified,,,,,LOW,,MED,,,True,,,,,,,,,,,,,,,,,,[]
sgsc,sgsc_single,8336178,,,,,,,,SeparateHouse,,,,,,,,0,,False,daytime_days_unspecified,,,,,LOW,,HI,,,True,,,,,,,,True,False,True,True,False,,,,,,[]
sgsc,sgsc_single,8337516,,,,,,,,,,,,,,,,0,,True,daytime_days_unspecified,,,,,LOW,,HI,,,True,,,,,,,,,,,,,,,,,,[]
sgsc,sgsc_single,8338908,,,,,,,,SeparateHouse,,,,,,,,0,,False,daytime_days_unspecified,,,,,NONE,,HI,,,True,,,,,,,,True,False,True,True,False,,,,,,[]
sgsc,sgsc_single,8340952,,,,,,,,,,,,,,,,0,,True,daytime_days_unspecified,,,,,LOW,,HI,,,True,,,,,,,,,,,,,,,,,,[]
sgsc,sgsc_single,8342900,,,,,,,,,,,,,,,,1,,True,daytime_days_unspecified,,,,,HI,,MED,,,True,,,,,,,,,,,,,,,,,,[]
sgsc,sgsc_single,8342962,,,,,,,,,,,,,,,,0,,True,daytime_days_unspecified,,,,,LOW,,HI,,,True,,,,,,,,,,,,,,,,,,[]
sgsc,sgsc_single,8342982,,,,,,,,,,,,,,,,3,,True,daytime_days_unspecified,,,,,HI,,HI,,,True,,,,,,,,,,,,,,,,,,[]
sgsc,sgsc_single,8343012,,,,,,,,,,,,,,,,1,,True,daytime_days_unspecified,,,,,NONE,,HI,,,True,,,,,,,,,,,,,,,,,,[]
sgsc,sgsc_single,8343060,,,,,,,,,,,,,,,,0,,True,daytime_days_unspecified,,,,,NONE,,HI,,,True,,,,,,,,,,,,,,,,,,[]
sgsc,sgsc_single,8343084,,,,,,,,,,,,,,,,1,,True,daytime_days_unspecified,,,,,LOW,,MED,,,True,,,,,,,,,,,,,,,,,,[]
sgsc,sgsc_single,8343134,,,,,,,,,,,,,,,,0,,True,daytime_days_unspecified,,,,,MED,,MED,,,True,,,,,,,,,,,,,,,,,,[]
sgsc,sgsc_single,8345356,,,,,,,,,,,,,,,,0,,True,daytime_days_unspecified,,,,,LOW,,HI,,,True,,,,,,,,,,,,,,,,,,[]
sgsc,sgsc_single,8345716,,,,,,,,,,,,,,,,0,,True,daytime_days_unspecified,,,,,LOW,,HI,,,True,,,,,,,,,,,,,,,,,,[]
sgsc,sgsc_single,8347158,,,,,,,,,,,,,,,,0,,True,daytime_days_unspecified,,,,,NONE,,MED,,,True,,,,,,,,,,,,,,,,,,[]
sgsc,sgsc_single,8351450,,,,,,,,,,,,,,,,0,,True,daytime_days_unspecified,,,,,LOW,,NONE,,,True,,,,,,,,,,,,,,,,,,[]
sgsc,sgsc_single,8351526,,,,,,,,,,,,,,,,1,,True,daytime_days_unspecified,,,,,LOW,,MED,,,True,,,,,,,,,,,,,,,,,,[]
sgsc,sgsc_single,8351668,,,,,,,,,,,,,,,,0,,True,daytime_days_unspecified,,,,,MED,,HI,,,True,,,,,,,,,,,,,,,,,,[]
sgsc,sgsc_single,8351670,,,,,,,,,,,,,,,,3,,True,daytime_days_unspecified,,,,,LOW,,HI,,,True,,,,,,,,,,,,,,,,,,[]
sgsc,sgsc_single,8351684,,,,,,,,,,,,,,,,0,,True,daytime_days_unspecified,,,,,LOW,,MED,,,True,,,,,,,,,,,,,,,,,,[]
sgsc,sgsc_single,8351690,,,,,,,,,,,,,,,,1,,True,daytime_days_unspecified,,,,,NONE,,MED,,,True,,,,,,,,,,,,,,,,,,[]
sgsc,sgsc_single,8352954,,,,,,,,,,,,,,,,4,,True,daytime_days_unspecified,,,,,LOW,,HI,,,True,,,,,,,,,,,,,,,,,,[]
sgsc,sgsc_single,8356848,,,,,,,,,,,,,,,,2,,True,daytime_days_unspecified,,,,,LOW,,HI,,,True,,,,,,,,,,,,,,,,,,[]
sgsc,sgsc_single,8356976,,,,,,,,,,,,,,,,1,,True,daytime_days_unspecified,,,,,LOW,,HI,,,True,,,,,,,,,,,,,,,,,,[]
sgsc,sgsc_single,8356988,,,,,,,,,,,,,,,,3,,True,daytime_days_unspecified,,,,,LOW,,MED,,,True,,,,,,,,,,,,,,,,,,[]
sgsc,sgsc_single,8357494,,,,,,,,,,,,,,,,0,,True,daytime_days_unspecified,,,,,LOW,,HI,,,True,,,,,,,,,,,,,,,,,,[]
sgsc,sgsc_single,8357714,,,,,,,,,,,,,,,,3,,True,daytime_days_unspecified,,,,,LOW,,HI,,,True,,,,,,,,,,,,,,,,,,[]
sgsc,sgsc_single,8357718,,,,,,,,,,,,,,,,2,,True,daytime_days_unspecified,,,,,LOW,,HI,,,True,,,,,,,,,,,,,,,,,,[]
sgsc,sgsc_single,8358682,,,,,,,,SeparateHouse,,,,,,,,3,,False,daytime_days_unspecified,,,,,NONE,,LOW,,,False,,,,,,,,True,True,True,True,False,,,,,,[]
sgsc,sgsc_single,8359236,,,,,,,,Unit,,,,,,,,0,,False,daytime_days_unspecified,,,,,LOW,,HI,,,True,,,,,,,,False,False,False,False,False,,,,,,[]
sgsc,sgsc_single,8362598,,,,,,,,SeparateHouse,,,,,,,,0,,False,daytime_days_unspecified,,,,,MED,,MED,,,True,,,,,,,,True,False,True,False,False,,,,,,[]
sgsc,sgsc_single,8363314,,,,,,,,Unit,,,,,,,,0,,False,daytime_days_unspecified,,,,,LOW,,MED,,,True,,,,,,,,False,False,False,False,False,,,,,,[]
sgsc,sgsc_single,8363320,,,,,,,,Unit,,,,,,,,0,,False,daytime_days_unspecified,,,,,NONE,,HI,,,False,,,,,,,,False,False,False,False,False,,,,,,[]
sgsc,sgsc_single,8363852,,,,,,,,,,,,,,,,0,,True,daytime_days_unspecified,,,,,LOW,,NONE,,,True,,,,,,,,,,,,,,,,,,[]
sgsc,sgsc_single,8365404,,,,,,,,SeparateHouse,,,,,,,,0,,False,daytime_days_unspecified,,,,,LOW,,MED,,,True,,,,,,,,False,False,False,False,False,,,,,,[]
sgsc,sgsc_single,8373696,,,,,,,,,,,,,,,,1,,True,daytime_days_unspecified,,,,,MED,,MED,,,False,,,,,,,,,,,,,,,,,,[]
sgsc,sgsc_single,8373796,,,,,,,,,,,,,,,,0,,True,daytime_days_unspecified,,,,,LOW,,MED,,,True,,,,,,,,,,,,,,,,,,[]
sgsc,sgsc_single,8374644,,,,,,,,,,,,,,,,0,,True,daytime_days_unspecified,,,,,NONE,,HI,,,True,,,,,,,,,,,,,,,,,,[]
sgsc,sgsc_single,8376300,,,,,,,,,,,,,,,,2,,True,daytime_days_unspecified,,,,,LOW,,MED,,,True,,,,,,,,,,,,,,,,,,[]
sgsc,sgsc_single,8376388,,,,,,,,SeparateHouse,,,,,,,,0,,False,daytime_days_unspecified,,,,,LOW,,LOW,,,True,,,,,,,,True,False,True,True,False,,,,,,[]
sgsc,sgsc_single,8376428,,,,,,,,SeparateHouse,,,,,,,,2,,False,daytime_days_unspecified,,,,,LOW,,HI,,,True,,,,,,,,True,True,True,True,False,,,,,,[]
sgsc,sgsc_single,8376672,,,,,,,,,,,,,,,,0,,True,daytime_days_unspecified,,,,,LOW,,MED,,,True,,,,,,,,,,,,,,,,,,[]
sgsc,sgsc_single,8380734,,,,,,,,,,,,,,,,0,,True,daytime_days_unspecified,,,,,HI,,MED,,,True,,,,,,,,,,,,,,,,,,[]
sgsc,sgsc_single,8390958,,,,,,,,,,,,,,,,0,,True,daytime_days_unspecified,,,,,NONE,,MED,,,True,,,,,,,,,,,,,,,,,,[]
sgsc,sgsc_single,8390976,,,,,,,,SeparateHouse,,,,,,,,1,,False,daytime_days_unspecified,,,,,LOW,,HI,,,True,,,,,,,,True,True,True,True,False,,,,,,[]
sgsc,sgsc_single,8391298,,,,,,,,,,,,,,,,0,,True,daytime_days_unspecified,,,,,LOW,,LOW,,,True,,,,,,,,,,,,,,,,,,[]
sgsc,sgsc_single,8391336,,,,,,,,,,,,,,,,1,,True,daytime_days_unspecified,,,,,LOW,,LOW,,,True,,,,,,,,,,,,,,,,,,[]
sgsc,sgsc_single,8395446,,,,,,,,,,,,,,,,0,,True,daytime_days_unspecified,,,,,LOW,,MED,,,True,,,,,,,,,,,,,,,,,,[]
sgsc,sgsc_single,8397438,,,,,,,,SeparateHouse,,,,,,,,4,,False,daytime_days_unspecified,,,,,LOW,,MED,,,True,,,,,,,,True,True,True,True,False,,,,,,[]
sgsc,sgsc_single,8397460,,,,,,,,,,,,,,,,0,,True,daytime_days_unspecified,,,,,LOW,,NONE,,,True,,,,,,,,,,,,,,,,,,[]
sgsc,sgsc_single,8397560,,,,,,,,,,,,,,,,0,,True,daytime_days_unspecified,,,,,LOW,,HI,,,False,,,,,,,,,,,,,,,,,,[]
sgsc,sgsc_single,8397562,,,,,,,,,,,,,,,,0,,True,daytime_days_unspecified,,,,,LOW,,HI,,,True,,,,,,,,,,,,,,,,,,[]
sgsc,sgsc_single,8398396,,,,,,,,,,,,,,,,0,,True,daytime_days_unspecified,,,,,LOW,,HI,,,True,,,,,,,,,,,,,,,,,,[]
sgsc,sgsc_single,8400094,,,,,,,,,,,,,,,,1,,True,daytime_days_unspecified,,,,,NONE,,HI,,,True,,,,,,,,,,,,,,,,,,[]
sgsc,sgsc_single,8400240,,,,,,,,,,,,,,,,1,,True,daytime_days_unspecified,,,,,LOW,,MED,,,True,,,,,,,,,,,,,,,,,,[]
sgsc,sgsc_single,8400628,,,,,,,,,,,,,,,,2,,True,daytime_days_unspecified,,,,,LOW,,MED,,,True,,,,,,,,,,,,,,,,,,[]
sgsc,sgsc_single,8403082,,,,,,,,,,,,,,,,0,,True,daytime_days_unspecified,,,,,LOW,,MED,,,True,,,,,,,,,,,,,,,,,,[]
sgsc,sgsc_single,8403120,,,,,,,,,,,,,,,,0,,True,daytime_days_unspecified,,,,,LOW,,HI,,,True,,,,,,,,,,,,,,,,,,[]
sgsc,sgsc_single,8403182,,,,,,,,,,,,,,,,0,,True,daytime_days_unspecified,,,,,NONE,,HI,,,True,,,,,,,,,,,,,,,,,,[]
sgsc,sgsc_single,8408102,,,,,,,,,,,,,,,,0,,True,daytime_days_unspecified,,,,,LOW,,LOW,,,True,,,,,,,,,,,,,,,,,,[]
sgsc,sgsc_single,8408120,,,,,,,,,,,,,,,,0,,True,daytime_days_unspecified,,,,,MED,,MED,,,True,,,,,,,,,,,,,,,,,,[]
sgsc,sgsc_single,8410100,,,,,,,,Unit,,,,,,,,0,,False,daytime_days_unspecified,,,,,LOW,,MED,,,True,,,,,,,,True,False,True,False,False,,,,,,[]
sgsc,sgsc_single,8410110,,,,,,,,Unit,,,,,,,,0,,False,daytime_days_unspecified,,,,,LOW,,HI,,,True,,,,,,,,True,False,True,False,False,,,,,,[]
sgsc,sgsc_single,8410212,,,,,,,,Unit,,,,,,,,0,,False,daytime_days_unspecified,,,,,LOW,,MED,,,True,,,,,,,,True,False,True,False,False,,,,,,[]
sgsc,sgsc_single,8410290,,,,,,,,Unit,,,,,,,,0,,False,daytime_days_unspecified,,,,,NONE,,MED,,,False,,,,,,,,True,False,True,False,False,,,,,,[]
sgsc,sgsc_single,8411944,,,,,,,,,,,,,,,,1,,True,daytime_days_unspecified,,,,,LOW,,HI,,,True,,,,,,,,,,,,,,,,,,[]
sgsc,sgsc_single,8417494,,,,,,,,SeparateHouse,,,,,,,,0,,False,daytime_days_unspecified,,,,,HI,,MED,,,True,,,,,,,,False,False,False,False,False,,,,,,[]
sgsc,sgsc_single,8421202,,,,,,,,,,,,,,,,0,,True,daytime_days_unspecified,,,,,LOW,,MED,,,True,,,,,,,,,,,,,,,,,,[]
sgsc,sgsc_single,8421832,,,,,,,,,,,,,,,,0,,True,daytime_days_unspecified,,,,,LOW,,HI,,,True,,,,,,,,,,,,,,,,,,[]
sgsc,sgsc_single,8423824,,,,,,,,Unit,,,,,,,,0,,False,daytime_days_unspecified,,,,,LOW,,LOW,,,True,,,,,,,,True,False,True,True,True,,,,,,[]
sgsc,sgsc_single,8423864,,,,,,,,Unit,,,,,,,,2,,False,daytime_days_unspecified,,,,,MED,,MED,,,True,,,,,,,,True,True,False,True,False,,,,,,[]
sgsc,sgsc_single,8425222,,,,,,,,,,,,,,,,0,,True,daytime_days_unspecified,,,,,MED,,LOW,,,True,,,,,,,,,,,,,,,,,,[]
sgsc,sgsc_single,8425774,,,,,,,,,,,,,,,,0,,True,daytime_days_unspecified,,,,,NONE,,NONE,,,True,,,,,,,,,,,,,,,,,,[]
sgsc,sgsc_single,8429328,,,,,,,,SeparateHouse,,,,,,,,0,,False,daytime_days_unspecified,,,,,LOW,,MED,,,True,,,,,,,,False,False,False,False,False,,,,,,[]
sgsc,sgsc_single,8429820,,,,,,,,SeparateHouse,,,,,,,,0,,False,daytime_days_unspecified,,,,,LOW,,HI,,,True,,,,,,,,False,False,False,False,False,,,,,,[]
sgsc,sgsc_single,8430054,,,,,,,,,,,,,,,,1,,True,daytime_days_unspecified,,,,,LOW,,LOW,,,True,,,,,,,,,,,,,,,,,,[]
sgsc,sgsc_single,8431024,,,,,,,,,,,,,,,,2,,True,daytime_days_unspecified,,,,,LOW,,MED,,,True,,,,,,,,,,,,,,,,,,[]
sgsc,sgsc_single,8431322,,,,,,,,,,,,,,,,0,,True,daytime_days_unspecified,,,,,NONE,,HI,,,True,,,,,,,,,,,,,,,,,,[]
sgsc,sgsc_single,8431346,,,,,,,,SeparateHouse,,,,,,,,0,,False,daytime_days_unspecified,,,,,LOW,,HI,,,False,,,,,,,,False,False,False,False,False,,,,,,[]
sgsc,sgsc_single,8431470,,,,,,,,SeparateHouse,,,,,,,,0,,False,daytime_days_unspecified,,,,,LOW,,HI,,,True,,,,,,,,False,False,False,False,False,,,,,,[]
sgsc,sgsc_single,8432068,,,,,,,,,,,,,,,,0,,True,daytime_days_unspecified,,,,,LOW,,HI,,,True,,,,,,,,,,,,,,,,,,[]
sgsc,sgsc_single,8433030,,,,,,,,,,,,,,,,0,,True,daytime_days_unspecified,,,,,NONE,,MED,,,True,,,,,,,,,,,,,,,,,,[]
sgsc,sgsc_single,8435101,,,,,,,,,,,,,,,,1,,True,daytime_days_unspecified,,,,,LOW,,MED,,,True,,,,,,,,,,,,,,,,,,[]
sgsc,sgsc_single,8436711,,,,,,,,SeparateHouse,,,,,,,,0,,False,daytime_days_unspecified,,,,,LOW,,MED,,,True,,,,,,,,False,False,False,False,False,,,,,,[]
sgsc,sgsc_single,8439097,,,,,,,,SeparateHouse,,,,,,,,0,,False,daytime_days_unspecified,,,,,NONE,,HI,,,False,,,,,,,,True,False,False,True,False,,,,,,[]
sgsc,sgsc_single,8440811,,,,,,,,,,,,,,,,0,,True,daytime_days_unspecified,,,,,LOW,,MED,,,True,,,,,,,,,,,,,,,,,,[]
sgsc,sgsc_single,8440825,,,,,,,,,,,,,,,,0,,True,daytime_days_unspecified,,,,,LOW,,NONE,,,True,,,,,,,,,,,,,,,,,,[]
sgsc,sgsc_single,8440831,,,,,,,,,,,,,,,,0,,True,daytime_days_unspecified,,,,,HI,,LOW,,,True,,,,,,,,,,,,,,,,,,[]
sgsc,sgsc_single,8442415,,,,,,,,,,,,,,,,0,,True,daytime_days_unspecified,,,,,NONE,,HI,,,True,,,,,,,,,,,,,,,,,,[]
sgsc,sgsc_single,8442495,,,,,,,,,,,,,,,,0,,True,daytime_days_unspecified,,,,,MED,,MED,,,True,,,,,,,,,,,,,,,,,,[]
sgsc,sgsc_single,8444411,,,,,,,,,,,,,,,,2,,True,daytime_days_unspecified,,,,,LOW,,HI,,,True,,,,,,,,,,,,,,,,,,[]
sgsc,sgsc_single,8446479,,,,,,,,,,,,,,,,0,,True,daytime_days_unspecified,,,,,LOW,,HI,,,True,,,,,,,,,,,,,,,,,,[]
sgsc,sgsc_single,8446553,,,,,,,,SeparateHouse,,,,,,,,0,,False,daytime_days_unspecified,,,,,LOW,,HI,,,True,,,,,,,,True,False,False,True,False,,,,,,[]
sgsc,sgsc_single,8447235,,,,,,,,,,,,,,,,0,,True,daytime_days_unspecified,,,,,NONE,,HI,,,True,,,,,,,,,,,,,,,,,,[]
sgsc,sgsc_single,8448885,,,,,,,,,,,,,,,,0,,True,daytime_days_unspecified,,,,,MED,,HI,,,True,,,,,,,,,,,,,,,,,,[]
sgsc,sgsc_single,8448887,,,,,,,,,,,,,,,,0,,True,daytime_days_unspecified,,,,,LOW,,HI,,,False,,,,,,,,,,,,,,,,,,[]
sgsc,sgsc_single,8448949,,,,,,,,,,,,,,,,0,,True,daytime_days_unspecified,,,,,LOW,,HI,,,True,,,,,,,,,,,,,,,,,,[]
sgsc,sgsc_single,8451253,,,,,,,,,,,,,,,,0,,True,daytime_days_unspecified,,,,,MED,,HI,,,True,,,,,,,,,,,,,,,,,,[]
sgsc,sgsc_single,8454015,,,,,,,,,,,,,,,,0,,True,daytime_days_unspecified,,,,,LOW,,MED,,,True,,,,,,,,,,,,,,,,,,[]
sgsc,sgsc_single,8455047,,,,,,,,SeparateHouse,,,,,,,,0,,False,daytime_days_unspecified,,,,,NONE,,MED,,,False,,,,,,,,True,False,False,False,False,,,,,,[]
sgsc,sgsc_single,8455845,,,,,,,,SeparateHouse,,,,,,,,1,,False,daytime_days_unspecified,,,,,NONE,,LOW,,,True,,,,,,,,True,True,True,True,False,,,,,,[]
sgsc,sgsc_single,8456811,,,,,,,,,,,,,,,,0,,True,daytime_days_unspecified,,,,,LOW,,HI,,,True,,,,,,,,,,,,,,,,,,[]
sgsc,sgsc_single,8457517,,,,,,,,,,,,,,,,0,,True,daytime_days_unspecified,,,,,NONE,,MED,,,True,,,,,,,,,,,,,,,,,,[]
sgsc,sgsc_single,8458259,,,,,,,,SeparateHouse,,,,,,,,0,,False,daytime_days_unspecified,,,,,LOW,,MED,,,True,,,,,,,,True,False,True,True,False,,,,,,[]
sgsc,sgsc_single,8458557,,,,,,,,SeparateHouse,,,,,,,,5,,False,daytime_days_unspecified,,,,,LOW,,MED,,,True,,,,,,,,True,True,True,True,False,,,,,,[]
sgsc,sgsc_single,8458835,,,,,,,,,,,,,,,,1,,True,daytime_days_unspecified,,,,,LOW,,HI,,,True,,,,,,,,,,,,,,,,,,[]
sgsc,sgsc_single,8459889,,,,,,,,,,,,,,,,1,,True,daytime_days_unspecified,,,,,LOW,,HI,,,False,,,,,,,,,,,,,,,,,,[]
sgsc,sgsc_single,8459991,,,,,,,,,,,,,,,,0,,True,daytime_days_unspecified,,,,,LOW,,HI,,,True,,,,,,,,,,,,,,,,,,[]
sgsc,sgsc_single,8460055,,,,,,,,,,,,,,,,1,,True,daytime_days_unspecified,,,,,LOW,,HI,,,True,,,,,,,,,,,,,,,,,,[]
sgsc,sgsc_single,8461839,,,,,,,,,,,,,,,,2,,True,daytime_days_unspecified,,,,,LOW,,MED,,,True,,,,,,,,,,,,,,,,,,[]
sgsc,sgsc_single,8463165,,,,,,,,,,,,,,,,0,,True,daytime_days_unspecified,,,,,LOW,,HI,,,True,,,,,,,,,,,,,,,,,,[]
sgsc,sgsc_single,8463227,,,,,,,,,,,,,,,,0,,True,daytime_days_unspecified,,,,,NONE,,NONE,,,True,,,,,,,,,,,,,,,,,,[]
sgsc,sgsc_single,8463235,,,,,,,,,,,,,,,,0,,True,daytime_days_unspecified,,,,,MED,,MED,,,True,,,,,,,,,,,,,,,,,,[]
sgsc,sgsc_single,8463723,,,,,,,,,,,,,,,,0,,True,daytime_days_unspecified,,,,,NONE,,HI,,,True,,,,,,,,,,,,,,,,,,[]
sgsc,sgsc_single,8471497,,,,,,,,,,,,,,,,1,,True,daytime_days_unspecified,,,,,LOW,,HI,,,True,,,,,,,,,,,,,,,,,,[]
sgsc,sgsc_single,8473647,,,,,,,,,,,,,,,,0,,True,daytime_days_unspecified,,,,,LOW,,HI,,,True,,,,,,,,,,,,,,,,,,[]
sgsc,sgsc_single,8473763,,,,,,,,,,,,,,,,0,,True,daytime_days_unspecified,,,,,LOW,,HI,,,False,,,,,,,,,,,,,,,,,,[]
sgsc,sgsc_single,8476739,,,,,,,,,,,,,,,,3,,True,daytime_days_unspecified,,,,,NONE,,HI,,,True,,,,,,,,,,,,,,,,,,[]
sgsc,sgsc_single,8477111,,,,,,,,,,,,,,,,0,,True,daytime_days_unspecified,,,,,MED,,LOW,,,True,,,,,,,,,,,,,,,,,,[]
sgsc,sgsc_single,8477815,,,,,,,,SeparateHouse,,,,,,,,0,,False,daytime_days_unspecified,,,,,LOW,,NONE,,,True,,,,,,,,False,False,False,False,False,,,,,,[]
sgsc,sgsc_single,8477817,,,,,,,,SeparateHouse,,,,,,,,0,,False,daytime_days_unspecified,,,,,LOW,,HI,,,True,,,,,,,,True,False,True,True,False,,,,,,[]
sgsc,sgsc_single,8478569,,,,,,,,Unit,,,,,,,,0,,False,daytime_days_unspecified,,,,,NONE,,HI,,,False,,,,,,,,True,False,True,False,False,,,,,,[]
sgsc,sgsc_single,8481851,,,,,,,,Unit,,,,,,,,0,,False,daytime_days_unspecified,,,,,NONE,,MED,,,True,,,,,,,,False,False,False,False,False,,,,,,[]
sgsc,sgsc_single,8482271,,,,,,,,SeparateHouse,,,,,,,,0,,False,daytime_days_unspecified,,,,,LOW,,HI,,,True,,,,,,,,True,False,True,False,False,,,,,,[]
sgsc,sgsc_single,8485365,,,,,,,,SeparateHouse,,,,,,,,0,,False,daytime_days_unspecified,,,,,MED,,LOW,,,False,,,,,,,,False,False,False,False,False,,,,,,[]
sgsc,sgsc_single,8485407,,,,,,,,,,,,,,,,0,,True,daytime_days_unspecified,,,,,LOW,,HI,,,True,,,,,,,,,,,,,,,,,,[]
sgsc,sgsc_single,8485409,,,,,,,,,,,,,,,,0,,True,daytime_days_unspecified,,,,,NONE,,MED,,,True,,,,,,,,,,,,,,,,,,[]
sgsc,sgsc_single,8485543,,,,,,,,,,,,,,,,2,,True,daytime_days_unspecified,,,,,LOW,,MED,,,True,,,,,,,,,,,,,,,,,,[]
sgsc,sgsc_single,8486583,,,,,,,,,,,,,,,,2,,True,daytime_days_unspecified,,,,,MED,,HI,,,True,,,,,,,,,,,,,,,,,,[]
sgsc,sgsc_single,8486809,,,,,,,,,,,,,,,,2,,True,daytime_days_unspecified,,,,,NONE,,LOW,,,True,,,,,,,,,,,,,,,,,,[]
sgsc,sgsc_single,8486929,,,,,,,,,,,,,,,,0,,True,daytime_days_unspecified,,,,,NONE,,HI,,,True,,,,,,,,,,,,,,,,,,[]
sgsc,sgsc_single,8486979,,,,,,,,,,,,,,,,0,,True,daytime_days_unspecified,,,,,LOW,,HI,,,False,,,,,,,,,,,,,,,,,,[]
sgsc,sgsc_single,8487297,,,,,,,,,,,,,,,,0,,True,daytime_days_unspecified,,,,,LOW,,MED,,,True,,,,,,,,,,,,,,,,,,[]
sgsc,sgsc_single,8487925,,,,,,,,,,,,,,,,1,,True,daytime_days_unspecified,,,,,NONE,,MED,,,False,,,,,,,,,,,,,,,,,,[]
sgsc,sgsc_single,8489878,,,,,,,,,,,,,,,,0,,True,daytime_days_unspecified,,,,,LOW,,HI,,,True,,,,,,,,,,,,,,,,,,[]
sgsc,sgsc_single,8492368,,,,,,,,SeparateHouse,,,,,,,,1,,False,daytime_days_unspecified,,,,,NONE,,LOW,,,True,,,,,,,,True,True,True,True,False,,,,,,[]
sgsc,sgsc_single,8493436,,,,,,,,,,,,,,,,1,,True,daytime_days_unspecified,,,,,LOW,,MED,,,True,,,,,,,,,,,,,,,,,,[]
sgsc,sgsc_single,8493694,,,,,,,,,,,,,,,,0,,True,daytime_days_unspecified,,,,,MED,,MED,,,True,,,,,,,,,,,,,,,,,,[]
sgsc,sgsc_single,8495198,,,,,,,,SeparateHouse,,,,,,,,1,,False,daytime_days_unspecified,,,,,LOW,,MED,,,True,,,,,,,,True,True,True,True,False,,,,,,[]
sgsc,sgsc_single,8505688,,,,,,,,SeparateHouse,,,,,,,,1,,False,daytime_days_unspecified,,,,,LOW,,HI,,,True,,,,,,,,True,True,True,True,False,,,,,,[]
sgsc,sgsc_single,8505740,,,,,,,,,,,,,,,,0,,True,daytime_days_unspecified,,,,,NONE,,HI,,,True,,,,,,,,,,,,,,,,,,[]
sgsc,sgsc_single,8507258,,,,,,,,,,,,,,,,2,,True,daytime_days_unspecified,,,,,LOW,,MED,,,False,,,,,,,,,,,,,,,,,,[]
sgsc,sgsc_single,8507674,,,,,,,,,,,,,,,,0,,True,daytime_days_unspecified,,,,,NONE,,MED,,,True,,,,,,,,,,,,,,,,,,[]
sgsc,sgsc_single,8507966,,,,,,,,,,,,,,,,1,,True,daytime_days_unspecified,,,,,MED,,LOW,,,True,,,,,,,,,,,,,,,,,,[]
sgsc,sgsc_single,8508416,,,,,,,,,,,,,,,,0,,True,daytime_days_unspecified,,,,,LOW,,HI,,,True,,,,,,,,,,,,,,,,,,[]
sgsc,sgsc_single,8508482,,,,,,,,,,,,,,,,0,,True,daytime_days_unspecified,,,,,LOW,,HI,,,True,,,,,,,,,,,,,,,,,,[]
sgsc,sgsc_single,8509960,,,,,,,,,,,,,,,,0,,True,daytime_days_unspecified,,,,,NONE,,MED,,,True,,,,,,,,,,,,,,,,,,[]
sgsc,sgsc_single,8510132,,,,,,,,,,,,,,,,3,,True,daytime_days_unspecified,,,,,NONE,,HI,,,True,,,,,,,,,,,,,,,,,,[]
sgsc,sgsc_single,8510378,,,,,,,,,,,,,,,,1,,True,daytime_days_unspecified,,,,,MED,,HI,,,True,,,,,,,,,,,,,,,,,,[]
sgsc,sgsc_single,8510434,,,,,,,,,,,,,,,,1,,True,daytime_days_unspecified,,,,,MED,,HI,,,True,,,,,,,,,,,,,,,,,,[]
sgsc,sgsc_single,8510522,,,,,,,,,,,,,,,,0,,True,daytime_days_unspecified,,,,,NONE,,HI,,,True,,,,,,,,,,,,,,,,,,[]
sgsc,sgsc_single,8510696,,,,,,,,,,,,,,,,0,,True,daytime_days_unspecified,,,,,MED,,HI,,,False,,,,,,,,,,,,,,,,,,[]
sgsc,sgsc_single,8510734,,,,,,,,,,,,,,,,0,,True,daytime_days_unspecified,,,,,MED,,NONE,,,True,,,,,,,,,,,,,,,,,,[]
sgsc,sgsc_single,8513362,,,,,,,,,,,,,,,,0,,True,daytime_days_unspecified,,,,,NONE,,HI,,,True,,,,,,,,,,,,,,,,,,[]
sgsc,sgsc_single,8514086,,,,,,,,,,,,,,,,0,,True,daytime_days_unspecified,,,,,LOW,,MED,,,True,,,,,,,,,,,,,,,,,,[]
sgsc,sgsc_single,8514320,,,,,,,,,,,,,,,,0,,True,daytime_days_unspecified,,,,,NONE,,NONE,,,False,,,,,,,,,,,,,,,,,,[]
sgsc,sgsc_single,8514550,,,,,,,,SeparateHouse,,,,,,,,0,,False,daytime_days_unspecified,,,,,LOW,,HI,,,True,,,,,,,,True,False,True,True,False,,,,,,[]
sgsc,sgsc_single,8514922,,,,,,,,SeparateHouse,,,,,,,,1,,False,daytime_days_unspecified,,,,,MED,,HI,,,True,,,,,,,,True,True,True,True,False,,,,,,[]
sgsc,sgsc_single,8515502,,,,,,,,,,,,,,,,2,,True,daytime_days_unspecified,,,,,LOW,,HI,,,True,,,,,,,,,,,,,,,,,,[]
sgsc,sgsc_single,8515582,,,,,,,,,,,,,,,,3,,True,daytime_days_unspecified,,,,,LOW,,HI,,,True,,,,,,,,,,,,,,,,,,[]
sgsc,sgsc_single,8515956,,,,,,,,SeparateHouse,,,,,,,,0,,False,daytime_days_unspecified,,,,,NONE,,HI,,,True,,,,,,,,True,False,True,True,False,,,,,,[]
sgsc,sgsc_single,8516022,,,,,,,,,,,,,,,,0,,True,daytime_days_unspecified,,,,,LOW,,NONE,,,True,,,,,,,,,,,,,,,,,,[]
sgsc,sgsc_single,8516228,,,,,,,,,,,,,,,,0,,True,daytime_days_unspecified,,,,,LOW,,HI,,,True,,,,,,,,,,,,,,,,,,[]
sgsc,sgsc_single,8518840,,,,,,,,,,,,,,,,1,,True,daytime_days_unspecified,,,,,HI,,MED,,,True,,,,,,,,,,,,,,,,,,[]
sgsc,sgsc_single,8519066,,,,,,,,,,,,,,,,0,,True,daytime_days_unspecified,,,,,LOW,,HI,,,True,,,,,,,,,,,,,,,,,,[]
sgsc,sgsc_single,8519092,,,,,,,,,,,,,,,,2,,True,daytime_days_unspecified,,,,,LOW,,HI,,,False,,,,,,,,,,,,,,,,,,[]
sgsc,sgsc_single,8519116,,,,,,,,,,,,,,,,3,,True,daytime_days_unspecified,,,,,LOW,,LOW,,,True,,,,,,,,,,,,,,,,,,[]
sgsc,sgsc_single,8519744,,,,,,,,,,,,,,,,0,,True,daytime_days_unspecified,,,,,LOW,,HI,,,True,,,,,,,,,,,,,,,,,,[]
sgsc,sgsc_single,8520340,,,,,,,,SeparateHouse,,,,,,,,0,,False,daytime_days_unspecified,,,,,LOW,,MED,,,True,,,,,,,,True,False,True,True,False,,,,,,[]
sgsc,sgsc_single,8520372,,,,,,,,,,,,,,,,0,,True,daytime_days_unspecified,,,,,LOW,,HI,,,True,,,,,,,,,,,,,,,,,,[]
sgsc,sgsc_single,8520592,,,,,,,,,,,,,,,,1,,True,daytime_days_unspecified,,,,,NONE,,MED,,,True,,,,,,,,,,,,,,,,,,[]
sgsc,sgsc_single,8520744,,,,,,,,,,,,,,,,1,,True,daytime_days_unspecified,,,,,LOW,,MED,,,False,,,,,,,,,,,,,,,,,,[]
sgsc,sgsc_single,8521208,,,,,,,,SeparateHouse,,,,,,,,2,,False,daytime_days_unspecified,,,,,HI,,HI,,,True,,,,,,,,True,True,True,True,False,,,,,,[]
sgsc,sgsc_single,8521222,,,,,,,,,,,,,,,,2,,True,daytime_days_unspecified,,,,,MED,,HI,,,True,,,,,,,,,,,,,,,,,,[]
sgsc,sgsc_single,8521276,,,,,,,,,,,,,,,,1,,True,daytime_days_unspecified,,,,,LOW,,HI,,,True,,,,,,,,,,,,,,,,,,[]
sgsc,sgsc_single,8521384,,,,,,,,,,,,,,,,0,,True,daytime_days_unspecified,,,,,LOW,,HI,,,True,,,,,,,,,,,,,,,,,,[]
sgsc,sgsc_single,8521428,,,,,,,,,,,,,,,,2,,True,daytime_days_unspecified,,,,,HI,,HI,,,True,,,,,,,,,,,,,,,,,,[]
sgsc,sgsc_single,8522400,,,,,,,,,,,,,,,,0,,True,daytime_days_unspecified,,,,,NONE,,MED,,,False,,,,,,,,,,,,,,,,,,[]
sgsc,sgsc_single,8522714,,,,,,,,SeparateHouse,,,,,,,,0,,False,daytime_days_unspecified,,,,,HI,,MED,,,True,,,,,,,,True,False,True,True,False,,,,,,[]
sgsc,sgsc_single,8524458,,,,,,,,,,,,,,,,0,,True,daytime_days_unspecified,,,,,NONE,,HI,,,False,,,,,,,,,,,,,,,,,,[]
sgsc,sgsc_single,8524464,,,,,,,,SeparateHouse,,,,,,,,3,,False,daytime_days_unspecified,,,,,LOW,,MED,,,True,,,,,,,,True,True,False,True,False,,,,,,[]
sgsc,sgsc_single,8524470,,,,,,,,,,,,,,,,0,,True,daytime_days_unspecified,,,,,HI,,MED,,,True,,,,,,,,,,,,,,,,,,[]
sgsc,sgsc_single,8524474,,,,,,,,,,,,,,,,0,,True,daytime_days_unspecified,,,,,MED,,HI,,,False,,,,,,,,,,,,,,,,,,[]
sgsc,sgsc_single,8524532,,,,,,,,,,,,,,,,0,,True,daytime_days_unspecified,,,,,MED,,HI,,,True,,,,,,,,,,,,,,,,,,[]
sgsc,sgsc_single,8524546,,,,,,,,,,,,,,,,0,,True,daytime_days_unspecified,,,,,HI,,HI,,,True,,,,,,,,,,,,,,,,,,[]
sgsc,sgsc_single,8524574,,,,,,,,,,,,,,,,0,,True,daytime_days_unspecified,,,,,NONE,,HI,,,False,,,,,,,,,,,,,,,,,,[]
sgsc,sgsc_single,8524684,,,,,,,,,,,,,,,,0,,True,daytime_days_unspecified,,,,,NONE,,MED,,,True,,,,,,,,,,,,,,,,,,[]
sgsc,sgsc_single,8525820,,,,,,,,,,,,,,,,1,,True,daytime_days_unspecified,,,,,MED,,MED,,,True,,,,,,,,,,,,,,,,,,[]
sgsc,sgsc_single,8525918,,,,,,,,,,,,,,,,1,,True,daytime_days_unspecified,,,,,LOW,,MED,,,True,,,,,,,,,,,,,,,,,,[]
sgsc,sgsc_single,8525958,,,,,,,,,,,,,,,,0,,True,daytime_days_unspecified,,,,,NONE,,MED,,,False,,,,,,,,,,,,,,,,,,[]
sgsc,sgsc_single,8526100,,,,,,,,,,,,,,,,0,,True,daytime_days_unspecified,,,,,LOW,,HI,,,True,,,,,,,,,,,,,,,,,,[]
sgsc,sgsc_single,8526238,,,,,,,,,,,,,,,,1,,True,daytime_days_unspecified,,,,,LOW,,HI,,,False,,,,,,,,,,,,,,,,,,[]
sgsc,sgsc_single,8528286,,,,,,,,,,,,,,,,0,,True,daytime_days_unspecified,,,,,LOW,,MED,,,True,,,,,,,,,,,,,,,,,,[]
sgsc,sgsc_single,8529256,,,,,,,,,,,,,,,,0,,True,daytime_days_unspecified,,,,,LOW,,HI,,,True,,,,,,,,,,,,,,,,,,[]
sgsc,sgsc_single,8529994,,,,,,,,,,,,,,,,0,,True,daytime_days_unspecified,,,,,NONE,,MED,,,False,,,,,,,,,,,,,,,,,,[]
sgsc,sgsc_single,8531426,,,,,,,,SeparateHouse,,,,,,,,0,,False,daytime_days_unspecified,,,,,LOW,,HI,,,True,,,,,,,,False,False,False,False,False,,,,,,[]
sgsc,sgsc_single,8531428,,,,,,,,SeparateHouse,,,,,,,,0,,False,daytime_days_unspecified,,,,,LOW,,MED,,,False,,,,,,,,False,False,False,False,False,,,,,,[]
sgsc,sgsc_single,8533938,,,,,,,,SeparateHouse,,,,,,,,0,,False,daytime_days_unspecified,,,,,LOW,,MED,,,True,,,,,,,,False,False,False,False,False,,,,,,[]
sgsc,sgsc_single,8535682,,,,,,,,SeparateHouse,,,,,,,,2,,False,daytime_days_unspecified,,,,,LOW,,MED,,,True,,,,,,,,True,True,True,True,False,,,,,,[]
sgsc,sgsc_single,8535776,,,,,,,,,,,,,,,,0,,True,daytime_days_unspecified,,,,,LOW,,MED,,,True,,,,,,,,,,,,,,,,,,[]
sgsc,sgsc_single,8541030,,,,,,,,SeparateHouse,,,,,,,,2,,False,daytime_days_unspecified,,,,,LOW,,HI,,,True,,,,,,,,True,True,True,True,False,,,,,,[]
sgsc,sgsc_single,8541052,,,,,,,,,,,,,,,,1,,True,daytime_days_unspecified,,,,,LOW,,MED,,,True,,,,,,,,,,,,,,,,,,[]
sgsc,sgsc_single,8541068,,,,,,,,,,,,,,,,5,,True,daytime_days_unspecified,,,,,LOW,,HI,,,True,,,,,,,,,,,,,,,,,,[]
sgsc,sgsc_single,8541136,,,,,,,,,,,,,,,,1,,True,daytime_days_unspecified,,,,,LOW,,HI,,,True,,,,,,,,,,,,,,,,,,[]
sgsc,sgsc_single,8541470,,,,,,,,SeparateHouse,,,,,,,,0,,False,daytime_days_unspecified,,,,,LOW,,MED,,,True,,,,,,,,True,False,True,True,False,,,,,,[]
sgsc,sgsc_single,8541534,,,,,,,,,,,,,,,,0,,True,daytime_days_unspecified,,,,,LOW,,NONE,,,True,,,,,,,,,,,,,,,,,,[]
sgsc,sgsc_single,8541698,,,,,,,,SeparateHouse,,,,,,,,0,,False,daytime_days_unspecified,,,,,NONE,,MED,,,True,,,,,,,,True,False,True,True,False,,,,,,[]
sgsc,sgsc_single,8542386,,,,,,,,SeparateHouse,,,,,,,,2,,False,daytime_days_unspecified,,,,,LOW,,HI,,,True,,,,,,,,True,True,True,True,False,,,,,,[]
sgsc,sgsc_single,8542434,,,,,,,,,,,,,,,,2,,True,daytime_days_unspecified,,,,,LOW,,MED,,,True,,,,,,,,,,,,,,,,,,[]
sgsc,sgsc_single,8542610,,,,,,,,,,,,,,,,0,,True,daytime_days_unspecified,,,,,LOW,,HI,,,True,,,,,,,,,,,,,,,,,,[]
sgsc,sgsc_single,8547164,,,,,,,,SeparateHouse,,,,,,,,6,,False,daytime_days_unspecified,,,,,MED,,HI,,,True,,,,,,,,True,True,True,True,False,,,,,,[]
sgsc,sgsc_single,8549904,,,,,,,,Unit,,,,,,,,0,,False,daytime_days_unspecified,,,,,LOW,,LOW,,,False,,,,,,,,True,False,True,True,False,,,,,,[]
sgsc,sgsc_single,8561961,,,,,,,,,,,,,,,,1,,True,daytime_days_unspecified,,,,,LOW,,LOW,,,True,,,,,,,,,,,,,,,,,,[]
sgsc,sgsc_single,8563975,,,,,,,,,,,,,,,,0,,True,daytime_days_unspecified,,,,,LOW,,HI,,,True,,,,,,,,,,,,,,,,,,[]
sgsc,sgsc_single,8564223,,,,,,,,,,,,,,,,0,,True,daytime_days_unspecified,,,,,MED,,MED,,,True,,,,,,,,,,,,,,,,,,[]
sgsc,sgsc_single,8565577,,,,,,,,,,,,,,,,0,,True,daytime_days_unspecified,,,,,LOW,,HI,,,True,,,,,,,,,,,,,,,,,,[]
sgsc,sgsc_single,8566047,,,,,,,,,,,,,,,,0,,True,daytime_days_unspecified,,,,,HI,,MED,,,True,,,,,,,,,,,,,,,,,,[]
sgsc,sgsc_single,8566177,,,,,,,,,,,,,,,,1,,True,daytime_days_unspecified,,,,,NONE,,HI,,,True,,,,,,,,,,,,,,,,,,[]
sgsc,sgsc_single,8568251,,,,,,,,,,,,,,,,2,,True,daytime_days_unspecified,,,,,LOW,,HI,,,True,,,,,,,,,,,,,,,,,,[]
sgsc,sgsc_single,8571105,,,,,,,,Unit,,,,,,,,1,,False,daytime_days_unspecified,,,,,MED,,HI,,,False,,,,,,,,True,True,True,True,False,,,,,,[]
sgsc,sgsc_single,8573089,,,,,,,,SeparateHouse,,,,,,,,0,,False,daytime_days_unspecified,,,,,MED,,HI,,,True,,,,,,,,False,False,False,False,False,,,,,,[]
sgsc,sgsc_single,8573173,,,,,,,,SeparateHouse,,,,,,,,0,,False,daytime_days_unspecified,,,,,MED,,HI,,,False,,,,,,,,False,False,False,False,False,,,,,,[]
sgsc,sgsc_single,8573803,,,,,,,,,,,,,,,,0,,True,daytime_days_unspecified,,,,,LOW,,HI,,,True,,,,,,,,,,,,,,,,,,[]
sgsc,sgsc_single,8579037,,,,,,,,Unit,,,,,,,,0,,False,daytime_days_unspecified,,,,,NONE,,MED,,,False,,,,,,,,False,False,False,False,False,,,,,,[]
sgsc,sgsc_single,8579981,,,,,,,,,,,,,,,,1,,True,daytime_days_unspecified,,,,,MED,,MED,,,True,,,,,,,,,,,,,,,,,,[]
sgsc,sgsc_single,8580423,,,,,,,,,,,,,,,,1,,True,daytime_days_unspecified,,,,,LOW,,MED,,,True,,,,,,,,,,,,,,,,,,[]
sgsc,sgsc_single,8582069,,,,,,,,,,,,,,,,1,,True,daytime_days_unspecified,,,,,LOW,,LOW,,,True,,,,,,,,,,,,,,,,,,[]
sgsc,sgsc_single,8583903,,,,,,,,,,,,,,,,2,,True,daytime_days_unspecified,,,,,NONE,,NONE,,,True,,,,,,,,,,,,,,,,,,[]
sgsc,sgsc_single,8584387,,,,,,,,SeparateHouse,,,,,,,,0,,False,daytime_days_unspecified,,,,,LOW,,LOW,,,True,,,,,,,,True,False,True,False,False,,,,,,[]
sgsc,sgsc_single,8586984,,,,,,,,,,,,,,,,2,,True,daytime_days_unspecified,,,,,LOW,,MED,,,False,,,,,,,,,,,,,,,,,,[]
sgsc,sgsc_single,8587018,,,,,,,,,,,,,,,,1,,True,daytime_days_unspecified,,,,,NONE,,HI,,,True,,,,,,,,,,,,,,,,,,[]
sgsc,sgsc_single,8587352,,,,,,,,,,,,,,,,0,,True,daytime_days_unspecified,,,,,LOW,,MED,,,True,,,,,,,,,,,,,,,,,,[]
sgsc,sgsc_single,8590566,,,,,,,,,,,,,,,,1,,True,daytime_days_unspecified,,,,,NONE,,MED,,,True,,,,,,,,,,,,,,,,,,[]
sgsc,sgsc_single,8590688,,,,,,,,,,,,,,,,0,,True,daytime_days_unspecified,,,,,HI,,MED,,,True,,,,,,,,,,,,,,,,,,[]
sgsc,sgsc_single,8592170,,,,,,,,,,,,,,,,0,,True,daytime_days_unspecified,,,,,MED,,MED,,,True,,,,,,,,,,,,,,,,,,[]
sgsc,sgsc_single,8592758,,,,,,,,,,,,,,,,0,,True,daytime_days_unspecified,,,,,LOW,,HI,,,True,,,,,,,,,,,,,,,,,,[]
sgsc,sgsc_single,8592858,,,,,,,,,,,,,,,,0,,True,daytime_days_unspecified,,,,,NONE,,HI,,,True,,,,,,,,,,,,,,,,,,[]
sgsc,sgsc_single,8595410,,,,,,,,,,,,,,,,0,,True,daytime_days_unspecified,,,,,LOW,,HI,,,False,,,,,,,,,,,,,,,,,,[]
sgsc,sgsc_single,8597388,,,,,,,,,,,,,,,,0,,True,daytime_days_unspecified,,,,,NONE,,MED,,,False,,,,,,,,,,,,,,,,,,[]
sgsc,sgsc_single,8597418,,,,,,,,,,,,,,,,0,,True,daytime_days_unspecified,,,,,MED,,HI,,,True,,,,,,,,,,,,,,,,,,[]
sgsc,sgsc_single,8597434,,,,,,,,,,,,,,,,1,,True,daytime_days_unspecified,,,,,LOW,,HI,,,True,,,,,,,,,,,,,,,,,,[]
sgsc,sgsc_single,8597442,,,,,,,,,,,,,,,,0,,True,daytime_days_unspecified,,,,,NONE,,HI,,,True,,,,,,,,,,,,,,,,,,[]
sgsc,sgsc_single,8597878,,,,,,,,,,,,,,,,1,,True,daytime_days_unspecified,,,,,NONE,,HI,,,True,,,,,,,,,,,,,,,,,,[]
sgsc,sgsc_single,8597906,,,,,,,,,,,,,,,,0,,True,daytime_days_unspecified,,,,,NONE,,MED,,,True,,,,,,,,,,,,,,,,,,[]
sgsc,sgsc_single,8598194,,,,,,,,,,,,,,,,1,,True,daytime_days_unspecified,,,,,LOW,,HI,,,True,,,,,,,,,,,,,,,,,,[]
sgsc,sgsc_single,8599462,,,,,,,,,,,,,,,,0,,True,daytime_days_unspecified,,,,,NONE,,HI,,,False,,,,,,,,,,,,,,,,,,[]
sgsc,sgsc_single,8601944,,,,,,,,,,,,,,,,3,,True,daytime_days_unspecified,,,,,NONE,,HI,,,True,,,,,,,,,,,,,,,,,,[]
sgsc,sgsc_single,8602764,,,,,,,,,,,,,,,,1,,True,daytime_days_unspecified,,,,,LOW,,MED,,,True,,,,,,,,,,,,,,,,,,[]
sgsc,sgsc_single,8602782,,,,,,,,,,,,,,,,4,,True,daytime_days_unspecified,,,,,LOW,,HI,,,True,,,,,,,,,,,,,,,,,,[]
sgsc,sgsc_single,8602908,,,,,,,,,,,,,,,,1,,True,daytime_days_unspecified,,,,,LOW,,HI,,,True,,,,,,,,,,,,,,,,,,[]
sgsc,sgsc_single,8603080,,,,,,,,SeparateHouse,,,,,,,,0,,False,daytime_days_unspecified,,,,,LOW,,HI,,,True,,,,,,,,False,False,False,False,False,,,,,,[]
sgsc,sgsc_single,8603088,,,,,,,,SeparateHouse,,,,,,,,1,,False,daytime_days_unspecified,,,,,NONE,,MED,,,False,,,,,,,,True,True,True,True,False,,,,,,[]
sgsc,sgsc_single,8603928,,,,,,,,,,,,,,,,1,,True,daytime_days_unspecified,,,,,LOW,,HI,,,True,,,,,,,,,,,,,,,,,,[]
sgsc,sgsc_single,8603962,,,,,,,,,,,,,,,,2,,True,daytime_days_unspecified,,,,,LOW,,HI,,,True,,,,,,,,,,,,,,,,,,[]
sgsc,sgsc_single,8608117,,,,,,,,,,,,,,,,0,,True,daytime_days_unspecified,,,,,NONE,,MED,,,True,,,,,,,,,,,,,,,,,,[]
sgsc,sgsc_single,8609339,,,,,,,,SeparateHouse,,,,,,,,0,,False,daytime_days_unspecified,,,,,LOW,,HI,,,False,,,,,,,,False,False,False,False,False,,,,,,[]
sgsc,sgsc_single,8610325,,,,,,,,,,,,,,,,0,,True,daytime_days_unspecified,,,,,MED,,MED,,,True,,,,,,,,,,,,,,,,,,[]
sgsc,sgsc_single,8614285,,,,,,,,,,,,,,,,4,,True,daytime_days_unspecified,,,,,HI,,HI,,,True,,,,,,,,,,,,,,,,,,[]
sgsc,sgsc_single,8615359,,,,,,,,,,,,,,,,0,,True,daytime_days_unspecified,,,,,LOW,,HI,,,True,,,,,,,,,,,,,,,,,,[]
sgsc,sgsc_single,8615421,,,,,,,,,,,,,,,,0,,True,daytime_days_unspecified,,,,,HI,,MED,,,True,,,,,,,,,,,,,,,,,,[]
sgsc,sgsc_single,8619753,,,,,,,,Unit,,,,,,,,0,,False,daytime_days_unspecified,,,,,LOW,,MED,,,True,,,,,,,,False,False,False,False,False,,,,,,[]
sgsc,sgsc_single,8619789,,,,,,,,SeparateHouse,,,,,,,,0,,False,daytime_days_unspecified,,,,,NONE,,HI,,,True,,,,,,,,False,False,False,False,False,,,,,,[]
sgsc,sgsc_single,8619811,,,,,,,,,,,,,,,,0,,True,daytime_days_unspecified,,,,,LOW,,HI,,,True,,,,,,,,,,,,,,,,,,[]
sgsc,sgsc_single,8622029,,,,,,,,Unit,,,,,,,,0,,False,daytime_days_unspecified,,,,,NONE,,HI,,,False,,,,,,,,False,False,False,False,False,,,,,,[]
sgsc,sgsc_single,8622347,,,,,,,,SeparateHouse,,,,,,,,0,,False,daytime_days_unspecified,,,,,NONE,,MED,,,True,,,,,,,,True,False,False,True,False,,,,,,[]
sgsc,sgsc_single,8626123,,,,,,,,Unit,,,,,,,,0,,False,daytime_days_unspecified,,,,,NONE,,MED,,,True,,,,,,,,False,False,False,False,False,,,,,,[]
sgsc,sgsc_single,8626127,,,,,,,,Unit,,,,,,,,0,,False,daytime_days_unspecified,,,,,NONE,,MED,,,False,,,,,,,,False,False,False,False,False,,,,,,[]
sgsc,sgsc_single,8627571,,,,,,,,SeparateHouse,,,,,,,,1,,False,daytime_days_unspecified,,,,,NONE,,MED,,,False,,,,,,,,True,True,False,False,False,,,,,,[]
sgsc,sgsc_single,8628509,,,,,,,,,,,,,,,,0,,True,daytime_days_unspecified,,,,,MED,,HI,,,True,,,,,,,,,,,,,,,,,,[]
sgsc,sgsc_single,8632297,,,,,,,,SeparateHouse,,,,,,,,0,,False,daytime_days_unspecified,,,,,LOW,,MED,,,False,,,,,,,,False,False,False,False,False,,,,,,[]
sgsc,sgsc_single,8632489,,,,,,,,,,,,,,,,2,,True,daytime_days_unspecified,,,,,NONE,,HI,,,True,,,,,,,,,,,,,,,,,,[]
sgsc,sgsc_single,8633739,,,,,,,,,,,,,,,,0,,True,daytime_days_unspecified,,,,,LOW,,MED,,,True,,,,,,,,,,,,,,,,,,[]
sgsc,sgsc_single,8633777,,,,,,,,,,,,,,,,0,,True,daytime_days_unspecified,,,,,HI,,HI,,,True,,,,,,,,,,,,,,,,,,[]
sgsc,sgsc_single,8634061,,,,,,,,SeparateHouse,,,,,,,,0,,False,daytime_days_unspecified,,,,,LOW,,MED,,,True,,,,,,,,True,False,True,True,False,,,,,,[]
sgsc,sgsc_single,8634077,,,,,,,,SeparateHouse,,,,,,,,3,,False,daytime_days_unspecified,,,,,LOW,,MED,,,True,,,,,,,,True,True,True,True,False,,,,,,[]
sgsc,sgsc_single,8634089,,,,,,,,SeparateHouse,,,,,,,,0,,False,daytime_days_unspecified,,,,,LOW,,MED,,,True,,,,,,,,True,False,True,True,False,,,,,,[]
sgsc,sgsc_single,8635921,,,,,,,,SeparateHouse,,,,,,,,0,,False,daytime_days_unspecified,,,,,MED,,MED,,,True,,,,,,,,True,False,True,True,False,,,,,,[]
sgsc,sgsc_single,8636035,,,,,,,,SeparateHouse,,,,,,,,0,,False,daytime_days_unspecified,,,,,LOW,,MED,,,True,,,,,,,,True,False,True,True,False,,,,,,[]
sgsc,sgsc_single,8636041,,,,,,,,SeparateHouse,,,,,,,,0,,False,daytime_days_unspecified,,,,,LOW,,MED,,,True,,,,,,,,True,False,True,True,False,,,,,,[]
sgsc,sgsc_single,8637773,,,,,,,,SeparateHouse,,,,,,,,0,,False,daytime_days_unspecified,,,,,NONE,,HI,,,True,,,,,,,,False,False,False,False,False,,,,,,[]
sgsc,sgsc_single,8637939,,,,,,,,SeparateHouse,,,,,,,,2,,False,daytime_days_unspecified,,,,,LOW,,HI,,,True,,,,,,,,True,True,True,True,False,,,,,,[]
sgsc,sgsc_single,8637955,,,,,,,,SeparateHouse,,,,,,,,3,,False,daytime_days_unspecified,,,,,LOW,,MED,,,True,,,,,,,,True,True,True,True,False,,,,,,[]
sgsc,sgsc_single,8638795,,,,,,,,SeparateHouse,,,,,,,,0,,False,daytime_days_unspecified,,,,,NONE,,HI,,,True,,,,,,,,True,False,True,True,False,,,,,,[]
sgsc,sgsc_single,8639653,,,,,,,,SeparateHouse,,,,,,,,0,,False,daytime_days_unspecified,,,,,NONE,,HI,,,False,,,,,,,,True,False,True,True,False,,,,,,[]
sgsc,sgsc_single,8641539,,,,,,,,SeparateHouse,,,,,,,,0,,False,daytime_days_unspecified,,,,,NONE,,HI,,,True,,,,,,,,False,False,False,False,False,,,,,,[]
sgsc,sgsc_single,8642061,,,,,,,,Unit,,,,,,,,0,,False,daytime_days_unspecified,,,,,NONE,,HI,,,True,,,,,,,,False,False,False,False,False,,,,,,[]
sgsc,sgsc_single,8642079,,,,,,,,SeparateHouse,,,,,,,,0,,False,daytime_days_unspecified,,,,,LOW,,HI,,,True,,,,,,,,True,False,True,False,False,,,,,,[]
sgsc,sgsc_single,8642163,,,,,,,,Unit,,,,,,,,0,,False,daytime_days_unspecified,,,,,NONE,,MED,,,False,,,,,,,,False,False,False,False,False,,,,,,[]
sgsc,sgsc_single,8642167,,,,,,,,Unit,,,,,,,,0,,False,daytime_days_unspecified,,,,,NONE,,MED,,,False,,,,,,,,False,False,False,False,False,,,,,,[]
sgsc,sgsc_single,8643837,,,,,,,,SeparateHouse,,,,,,,,0,,False,daytime_days_unspecified,,,,,LOW,,HI,,,True,,,,,,,,False,False,False,False,False,,,,,,[]
sgsc,sgsc_single,8644837,,,,,,,,Unit,,,,,,,,0,,False,daytime_days_unspecified,,,,,NONE,,MED,,,True,,,,,,,,True,False,True,True,False,,,,,,[]
sgsc,sgsc_single,8645049,,,,,,,,,,,,,,,,0,,True,daytime_days_unspecified,,,,,LOW,,MED,,,True,,,,,,,,,,,,,,,,,,[]
sgsc,sgsc_single,8645419,,,,,,,,,,,,,,,,0,,True,daytime_days_unspecified,,,,,NONE,,HI,,,True,,,,,,,,,,,,,,,,,,[]
sgsc,sgsc_single,8647191,,,,,,,,SeparateHouse,,,,,,,,0,,False,daytime_days_unspecified,,,,,LOW,,MED,,,True,,,,,,,,False,False,False,False,False,,,,,,[]
sgsc,sgsc_single,8647965,,,,,,,,SeparateHouse,,,,,,,,0,,False,daytime_days_unspecified,,,,,MED,,LOW,,,False,,,,,,,,True,False,True,True,False,,,,,,[]
sgsc,sgsc_single,8647967,,,,,,,,SeparateHouse,,,,,,,,3,,False,daytime_days_unspecified,,,,,HI,,HI,,,False,,,,,,,,True,True,True,True,False,,,,,,[]
sgsc,sgsc_single,8650033,,,,,,,,,,,,,,,,0,,True,daytime_days_unspecified,,,,,LOW,,MED,,,True,,,,,,,,,,,,,,,,,,[]
sgsc,sgsc_single,8650079,,,,,,,,SeparateHouse,,,,,,,,0,,False,daytime_days_unspecified,,,,,LOW,,LOW,,,True,,,,,,,,True,False,True,True,False,,,,,,[]
sgsc,sgsc_single,8650099,,,,,,,,SeparateHouse,,,,,,,,0,,False,daytime_days_unspecified,,,,,NONE,,MED,,,True,,,,,,,,True,False,True,True,False,,,,,,[]
sgsc,sgsc_single,8654003,,,,,,,,Unit,,,,,,,,0,,False,daytime_days_unspecified,,,,,LOW,,MED,,,True,,,,,,,,True,False,True,True,False,,,,,,[]
sgsc,sgsc_single,8654831,,,,,,,,,,,,,,,,2,,True,daytime_days_unspecified,,,,,LOW,,MED,,,False,,,,,,,,,,,,,,,,,,[]
sgsc,sgsc_single,8656101,,,,,,,,SeparateHouse,,,,,,,,0,,False,daytime_days_unspecified,,,,,NONE,,LOW,,,False,,,,,,,,False,False,False,False,False,,,,,,[]
sgsc,sgsc_single,8657169,,,,,,,,,,,,,,,,0,,True,daytime_days_unspecified,,,,,MED,,MED,,,True,,,,,,,,,,,,,,,,,,[]
sgsc,sgsc_single,8657991,,,,,,,,SeparateHouse,,,,,,,,1,,False,daytime_days_unspecified,,,,,LOW,,HI,,,False,,,,,,,,True,True,True,True,False,,,,,,[]
sgsc,sgsc_single,8658063,,,,,,,,SeparateHouse,,,,,,,,3,,False,daytime_days_unspecified,,,,,MED,,MED,,,False,,,,,,,,True,True,True,False,False,,,,,,[]
sgsc,sgsc_single,8658137,,,,,,,,SeparateHouse,,,,,,,,0,,False,daytime_days_unspecified,,,,,MED,,HI,,,False,,,,,,,,True,False,True,True,False,,,,,,[]
sgsc,sgsc_single,8658175,,,,,,,,SeparateHouse,,,,,,,,2,,False,daytime_days_unspecified,,,,,HI,,MED,,,True,,,,,,,,True,True,True,False,False,,,,,,[]
sgsc,sgsc_single,8663290,,,,,,,,,,,,,,,,0,,True,daytime_days_unspecified,,,,,NONE,,MED,,,False,,,,,,,,,,,,,,,,,,[]
sgsc,sgsc_single,8664114,,,,,,,,,,,,,,,,1,,True,daytime_days_unspecified,,,,,LOW,,HI,,,True,,,,,,,,,,,,,,,,,,[]
sgsc,sgsc_single,8664396,,,,,,,,,,,,,,,,1,,True,daytime_days_unspecified,,,,,LOW,,MED,,,True,,,,,,,,,,,,,,,,,,[]
sgsc,sgsc_single,8665178,,,,,,,,,,,,,,,,2,,True,daytime_days_unspecified,,,,,LOW,,HI,,,True,,,,,,,,,,,,,,,,,,[]
sgsc,sgsc_single,8667356,,,,,,,,,,,,,,,,0,,True,daytime_days_unspecified,,,,,NONE,,HI,,,True,,,,,,,,,,,,,,,,,,[]
sgsc,sgsc_single,8667502,,,,,,,,,,,,,,,,0,,True,daytime_days_unspecified,,,,,HI,,MED,,,False,,,,,,,,,,,,,,,,,,[]
sgsc,sgsc_single,8668840,,,,,,,,,,,,,,,,2,,True,daytime_days_unspecified,,,,,LOW,,MED,,,False,,,,,,,,,,,,,,,,,,[]
sgsc,sgsc_single,8668844,,,,,,,,,,,,,,,,0,,True,daytime_days_unspecified,,,,,LOW,,HI,,,True,,,,,,,,,,,,,,,,,,[]
sgsc,sgsc_single,8670066,,,,,,,,SeparateHouse,,,,,,,,1,,False,daytime_days_unspecified,,,,,NONE,,MED,,,False,,,,,,,,True,True,True,True,False,,,,,,[]
sgsc,sgsc_single,8670302,,,,,,,,SeparateHouse,,,,,,,,0,,False,daytime_days_unspecified,,,,,MED,,MED,,,True,,,,,,,,True,False,True,True,False,,,,,,[]
sgsc,sgsc_single,8670324,,,,,,,,SeparateHouse,,,,,,,,0,,False,daytime_days_unspecified,,,,,MED,,MED,,,True,,,,,,,,True,False,True,True,False,,,,,,[]
sgsc,sgsc_single,8670508,,,,,,,,SeparateHouse,,,,,,,,2,,False,daytime_days_unspecified,,,,,LOW,,MED,,,True,,,,,,,,True,True,True,True,True,,,,,,[]
sgsc,sgsc_single,8673256,,,,,,,,,,,,,,,,0,,True,daytime_days_unspecified,,,,,NONE,,HI,,,False,,,,,,,,,,,,,,,,,,[]
sgsc,sgsc_single,8674318,,,,,,,,,,,,,,,,0,,True,daytime_days_unspecified,,,,,LOW,,MED,,,True,,,,,,,,,,,,,,,,,,[]
sgsc,sgsc_single,8675984,,,,,,,,SeparateHouse,,,,,,,,0,,False,daytime_days_unspecified,,,,,NONE,,HI,,,False,,,,,,,,True,False,True,True,False,,,,,,[]
sgsc,sgsc_single,8675988,,,,,,,,SeparateHouse,,,,,,,,1,,False,daytime_days_unspecified,,,,,LOW,,MED,,,True,,,,,,,,True,True,True,True,False,,,,,,[]
sgsc,sgsc_single,8676166,,,,,,,,SeparateHouse,,,,,,,,0,,False,daytime_days_unspecified,,,,,LOW,,HI,,,False,,,,,,,,True,False,True,True,False,,,,,,[]
sgsc,sgsc_single,8677842,,,,,,,,,,,,,,,,0,,True,daytime_days_unspecified,,,,,HI,,MED,,,True,,,,,,,,,,,,,,,,,,[]
sgsc,sgsc_single,8679376,,,,,,,,,,,,,,,,0,,True,daytime_days_unspecified,,,,,HI,,MED,,,True,,,,,,,,,,,,,,,,,,[]
sgsc,sgsc_single,8680194,,,,,,,,,,,,,,,,0,,True,daytime_days_unspecified,,,,,NONE,,HI,,,False,,,,,,,,,,,,,,,,,,[]
sgsc,sgsc_single,8684144,,,,,,,,,,,,,,,,0,,True,daytime_days_unspecified,,,,,MED,,HI,,,True,,,,,,,,,,,,,,,,,,[]
sgsc,sgsc_single,8684266,,,,,,,,,,,,,,,,1,,True,daytime_days_unspecified,,,,,MED,,MED,,,True,,,,,,,,,,,,,,,,,,[]
sgsc,sgsc_single,8685188,,,,,,,,,,,,,,,,0,,True,daytime_days_unspecified,,,,,LOW,,HI,,,True,,,,,,,,,,,,,,,,,,[]
sgsc,sgsc_single,8685724,,,,,,,,SeparateHouse,,,,,,,,0,,False,daytime_days_unspecified,,,,,LOW,,LOW,,,True,,,,,,,,False,False,False,False,False,,,,,,[]
sgsc,sgsc_single,8685734,,,,,,,,SeparateHouse,,,,,,,,1,,False,daytime_days_unspecified,,,,,MED,,LOW,,,False,,,,,,,,True,True,False,False,False,,,,,,[]
sgsc,sgsc_single,8685770,,,,,,,,SeparateHouse,,,,,,,,1,,False,daytime_days_unspecified,,,,,MED,,MED,,,True,,,,,,,,True,True,True,True,False,,,,,,[]
sgsc,sgsc_single,8686020,,,,,,,,SeparateHouse,,,,,,,,6,,False,daytime_days_unspecified,,,,,MED,,MED,,,True,,,,,,,,True,True,True,True,False,,,,,,[]
sgsc,sgsc_single,8686258,,,,,,,,,,,,,,,,2,,True,daytime_days_unspecified,,,,,MED,,HI,,,True,,,,,,,,,,,,,,,,,,[]
sgsc,sgsc_single,8686378,,,,,,,,SeparateHouse,,,,,,,,5,,False,daytime_days_unspecified,,,,,MED,,MED,,,True,,,,,,,,True,True,True,True,False,,,,,,[]
sgsc,sgsc_single,8686982,,,,,,,,,,,,,,,,1,,True,daytime_days_unspecified,,,,,NONE,,LOW,,,True,,,,,,,,,,,,,,,,,,[]
sgsc,sgsc_single,8686996,,,,,,,,,,,,,,,,0,,True,daytime_days_unspecified,,,,,LOW,,MED,,,True,,,,,,,,,,,,,,,,,,[]
sgsc,sgsc_single,8687074,,,,,,,,,,,,,,,,0,,True,daytime_days_unspecified,,,,,NONE,,HI,,,False,,,,,,,,,,,,,,,,,,[]
sgsc,sgsc_single,8687422,,,,,,,,,,,,,,,,0,,True,daytime_days_unspecified,,,,,MED,,MED,,,True,,,,,,,,,,,,,,,,,,[]
sgsc,sgsc_single,8695036,,,,,,,,SeparateHouse,,,,,,,,5,,False,daytime_days_unspecified,,,,,HI,,HI,,,True,,,,,,,,True,True,True,True,False,,,,,,[]
sgsc,sgsc_single,8695044,,,,,,,,SeparateHouse,,,,,,,,4,,False,daytime_days_unspecified,,,,,LOW,,MED,,,True,,,,,,,,True,True,True,True,False,,,,,,[]
sgsc,sgsc_single,8695048,,,,,,,,,,,,,,,,8,,True,daytime_days_unspecified,,,,,LOW,,HI,,,True,,,,,,,,,,,,,,,,,,[]
sgsc,sgsc_single,8695104,,,,,,,,SeparateHouse,,,,,,,,0,,False,daytime_days_unspecified,,,,,LOW,,HI,,,True,,,,,,,,True,False,True,True,False,,,,,,[]
sgsc,sgsc_single,8695164,,,,,,,,SeparateHouse,,,,,,,,0,,False,daytime_days_unspecified,,,,,LOW,,MED,,,True,,,,,,,,True,True,True,True,True,,,,,,[]
sgsc,sgsc_single,8695218,,,,,,,,SeparateHouse,,,,,,,,1,,False,daytime_days_unspecified,,,,,LOW,,HI,,,True,,,,,,,,True,True,True,True,True,,,,,,[]
sgsc,sgsc_single,8695238,,,,,,,,,,,,,,,,5,,True,daytime_days_unspecified,,,,,LOW,,MED,,,True,,,,,,,,,,,,,,,,,,[]
sgsc,sgsc_single,8695244,,,,,,,,SeparateHouse,,,,,,,,1,,False,daytime_days_unspecified,,,,,LOW,,HI,,,True,,,,,,,,True,True,True,True,False,,,,,,[]
sgsc,sgsc_single,8695256,,,,,,,,SeparateHouse,,,,,,,,0,,False,daytime_days_unspecified,,,,,MED,,HI,,,True,,,,,,,,True,False,True,True,False,,,,,,[]
sgsc,sgsc_single,8696510,,,,,,,,,,,,,,,,0,,True,daytime_days_unspecified,,,,,LOW,,HI,,,False,,,,,,,,,,,,,,,,,,[]
sgsc,sgsc_single,8708220,,,,,,,,,,,,,,,,1,,True,daytime_days_unspecified,,,,,NONE,,HI,,,False,,,,,,,,,,,,,,,,,,[]
sgsc,sgsc_single,8715106,,,,,,,,,,,,,,,,0,,True,daytime_days_unspecified,,,,,MED,,MED,,,True,,,,,,,,,,,,,,,,,,[]
sgsc,sgsc_single,8715490,,,,,,,,,,,,,,,,0,,True,daytime_days_unspecified,,,,,LOW,,MED,,,True,,,,,,,,,,,,,,,,,,[]
sgsc,sgsc_single,8740514,,,,,,,,,,,,,,,,2,,True,daytime_days_unspecified,,,,,NONE,,HI,,,True,,,,,,,,,,,,,,,,,,[]
sgsc,sgsc_single,8742002,,,,,,,,,,,,,,,,1,,True,daytime_days_unspecified,,,,,LOW,,HI,,,True,,,,,,,,,,,,,,,,,,[]
sgsc,sgsc_single,8742032,,,,,,,,,,,,,,,,0,,True,daytime_days_unspecified,,,,,NONE,,HI,,,True,,,,,,,,,,,,,,,,,,[]
sgsc,sgsc_single,8744074,,,,,,,,,,,,,,,,4,,True,daytime_days_unspecified,,,,,NONE,,HI,,,True,,,,,,,,,,,,,,,,,,[]
sgsc,sgsc_single,8777310,,,,,,,,,,,,,,,,0,,True,daytime_days_unspecified,,,,,NONE,,MED,,,True,,,,,,,,,,,,,,,,,,[]
sgsc,sgsc_single,8778758,,,,,,,,,,,,,,,,2,,True,daytime_days_unspecified,,,,,LOW,,HI,,,True,,,,,,,,,,,,,,,,,,[]
sgsc,sgsc_single,8778850,,,,,,,,,,,,,,,,0,,True,daytime_days_unspecified,,,,,LOW,,HI,,,True,,,,,,,,,,,,,,,,,,[]
sgsc,sgsc_single,8781090,,,,,,,,,,,,,,,,1,,True,daytime_days_unspecified,,,,,LOW,,MED,,,True,,,,,,,,,,,,,,,,,,[]
sgsc,sgsc_single,8781180,,,,,,,,,,,,,,,,2,,True,daytime_days_unspecified,,,,,LOW,,MED,,,True,,,,,,,,,,,,,,,,,,[]
sgsc,sgsc_single,8781184,,,,,,,,,,,,,,,,0,,True,daytime_days_unspecified,,,,,MED,,HI,,,True,,,,,,,,,,,,,,,,,,[]
sgsc,sgsc_single,8782030,,,,,,,,,,,,,,,,1,,True,daytime_days_unspecified,,,,,MED,,NONE,,,True,,,,,,,,,,,,,,,,,,[]
sgsc,sgsc_single,8785798,,,,,,,,SeparateHouse,,,,,,,,1,,False,daytime_days_unspecified,,,,,HI,,MED,,,True,,,,,,,,True,True,True,True,False,,,,,,[]
sgsc,sgsc_single,8786880,,,,,,,,,,,,,,,,5,,True,daytime_days_unspecified,,,,,HI,,HI,,,True,,,,,,,,,,,,,,,,,,[]
sgsc,sgsc_single,8804794,,,,,,,,,,,,,,,,0,,True,daytime_days_unspecified,,,,,MED,,HI,,,True,,,,,,,,,,,,,,,,,,[]
sgsc,sgsc_single,8804804,,,,,,,,,,,,,,,,6,,True,daytime_days_unspecified,,,,,LOW,,HI,,,True,,,,,,,,,,,,,,,,,,[]
sgsc,sgsc_single,8804826,,,,,,,,SeparateHouse,,,,,,,,1,,False,daytime_days_unspecified,,,,,MED,,MED,,,True,,,,,,,,True,True,True,True,True,,,,,,[]
sgsc,sgsc_single,8804882,,,,,,,,,,,,,,,,0,,True,daytime_days_unspecified,,,,,LOW,,HI,,,True,,,,,,,,,,,,,,,,,,[]
sgsc,sgsc_single,8804964,,,,,,,,,,,,,,,,6,,True,daytime_days_unspecified,,,,,LOW,,HI,,,True,,,,,,,,,,,,,,,,,,[]
sgsc,sgsc_single,8804982,,,,,,,,,,,,,,,,3,,True,daytime_days_unspecified,,,,,MED,,HI,,,True,,,,,,,,,,,,,,,,,,[]
sgsc,sgsc_single,8807046,,,,,,,,,,,,,,,,0,,True,daytime_days_unspecified,,,,,MED,,LOW,,,True,,,,,,,,,,,,,,,,,,[]
sgsc,sgsc_single,8807048,,,,,,,,,,,,,,,,0,,True,daytime_days_unspecified,,,,,LOW,,MED,,,True,,,,,,,,,,,,,,,,,,[]
sgsc,sgsc_single,8807086,,,,,,,,,,,,,,,,4,,True,daytime_days_unspecified,,,,,LOW,,HI,,,True,,,,,,,,,,,,,,,,,,[]
sgsc,sgsc_single,8807094,,,,,,,,SeparateHouse,,,,,,,,1,,False,daytime_days_unspecified,,,,,LOW,,MED,,,True,,,,,,,,True,True,True,True,False,,,,,,[]
sgsc,sgsc_single,8807096,,,,,,,,SeparateHouse,,,,,,,,4,,False,daytime_days_unspecified,,,,,LOW,,MED,,,True,,,,,,,,True,True,True,True,False,,,,,,[]
sgsc,sgsc_single,8807146,,,,,,,,SeparateHouse,,,,,,,,4,,False,daytime_days_unspecified,,,,,LOW,,MED,,,True,,,,,,,,True,True,True,True,False,,,,,,[]
sgsc,sgsc_single,8807168,,,,,,,,SeparateHouse,,,,,,,,7,,False,daytime_days_unspecified,,,,,NONE,,LOW,,,True,,,,,,,,True,True,True,True,True,,,,,,[]
sgsc,sgsc_single,8807192,,,,,,,,SeparateHouse,,,,,,,,6,,False,daytime_days_unspecified,,,,,LOW,,MED,,,True,,,,,,,,True,True,True,True,False,,,,,,[]
sgsc,sgsc_single,8807200,,,,,,,,SeparateHouse,,,,,,,,3,,False,daytime_days_unspecified,,,,,LOW,,HI,,,True,,,,,,,,True,True,True,True,True,,,,,,[]
sgsc,sgsc_single,8856056,,,,,,,,SeparateHouse,,,,,,,,2,,False,daytime_days_unspecified,,,,,LOW,,MED,,,True,,,,,,,,True,True,True,True,False,,,,,,[]
sgsc,sgsc_single,8895476,,,,,,,,,,,,,,,,0,,True,daytime_days_unspecified,,,,,HI,,HI,,,True,,,,,,,,,,,,,,,,,,[]
sgsc,sgsc_single,8895524,,,,,,,,,,,,,,,,0,,True,daytime_days_unspecified,,,,,LOW,,NONE,,,True,,,,,,,,,,,,,,,,,,[]
sgsc,sgsc_single,8909862,,,,,,,,,,,,,,,,5,,True,daytime_days_unspecified,,,,,LOW,,MED,,,True,,,,,,,,,,,,,,,,,,[]
sgsc,sgsc_single,8909872,,,,,,,,,,,,,,,,0,,True,daytime_days_unspecified,,,,,LOW,,MED,,,True,,,,,,,,,,,,,,,,,,[]
sgsc,sgsc_single,8921908,,,,,,,,SeparateHouse,,,,,,,,0,,False,daytime_days_unspecified,,,,,MED,,MED,,,True,,,,,,,,False,False,False,False,False,,,,,,[]
sgsc,sgsc_single,8921922,,,,,,,,SeparateHouse,,,,,,,,0,,False,daytime_days_unspecified,,,,,LOW,,LOW,,,True,,,,,,,,True,False,True,True,True,,,,,,[]
sgsc,sgsc_single,8922022,,,,,,,,SeparateHouse,,,,,,,,0,,False,daytime_days_unspecified,,,,,LOW,,HI,,,True,,,,,,,,True,False,True,True,False,,,,,,[]
sgsc,sgsc_single,8922048,,,,,,,,,,,,,,,,2,,True,daytime_days_unspecified,,,,,MED,,HI,,,True,,,,,,,,,,,,,,,,,,[]
sgsc,sgsc_single,8922064,,,,,,,,,,,,,,,,0,,True,daytime_days_unspecified,,,,,LOW,,HI,,,True,,,,,,,,,,,,,,,,,,[]
sgsc,sgsc_single,8922066,,,,,,,,,,,,,,,,3,,True,daytime_days_unspecified,,,,,NONE,,HI,,,True,,,,,,,,,,,,,,,,,,[]
sgsc,sgsc_single,8922076,,,,,,,,,,,,,,,,0,,True,daytime_days_unspecified,,,,,LOW,,HI,,,True,,,,,,,,,,,,,,,,,,[]
sgsc,sgsc_single,8922086,,,,,,,,SeparateHouse,,,,,,,,1,,False,daytime_days_unspecified,,,,,LOW,,HI,,,True,,,,,,,,True,True,True,True,False,,,,,,[]
sgsc,sgsc_single,8922472,,,,,,,,SeparateHouse,,,,,,,,0,,False,daytime_days_unspecified,,,,,LOW,,MED,,,True,,,,,,,,True,False,True,True,False,,,,,,[]
sgsc,sgsc_single,8923946,,,,,,,,SeparateHouse,,,,,,,,8,,False,daytime_days_unspecified,,,,,LOW,,MED,,,True,,,,,,,,True,True,True,True,True,,,,,,[]
sgsc,sgsc_single,8923950,,,,,,,,SeparateHouse,,,,,,,,2,,False,daytime_days_unspecified,,,,,LOW,,HI,,,True,,,,,,,,True,True,True,True,False,,,,,,[]
sgsc,sgsc_single,8952808,,,,,,,,,,,,,,,,2,,True,daytime_days_unspecified,,,,,LOW,,HI,,,True,,,,,,,,,,,,,,,,,,[]
sgsc,sgsc_single,8952816,,,,,,,,SeparateHouse,,,,,,,,0,,False,daytime_days_unspecified,,,,,LOW,,HI,,,True,,,,,,,,True,False,True,True,False,,,,,,[]
sgsc,sgsc_single,8952904,,,,,,,,SeparateHouse,,,,,,,,5,,False,daytime_days_unspecified,,,,,MED,,MED,,,True,,,,,,,,True,True,True,False,False,,,,,,[]
sgsc,sgsc_single,8954988,,,,,,,,,,,,,,,,2,,True,daytime_days_unspecified,,,,,LOW,,HI,,,True,,,,,,,,,,,,,,,,,,[]
sgsc,sgsc_single,8955520,,,,,,,,SeparateHouse,,,,,,,,1,,False,daytime_days_unspecified,,,,,LOW,,LOW,,,True,,,,,,,,True,True,True,False,False,,,,,,[]
sgsc,sgsc_single,8956810,,,,,,,,SeparateHouse,,,,,,,,2,,False,daytime_days_unspecified,,,,,NONE,,HI,,,True,,,,,,,,True,True,True,True,False,,,,,,[]
sgsc,sgsc_single,8957062,,,,,,,,,,,,,,,,1,,True,daytime_days_unspecified,,,,,MED,,HI,,,True,,,,,,,,,,,,,,,,,,[]
sgsc,sgsc_single,8963210,,,,,,,,SeparateHouse,,,,,,,,0,,False,daytime_days_unspecified,,,,,LOW,,HI,,,True,,,,,,,,True,False,True,True,False,,,,,,[]
sgsc,sgsc_single,8963230,,,,,,,,SeparateHouse,,,,,,,,1,,False,daytime_days_unspecified,,,,,LOW,,HI,,,True,,,,,,,,True,True,True,True,False,,,,,,[]
sgsc,sgsc_single,8990424,,,,,,,,,,,,,,,,0,,True,daytime_days_unspecified,,,,,LOW,,MED,,,True,,,,,,,,,,,,,,,,,,[]
sgsc,sgsc_single,8995244,,,,,,,,,,,,,,,,0,,True,daytime_days_unspecified,,,,,LOW,,HI,,,True,,,,,,,,,,,,,,,,,,[]
sgsc,sgsc_single,9005738,,,,,,,,SeparateHouse,,,,,,,,0,,False,daytime_days_unspecified,,,,,MED,,HI,,,True,,,,,,,,True,False,True,True,False,,,,,,[]
sgsc,sgsc_single,9005754,,,,,,,,SeparateHouse,,,,,,,,0,,False,daytime_days_unspecified,,,,,LOW,,MED,,,True,,,,,,,,True,False,True,True,False,,,,,,[]
sgsc,sgsc_single,9005866,,,,,,,,SeparateHouse,,,,,,,,1,,False,daytime_days_unspecified,,,,,LOW,,HI,,,True,,,,,,,,True,True,True,True,False,,,,,,[]
sgsc,sgsc_single,9005886,,,,,,,,SeparateHouse,,,,,,,,6,,False,daytime_days_unspecified,,,,,LOW,,HI,,,True,,,,,,,,True,True,True,True,False,,,,,,[]
sgsc,sgsc_single,9005910,,,,,,,,SeparateHouse,,,,,,,,4,,False,daytime_days_unspecified,,,,,MED,,MED,,,True,,,,,,,,True,True,True,True,True,,,,,,[]
sgsc,sgsc_single,9007260,,,,,,,,,,,,,,,,0,,True,daytime_days_unspecified,,,,,LOW,,NONE,,,True,,,,,,,,,,,,,,,,,,[]
sgsc,sgsc_single,9007392,,,,,,,,,,,,,,,,1,,True,daytime_days_unspecified,,,,,NONE,,HI,,,True,,,,,,,,,,,,,,,,,,[]
sgsc,sgsc_single,9007998,,,,,,,,SeparateHouse,,,,,,,,0,,False,daytime_days_unspecified,,,,,LOW,,MED,,,True,,,,,,,,False,False,False,False,False,,,,,,[]
sgsc,sgsc_single,9012432,,,,,,,,SeparateHouse,,,,,,,,0,,False,daytime_days_unspecified,,,,,LOW,,HI,,,True,,,,,,,,False,False,False,False,False,,,,,,[]
sgsc,sgsc_single,9014806,,,,,,,,,,,,,,,,0,,True,daytime_days_unspecified,,,,,NONE,,LOW,,,False,,,,,,,,,,,,,,,,,,[]
sgsc,sgsc_single,9017716,,,,,,,,SeparateHouse,,,,,,,,1,,False,daytime_days_unspecified,,,,,LOW,,HI,,,True,,,,,,,,True,True,True,False,True,,,,,,[]
sgsc,sgsc_single,9017722,,,,,,,,SeparateHouse,,,,,,,,2,,False,daytime_days_unspecified,,,,,LOW,,MED,,,True,,,,,,,,True,True,True,True,False,,,,,,[]
sgsc,sgsc_single,9017750,,,,,,,,SeparateHouse,,,,,,,,6,,False,daytime_days_unspecified,,,,,LOW,,HI,,,True,,,,,,,,True,True,True,True,True,,,,,,[]
sgsc,sgsc_single,9017858,,,,,,,,,,,,,,,,2,,True,daytime_days_unspecified,,,,,LOW,,MED,,,True,,,,,,,,,,,,,,,,,,[]
sgsc,sgsc_single,9017860,,,,,,,,,,,,,,,,0,,True,daytime_days_unspecified,,,,,LOW,,MED,,,True,,,,,,,,,,,,,,,,,,[]
sgsc,sgsc_single,9021414,,,,,,,,Unit,,,,,,,,1,,False,daytime_days_unspecified,,,,,MED,,HI,,,True,,,,,,,,True,True,True,True,False,,,,,,[]
sgsc,sgsc_single,9022114,,,,,,,,,,,,,,,,0,,True,daytime_days_unspecified,,,,,LOW,,HI,,,True,,,,,,,,,,,,,,,,,,[]
sgsc,sgsc_single,9028532,,,,,,,,SeparateHouse,,,,,,,,2,,False,daytime_days_unspecified,,,,,LOW,,HI,,,True,,,,,,,,True,True,True,False,False,,,,,,[]
sgsc,sgsc_single,9029334,,,,,,,,SeparateHouse,,,,,,,,2,,False,daytime_days_unspecified,,,,,LOW,,HI,,,True,,,,,,,,True,True,True,True,False,,,,,,[]
sgsc,sgsc_single,9029388,,,,,,,,SeparateHouse,,,,,,,,1,,False,daytime_days_unspecified,,,,,HI,,MED,,,True,,,,,,,,True,True,True,True,False,,,,,,[]
sgsc,sgsc_single,9039172,,,,,,,,,,,,,,,,0,,True,daytime_days_unspecified,,,,,LOW,,MED,,,True,,,,,,,,,,,,,,,,,,[]
sgsc,sgsc_single,9044830,,,,,,,,,,,,,,,,0,,True,daytime_days_unspecified,,,,,NONE,,MED,,,True,,,,,,,,,,,,,,,,,,[]
sgsc,sgsc_single,9045654,,,,,,,,,,,,,,,,0,,True,daytime_days_unspecified,,,,,NONE,,HI,,,True,,,,,,,,,,,,,,,,,,[]
sgsc,sgsc_single,9047020,,,,,,,,,,,,,,,,0,,True,daytime_days_unspecified,,,,,LOW,,NONE,,,True,,,,,,,,,,,,,,,,,,[]
sgsc,sgsc_single,9064926,,,,,,,,Unit,,,,,,,,0,,False,daytime_days_unspecified,,,,,MED,,NONE,,,True,,,,,,,,False,False,False,False,False,,,,,,[]
sgsc,sgsc_single,9068760,,,,,,,,SeparateHouse,,,,,,,,5,,False,daytime_days_unspecified,,,,,NONE,,MED,,,True,,,,,,,,True,True,True,True,False,,,,,,[]
sgsc,sgsc_single,9068764,,,,,,,,,,,,,,,,0,,True,daytime_days_unspecified,,,,,LOW,,NONE,,,True,,,,,,,,,,,,,,,,,,[]
sgsc,sgsc_single,9068810,,,,,,,,SeparateHouse,,,,,,,,3,,False,daytime_days_unspecified,,,,,MED,,MED,,,True,,,,,,,,True,True,True,True,False,,,,,,[]
sgsc,sgsc_single,9068830,,,,,,,,,,,,,,,,6,,True,daytime_days_unspecified,,,,,NONE,,HI,,,True,,,,,,,,,,,,,,,,,,[]
sgsc,sgsc_single,9068842,,,,,,,,SeparateHouse,,,,,,,,1,,False,daytime_days_unspecified,,,,,HI,,MED,,,True,,,,,,,,True,True,True,True,False,,,,,,[]
sgsc,sgsc_single,9070298,,,,,,,,,,,,,,,,6,,True,daytime_days_unspecified,,,,,NONE,,MED,,,True,,,,,,,,,,,,,,,,,,[]
sgsc,sgsc_single,9072276,,,,,,,,,,,,,,,,0,,True,daytime_days_unspecified,,,,,LOW,,HI,,,True,,,,,,,,,,,,,,,,,,[]
sgsc,sgsc_single,9072336,,,,,,,,,,,,,,,,2,,True,daytime_days_unspecified,,,,,LOW,,HI,,,True,,,,,,,,,,,,,,,,,,[]
sgsc,sgsc_single,9077140,,,,,,,,,,,,,,,,0,,True,daytime_days_unspecified,,,,,MED,,MED,,,True,,,,,,,,,,,,,,,,,,[]
sgsc,sgsc_single,9079776,,,,,,,,,,,,,,,,1,,True,daytime_days_unspecified,,,,,MED,,HI,,,True,,,,,,,,,,,,,,,,,,[]
sgsc,sgsc_single,9083434,,,,,,,,SeparateHouse,,,,,,,,2,,False,daytime_days_unspecified,,,,,MED,,MED,,,True,,,,,,,,True,True,True,False,False,,,,,,[]
sgsc,sgsc_single,9083440,,,,,,,,,,,,,,,,0,,True,daytime_days_unspecified,,,,,MED,,MED,,,True,,,,,,,,,,,,,,,,,,[]
sgsc,sgsc_single,9085796,,,,,,,,SeparateHouse,,,,,,,,2,,False,daytime_days_unspecified,,,,,LOW,,HI,,,True,,,,,,,,True,True,True,False,True,,,,,,[]
sgsc,sgsc_single,9085814,,,,,,,,,,,,,,,,2,,True,daytime_days_unspecified,,,,,NONE,,NONE,,,True,,,,,,,,,,,,,,,,,,[]
sgsc,sgsc_single,9085862,,,,,,,,SeparateHouse,,,,,,,,1,,False,daytime_days_unspecified,,,,,MED,,HI,,,True,,,,,,,,True,True,True,True,False,,,,,,[]
sgsc,sgsc_single,9088794,,,,,,,,SeparateHouse,,,,,,,,1,,False,daytime_days_unspecified,,,,,MED,,HI,,,True,,,,,,,,True,True,True,True,False,,,,,,[]
sgsc,sgsc_single,9089168,,,,,,,,,,,,,,,,9,,True,daytime_days_unspecified,,,,,MED,,HI,,,True,,,,,,,,,,,,,,,,,,[]
sgsc,sgsc_single,9089170,,,,,,,,,,,,,,,,4,,True,daytime_days_unspecified,,,,,LOW,,MED,,,True,,,,,,,,,,,,,,,,,,[]
sgsc,sgsc_single,9089180,,,,,,,,,,,,,,,,3,,True,daytime_days_unspecified,,,,,LOW,,MED,,,True,,,,,,,,,,,,,,,,,,[]
sgsc,sgsc_single,9089208,,,,,,,,,,,,,,,,4,,True,daytime_days_unspecified,,,,,LOW,,HI,,,True,,,,,,,,,,,,,,,,,,[]
sgsc,sgsc_single,9094920,,,,,,,,SeparateHouse,,,,,,,,1,,False,daytime_days_unspecified,,,,,MED,,HI,,,True,,,,,,,,True,True,True,True,False,,,,,,[]
sgsc,sgsc_single,9094942,,,,,,,,SeparateHouse,,,,,,,,1,,False,daytime_days_unspecified,,,,,LOW,,MED,,,True,,,,,,,,True,True,True,True,True,,,,,,[]
sgsc,sgsc_single,9094976,,,,,,,,,,,,,,,,0,,True,daytime_days_unspecified,,,,,LOW,,HI,,,True,,,,,,,,,,,,,,,,,,[]
sgsc,sgsc_single,9095442,,,,,,,,SeparateHouse,,,,,,,,2,,False,daytime_days_unspecified,,,,,LOW,,MED,,,True,,,,,,,,True,True,True,False,False,,,,,,[]
sgsc,sgsc_single,9095472,,,,,,,,,,,,,,,,0,,True,daytime_days_unspecified,,,,,MED,,HI,,,True,,,,,,,,,,,,,,,,,,[]
sgsc,sgsc_single,9096068,,,,,,,,,,,,,,,,1,,True,daytime_days_unspecified,,,,,LOW,,HI,,,True,,,,,,,,,,,,,,,,,,[]
sgsc,sgsc_single,9096072,,,,,,,,,,,,,,,,1,,True,daytime_days_unspecified,,,,,NONE,,MED,,,True,,,,,,,,,,,,,,,,,,[]
sgsc,sgsc_single,9096086,,,,,,,,SeparateHouse,,,,,,,,0,,False,daytime_days_unspecified,,,,,MED,,HI,,,True,,,,,,,,True,True,True,True,False,,,,,,[]
sgsc,sgsc_single,9096128,,,,,,,,SeparateHouse,,,,,,,,5,,False,daytime_days_unspecified,,,,,NONE,,HI,,,True,,,,,,,,True,True,True,False,False,,,,,,[]
sgsc,sgsc_single,9114066,,,,,,,,SeparateHouse,,,,,,,,1,,False,daytime_days_unspecified,,,,,MED,,MED,,,True,,,,,,,,True,True,False,True,False,,,,,,[]
sgsc,sgsc_single,9190375,,,,,,,,,,,,,,,,0,,True,daytime_days_unspecified,,,,,MED,,MED,,,True,,,,,,,,,,,,,,,,,,[]
sgsc,sgsc_single,9208407,,,,,,,,,,,,,,,,0,,True,daytime_days_unspecified,,,,,LOW,,HI,,,False,,,,,,,,,,,,,,,,,,[]
sgsc,sgsc_single,9229853,,,,,,,,,,,,,,,,1,,True,daytime_days_unspecified,,,,,MED,,MED,,,True,,,,,,,,,,,,,,,,,,[]
sgsc,sgsc_single,9263195,,,,,,,,SeparateHouse,,,,,,,,0,,False,daytime_days_unspecified,,,,,MED,,LOW,,,False,,,,,,,,True,False,True,True,False,,,,,,[]
sgsc,sgsc_single,9282609,,,,,,,,,,,,,,,,1,,True,daytime_days_unspecified,,,,,LOW,,HI,,,True,,,,,,,,,,,,,,,,,,[]
sgsc,sgsc_single,9291367,,,,,,,,,,,,,,,,1,,True,daytime_days_unspecified,,,,,LOW,,HI,,,False,,,,,,,,,,,,,,,,,,[]
sgsc,sgsc_single,9316655,,,,,,,,,,,,,,,,0,,True,daytime_days_unspecified,,,,,LOW,,MED,,,True,,,,,,,,,,,,,,,,,,[]
sgsc,sgsc_single,9316697,,,,,,,,,,,,,,,,0,,True,daytime_days_unspecified,,,,,LOW,,MED,,,True,,,,,,,,,,,,,,,,,,[]
sgsc,sgsc_single,9316733,,,,,,,,,,,,,,,,2,,True,daytime_days_unspecified,,,,,MED,,MED,,,True,,,,,,,,,,,,,,,,,,[]
sgsc,sgsc_single,9334685,,,,,,,,,,,,,,,,0,,True,daytime_days_unspecified,,,,,NONE,,HI,,,False,,,,,,,,,,,,,,,,,,[]
sgsc,sgsc_single,9339673,,,,,,,,SeparateHouse,,,,,,,,0,,False,daytime_days_unspecified,,,,,LOW,,HI,,,True,,,,,,,,True,False,True,True,False,,,,,,[]
sgsc,sgsc_single,9345642,,,,,,,,SeparateHouse,,,,,,,,1,,False,daytime_days_unspecified,,,,,LOW,,HI,,,True,,,,,,,,True,True,True,True,False,,,,,,[]
sgsc,sgsc_single,9351414,,,,,,,,,,,,,,,,2,,True,daytime_days_unspecified,,,,,LOW,,HI,,,False,,,,,,,,,,,,,,,,,,[]
sgsc,sgsc_single,9355808,,,,,,,,,,,,,,,,1,,True,daytime_days_unspecified,,,,,HI,,HI,,,True,,,,,,,,,,,,,,,,,,[]
sgsc,sgsc_single,9355976,,,,,,,,SeparateHouse,,,,,,,,0,,False,daytime_days_unspecified,,,,,NONE,,LOW,,,True,,,,,,,,True,False,True,True,False,,,,,,[]
sgsc,sgsc_single,9370814,,,,,,,,,,,,,,,,1,,True,daytime_days_unspecified,,,,,LOW,,NONE,,,True,,,,,,,,,,,,,,,,,,[]
sgsc,sgsc_single,9390154,,,,,,,,,,,,,,,,1,,True,daytime_days_unspecified,,,,,LOW,,HI,,,True,,,,,,,,,,,,,,,,,,[]
sgsc,sgsc_single,9393842,,,,,,,,,,,,,,,,0,,True,daytime_days_unspecified,,,,,MED,,MED,,,True,,,,,,,,,,,,,,,,,,[]
sgsc,sgsc_single,9395098,,,,,,,,,,,,,,,,1,,True,daytime_days_unspecified,,,,,LOW,,HI,,,True,,,,,,,,,,,,,,,,,,[]
sgsc,sgsc_single,9509981,,,,,,,,SeparateHouse,,,,,,,,1,,False,daytime_days_unspecified,,,,,NONE,,MED,,,True,,,,,,,,True,True,True,True,False,,,,,,[]
sgsc,sgsc_single,9517497,,,,,,,,,,,,,,,,1,,True,daytime_days_unspecified,,,,,LOW,,HI,,,True,,,,,,,,,,,,,,,,,,[]
sgsc,sgsc_single,9517559,,,,,,,,,,,,,,,,0,,True,daytime_days_unspecified,,,,,NONE,,MED,,,True,,,,,,,,,,,,,,,,,,[]
sgsc,sgsc_single,9521231,,,,,,,,,,,,,,,,1,,True,daytime_days_unspecified,,,,,LOW,,MED,,,False,,,,,,,,,,,,,,,,,,[]
sgsc,sgsc_single,9588276,,,,,,,,,,,,,,,,0,,True,daytime_days_unspecified,,,,,LOW,,HI,,,True,,,,,,,,,,,,,,,,,,[]
sgsc,sgsc_single,9615080,,,,,,,,Unit,,,,,,,,0,,False,daytime_days_unspecified,,,,,MED,,MED,,,False,,,,,,,,True,False,False,True,False,,,,,,[]
sgsc,sgsc_single,9615082,,,,,,,,Unit,,,,,,,,0,,False,daytime_days_unspecified,,,,,MED,,MED,,,True,,,,,,,,True,False,False,True,False,,,,,,[]
sgsc,sgsc_single,9615086,,,,,,,,Unit,,,,,,,,0,,False,daytime_days_unspecified,,,,,MED,,HI,,,True,,,,,,,,True,False,True,True,False,,,,,,[]
sgsc,sgsc_single,9615102,,,,,,,,Unit,,,,,,,,0,,False,daytime_days_unspecified,,,,,LOW,,LOW,,,True,,,,,,,,True,False,False,True,False,,,,,,[]
sgsc,sgsc_single,9615104,,,,,,,,Unit,,,,,,,,0,,False,daytime_days_unspecified,,,,,MED,,MED,,,True,,,,,,,,True,False,False,True,False,,,,,,[]
sgsc,sgsc_single,9615158,,,,,,,,Unit,,,,,,,,0,,False,daytime_days_unspecified,,,,,MED,,HI,,,True,,,,,,,,True,False,False,True,False,,,,,,[]
sgsc,sgsc_single,9615178,,,,,,,,Unit,,,,,,,,0,,False,daytime_days_unspecified,,,,,LOW,,MED,,,True,,,,,,,,True,False,False,True,False,,,,,,[]
sgsc,sgsc_single,9615202,,,,,,,,Unit,,,,,,,,0,,False,daytime_days_unspecified,,,,,LOW,,MED,,,True,,,,,,,,True,False,False,True,False,,,,,,[]
sgsc,sgsc_single,9615206,,,,,,,,Unit,,,,,,,,0,,False,daytime_days_unspecified,,,,,MED,,MED,,,True,,,,,,,,True,True,False,True,False,,,,,,[]
sgsc,sgsc_single,9615208,,,,,,,,Unit,,,,,,,,0,,False,daytime_days_unspecified,,,,,MED,,LOW,,,True,,,,,,,,True,False,False,True,False,,,,,,[]
sgsc,sgsc_single,9615210,,,,,,,,Unit,,,,,,,,0,,False,daytime_days_unspecified,,,,,MED,,LOW,,,True,,,,,,,,True,False,False,True,False,,,,,,[]
sgsc,sgsc_single,9615216,,,,,,,,Unit,,,,,,,,0,,False,daytime_days_unspecified,,,,,HI,,HI,,,True,,,,,,,,True,False,False,True,False,,,,,,[]
sgsc,sgsc_single,9615264,,,,,,,,Unit,,,,,,,,0,,False,daytime_days_unspecified,,,,,LOW,,LOW,,,True,,,,,,,,True,False,False,True,False,,,,,,[]
sgsc,sgsc_single,9615276,,,,,,,,Unit,,,,,,,,0,,False,daytime_days_unspecified,,,,,MED,,HI,,,True,,,,,,,,True,False,False,True,False,,,,,,[]
sgsc,sgsc_single,9615294,,,,,,,,Unit,,,,,,,,0,,False,daytime_days_unspecified,,,,,MED,,LOW,,,True,,,,,,,,True,False,False,True,False,,,,,,[]
sgsc,sgsc_single,9615298,,,,,,,,Unit,,,,,,,,0,,False,daytime_days_unspecified,,,,,MED,,MED,,,True,,,,,,,,True,False,False,True,False,,,,,,[]
sgsc,sgsc_single,9615300,,,,,,,,Unit,,,,,,,,0,,False,daytime_days_unspecified,,,,,LOW,,NONE,,,True,,,,,,,,True,False,False,True,False,,,,,,[]
sgsc,sgsc_single,9615302,,,,,,,,Unit,,,,,,,,0,,False,daytime_days_unspecified,,,,,LOW,,NONE,,,True,,,,,,,,True,False,False,True,False,,,,,,[]
sgsc,sgsc_single,9628500,,,,,,,,,,,,,,,,1,,True,daytime_days_unspecified,,,,,NONE,,MED,,,True,,,,,,,,,,,,,,,,,,[]
sgsc,sgsc_single,9700374,,,,,,,,,,,,,,,,0,,True,daytime_days_unspecified,,,,,NONE,,HI,,,True,,,,,,,,,,,,,,,,,,[]
sgsc,sgsc_single,9735756,,,,,,,,,,,,,,,,0,,True,daytime_days_unspecified,,,,,LOW,,MED,,,False,,,,,,,,,,,,,,,,,,[]
sgsc,sgsc_single,9750622,,,,,,,,,,,,,,,,0,,True,daytime_days_unspecified,,,,,MED,,MED,,,True,,,,,,,,,,,,,,,,,,[]
sgsc,sgsc_single,9754404,,,,,,,,SeparateHouse,,,,,,,,0,,False,daytime_days_unspecified,,,,,LOW,,LOW,,,True,,,,,,,,True,False,True,True,False,,,,,,[]
sgsc,sgsc_single,9754414,,,,,,,,SeparateHouse,,,,,,,,0,,False,daytime_days_unspecified,,,,,MED,,LOW,,,False,,,,,,,,True,False,True,True,False,,,,,,[]
sgsc,sgsc_single,9754422,,,,,,,,SeparateHouse,,,,,,,,0,,False,daytime_days_unspecified,,,,,LOW,,HI,,,True,,,,,,,,True,False,True,True,False,,,,,,[]
sgsc,sgsc_single,9754464,,,,,,,,,,,,,,,,0,,True,daytime_days_unspecified,,,,,MED,,MED,,,False,,,,,,,,,,,,,,,,,,[]
sgsc,sgsc_single,9754686,,,,,,,,,,,,,,,,1,,True,daytime_days_unspecified,,,,,NONE,,HI,,,True,,,,,,,,,,,,,,,,,,[]
sgsc,sgsc_single,9754748,,,,,,,,SeparateHouse,,,,,,,,0,,False,daytime_days_unspecified,,,,,NONE,,MED,,,True,,,,,,,,True,False,True,True,False,,,,,,[]
sgsc,sgsc_single,9766434,,,,,,,,,,,,,,,,1,,True,daytime_days_unspecified,,,,,MED,,HI,,,True,,,,,,,,,,,,,,,,,,[]
sgsc,sgsc_single,9773254,,,,,,,,,,,,,,,,0,,True,daytime_days_unspecified,,,,,LOW,,MED,,,True,,,,,,,,,,,,,,,,,,[]
sgsc,sgsc_single,9773350,,,,,,,,,,,,,,,,1,,True,daytime_days_unspecified,,,,,NONE,,HI,,,False,,,,,,,,,,,,,,,,,,[]
sgsc,sgsc_single,9788684,,,,,,,,,,,,,,,,1,,True,daytime_days_unspecified,,,,,LOW,,MED,,,True,,,,,,,,,,,,,,,,,,[]
sgsc,sgsc_single,9792040,,,,,,,,SeparateHouse,,,,,,,,1,,False,daytime_days_unspecified,,,,,LOW,,HI,,,True,,,,,,,,True,True,True,False,False,,,,,,[]
sgsc,sgsc_single,9794276,,,,,,,,Unit,,,,,,,,0,,False,daytime_days_unspecified,,,,,MED,,HI,,,False,,,,,,,,False,False,False,False,False,,,,,,[]
sgsc,sgsc_single,9801348,,,,,,,,,,,,,,,,1,,True,daytime_days_unspecified,,,,,LOW,,HI,,,True,,,,,,,,,,,,,,,,,,[]
sgsc,sgsc_single,9817934,,,,,,,,,,,,,,,,0,,True,daytime_days_unspecified,,,,,NONE,,HI,,,True,,,,,,,,,,,,,,,,,,[]
sgsc,sgsc_single,9820154,,,,,,,,,,,,,,,,0,,True,daytime_days_unspecified,,,,,NONE,,HI,,,True,,,,,,,,,,,,,,,,,,[]
sgsc,sgsc_single,9822308,,,,,,,,,,,,,,,,2,,True,daytime_days_unspecified,,,,,LOW,,HI,,,False,,,,,,,,,,,,,,,,,,[]
sgsc,sgsc_single,9822376,,,,,,,,,,,,,,,,0,,True,daytime_days_unspecified,,,,,LOW,,NONE,,,True,,,,,,,,,,,,,,,,,,[]
sgsc,sgsc_single,9822384,,,,,,,,,,,,,,,,0,,True,daytime_days_unspecified,,,,,HI,,HI,,,True,,,,,,,,,,,,,,,,,,[]
sgsc,sgsc_single,9822396,,,,,,,,,,,,,,,,0,,True,daytime_days_unspecified,,,,,MED,,MED,,,True,,,,,,,,,,,,,,,,,,[]
sgsc,sgsc_single,9822450,,,,,,,,,,,,,,,,0,,True,daytime_days_unspecified,,,,,LOW,,HI,,,False,,,,,,,,,,,,,,,,,,[]
sgsc,sgsc_single,9822750,,,,,,,,,,,,,,,,1,,True,daytime_days_unspecified,,,,,LOW,,HI,,,False,,,,,,,,,,,,,,,,,,[]
sgsc,sgsc_single,9826674,,,,,,,,,,,,,,,,0,,True,daytime_days_unspecified,,,,,LOW,,HI,,,True,,,,,,,,,,,,,,,,,,[]
sgsc,sgsc_single,9826908,,,,,,,,Unit,,,,,,,,0,,False,daytime_days_unspecified,,,,,MED,,HI,,,True,,,,,,,,False,False,False,False,False,,,,,,[]
sgsc,sgsc_single,9853040,,,,,,,,,,,,,,,,1,,True,daytime_days_unspecified,,,,,LOW,,HI,,,False,,,,,,,,,,,,,,,,,,[]
sgsc,sgsc_single,9853490,,,,,,,,,,,,,,,,0,,True,daytime_days_unspecified,,,,,LOW,,MED,,,False,,,,,,,,,,,,,,,,,,[]
sgsc,sgsc_single,9853614,,,,,,,,,,,,,,,,0,,True,daytime_days_unspecified,,,,,NONE,,HI,,,True,,,,,,,,,,,,,,,,,,[]
sgsc,sgsc_single,9856712,,,,,,,,,,,,,,,,0,,True,daytime_days_unspecified,,,,,HI,,LOW,,,True,,,,,,,,,,,,,,,,,,[]
sgsc,sgsc_single,9875242,,,,,,,,,,,,,,,,0,,True,daytime_days_unspecified,,,,,LOW,,HI,,,False,,,,,,,,,,,,,,,,,,[]
sgsc,sgsc_single,9903462,,,,,,,,,,,,,,,,0,,True,daytime_days_unspecified,,,,,LOW,,MED,,,True,,,,,,,,,,,,,,,,,,[]
sgsc,sgsc_single,9904450,,,,,,,,,,,,,,,,0,,True,daytime_days_unspecified,,,,,LOW,,HI,,,True,,,,,,,,,,,,,,,,,,[]
sgsc,sgsc_single,9905782,,,,,,,,,,,,,,,,0,,True,daytime_days_unspecified,,,,,LOW,,HI,,,False,,,,,,,,,,,,,,,,,,[]
sgsc,sgsc_single,9911146,,,,,,,,Unit,,,,,,,,0,,False,daytime_days_unspecified,,,,,LOW,,HI,,,True,,,,,,,,False,False,False,False,False,,,,,,[]
sgsc,sgsc_single,9911156,,,,,,,,Unit,,,,,,,,0,,False,daytime_days_unspecified,,,,,MED,,LOW,,,True,,,,,,,,False,False,False,False,False,,,,,,[]
sgsc,sgsc_single,9911158,,,,,,,,Unit,,,,,,,,0,,False,daytime_days_unspecified,,,,,MED,,HI,,,True,,,,,,,,False,False,False,False,False,,,,,,[]
sgsc,sgsc_single,9911192,,,,,,,,Unit,,,,,,,,0,,False,daytime_days_unspecified,,,,,LOW,,LOW,,,True,,,,,,,,True,False,False,False,False,,,,,,[]
sgsc,sgsc_single,9911200,,,,,,,,Unit,,,,,,,,0,,False,daytime_days_unspecified,,,,,MED,,HI,,,False,,,,,,,,False,False,False,False,False,,,,,,[]
sgsc,sgsc_single,9911266,,,,,,,,Unit,,,,,,,,0,,False,daytime_days_unspecified,,,,,LOW,,LOW,,,True,,,,,,,,True,False,False,False,False,,,,,,[]
sgsc,sgsc_single,9911274,,,,,,,,Unit,,,,,,,,0,,False,daytime_days_unspecified,,,,,MED,,HI,,,False,,,,,,,,False,False,False,False,False,,,,,,[]
sgsc,sgsc_single,9918508,,,,,,,,,,,,,,,,2,,True,daytime_days_unspecified,,,,,MED,,HI,,,False,,,,,,,,,,,,,,,,,,[]
sgsc,sgsc_single,9944996,,,,,,,,,,,,,,,,0,,True,daytime_days_unspecified,,,,,NONE,,HI,,,True,,,,,,,,,,,,,,,,,,[]
sgsc,sgsc_single,9950052,,,,,,,,,,,,,,,,0,,True,daytime_days_unspecified,,,,,NONE,,HI,,,False,,,,,,,,,,,,,,,,,,[]
sgsc,sgsc_single,9950154,,,,,,,,,,,,,,,,4,,True,daytime_days_unspecified,,,,,HI,,HI,,,True,,,,,,,,,,,,,,,,,,[]
sgsc,sgsc_single,9974138,,,,,,,,,,,,,,,,3,,True,daytime_days_unspecified,,,,,NONE,,HI,,,True,,,,,,,,,,,,,,,,,,[]
sgsc,sgsc_single,9976506,,,,,,,,,,,,,,,,0,,True,daytime_days_unspecified,,,,,LOW,,MED,,,True,,,,,,,,,,,,,,,,,,[]
sgsc,sgsc_single,9976582,,,,,,,,,,,,,,,,2,,True,daytime_days_unspecified,,,,,MED,,HI,,,True,,,,,,,,,,,,,,,,,,[]
sgsc,sgsc_single,9977836,,,,,,,,,,,,,,,,0,,True,daytime_days_unspecified,,,,,HI,,HI,,,False,,,,,,,,,,,,,,,,,,[]
sgsc,sgsc_single,9978018,,,,,,,,,,,,,,,,5,,True,daytime_days_unspecified,,,,,MED,,HI,,,False,,,,,,,,,,,,,,,,,,[]
sgsc,sgsc_single,9978028,,,,,,,,,,,,,,,,0,,True,daytime_days_unspecified,,,,,LOW,,HI,,,True,,,,,,,,,,,,,,,,,,[]
sgsc,sgsc_single,9985642,,,,,,,,SeparateHouse,,,,,,,,0,,False,daytime_days_unspecified,,,,,NONE,,HI,,,True,,,,,,,,True,False,True,True,False,,,,,,[]
sgsc,sgsc_single,9986640,,,,,,,,SeparateHouse,,,,,,,,1,,False,daytime_days_unspecified,,,,,LOW,,LOW,,,True,,,,,,,,True,True,False,True,False,,,,,,[]
sgsc,sgsc_single,9986646,,,,,,,,,,,,,,,,0,,True,daytime_days_unspecified,,,,,MED,,HI,,,True,,,,,,,,,,,,,,,,,,[]
sgsc,sgsc_single,9986808,,,,,,,,,,,,,,,,0,,True,daytime_days_unspecified,,,,,LOW,,LOW,,,True,,,,,,,,,,,,,,,,,,[]
sgsc,sgsc_single,9988540,,,,,,,,,,,,,,,,1,,True,daytime_days_unspecified,,,,,MED,,NONE,,,False,,,,,,,,,,,,,,,,,,[]
sgsc,sgsc_single,9994486,,,,,,,,,,,,,,,,1,,True,daytime_days_unspecified,,,,,LOW,,LOW,,,True,,,,,,,,,,,,,,,,,,[]
sgsc,sgsc_single,9994510,,,,,,,,SeparateHouse,,,,,,,,0,,False,daytime_days_unspecified,,,,,NONE,,MED,,,True,,,,,,,,True,False,True,True,False,,,,,,[]
sgsc,sgsc_single,9994536,,,,,,,,SeparateHouse,,,,,,,,0,,False,daytime_days_unspecified,,,,,NONE,,HI,,,True,,,,,,,,True,False,True,True,False,,,,,,[]
sgsc,sgsc_single,9997650,,,,,,,,,,,,,,,,0,,True,daytime_days_unspecified,,,,,NONE,,HI,,,True,,,,,,,,,,,,,,,,,,[]
sgsc,sgsc_single,9997848,,,,,,,,,,,,,,,,0,,True,daytime_days_unspecified,,,,,NONE,,HI,,,True,,,,,,,,,,,,,,,,,,[]
sgsc,sgsc_two_meter,10041256,,,,,,,,SeparateHouse,,,,,,,,0,,False,daytime_days_unspecified,,,,,NONE,,HI,,,True,,,,,,,,False,False,False,False,False,,,,,,[]
sgsc,sgsc_two_meter,10042548,,,,,,,,SeparateHouse,,,,,,,,0,,False,daytime_days_unspecified,,,,,NONE,,HI,,,True,,,,,,,,False,False,False,False,False,,,,,,[]
sgsc,sgsc_two_meter,10046512,,,,,,,,,,,,,,,,1,,True,daytime_days_unspecified,,,,,NONE,,MED,,,True,,,,,,,,,,,,,,,,,,[]
sgsc,sgsc_two_meter,10082576,,,,,,,,,,,,,,,,0,,True,daytime_days_unspecified,,,,,NONE,,HI,,,True,,,,,,,,,,,,,,,,,,[]
sgsc,sgsc_two_meter,10084384,,,,,,,,SeparateHouse,,,,,,,,1,,False,daytime_days_unspecified,,,,,LOW,,HI,,,True,,,,,,,,True,True,False,False,False,,,,,,[]
sgsc,sgsc_two_meter,10084400,,,,,,,,SeparateHouse,,,,,,,,0,,False,daytime_days_unspecified,,,,,MED,,HI,,,True,,,,,,,,True,True,True,True,False,,,,,,[]
sgsc,sgsc_two_meter,10084450,,,,,,,,SeparateHouse,,,,,,,,0,,False,daytime_days_unspecified,,,,,NONE,,MED,,,True,,,,,,,,False,False,False,False,False,,,,,,[]
sgsc,sgsc_two_meter,10090558,,,,,,,,,,,,,,,,0,,True,daytime_days_unspecified,,,,,LOW,,MED,,,True,,,,,,,,,,,,,,,,,,[]
sgsc,sgsc_two_meter,10101648,,,,,,,,,,,,,,,,0,,True,daytime_days_unspecified,,,,,NONE,,MED,,,True,,,,,,,,,,,,,,,,,,[]
sgsc,sgsc_two_meter,10131236,,,,,,,,SeparateHouse,,,,,,,,3,,False,daytime_days_unspecified,,,,,LOW,,HI,,,True,,,,,,,,True,True,False,False,False,,,,,,[]
sgsc,sgsc_two_meter,10133818,,,,,,,,,,,,,,,,0,,True,daytime_days_unspecified,,,,,NONE,,MED,,,True,,,,,,,,,,,,,,,,,,[]
sgsc,sgsc_two_meter,10133842,,,,,,,,,,,,,,,,0,,True,daytime_days_unspecified,,,,,NONE,,MED,,,True,,,,,,,,,,,,,,,,,,[]
sgsc,sgsc_two_meter,10170662,,,,,,,,,,,,,,,,4,,True,daytime_days_unspecified,,,,,HI,,NONE,,,True,,,,,,,,,,,,,,,,,,[]
sgsc,sgsc_two_meter,10172184,,,,,,,,SeparateHouse,,,,,,,,0,,False,daytime_days_unspecified,,,,,NONE,,MED,,,False,,,,,,,,False,False,False,False,False,,,,,,[]
sgsc,sgsc_two_meter,10173990,,,,,,,,SeparateHouse,,,,,,,,1,,False,daytime_days_unspecified,,,,,LOW,,HI,,,True,,,,,,,,True,True,True,True,True,,,,,,[]
sgsc,sgsc_two_meter,10183944,,,,,,,,SeparateHouse,,,,,,,,0,,False,daytime_days_unspecified,,,,,NONE,,HI,,,True,,,,,,,,False,False,False,False,False,,,,,,[]
sgsc,sgsc_two_meter,10183986,,,,,,,,SeparateHouse,,,,,,,,0,,False,daytime_days_unspecified,,,,,NONE,,MED,,,True,,,,,,,,True,False,True,True,False,,,,,,[]
sgsc,sgsc_two_meter,10184060,,,,,,,,SeparateHouse,,,,,,,,0,,False,daytime_days_unspecified,,,,,LOW,,HI,,,True,,,,,,,,False,False,False,False,False,,,,,,[]
sgsc,sgsc_two_meter,10213152,,,,,,,,,,,,,,,,0,,True,daytime_days_unspecified,,,,,NONE,,MED,,,False,,,,,,,,,,,,,,,,,,[]
sgsc,sgsc_two_meter,10214788,,,,,,,,,,,,,,,,7,,True,daytime_days_unspecified,,,,,LOW,,HI,,,True,,,,,,,,,,,,,,,,,,[]
sgsc,sgsc_two_meter,10234378,,,,,,,,,,,,,,,,0,,True,daytime_days_unspecified,,,,,HI,,HI,,,True,,,,,,,,,,,,,,,,,,[]
sgsc,sgsc_two_meter,10254974,,,,,,,,,,,,,,,,0,,True,daytime_days_unspecified,,,,,HI,,HI,,,True,,,,,,,,,,,,,,,,,,[]
sgsc,sgsc_two_meter,10288598,,,,,,,,SeparateHouse,,,,,,,,0,,False,daytime_days_unspecified,,,,,NONE,,MED,,,True,,,,,,,,True,False,True,True,False,,,,,,[]
sgsc,sgsc_two_meter,10291880,,,,,,,,,,,,,,,,0,,True,daytime_days_unspecified,,,,,MED,,LOW,,,True,,,,,,,,,,,,,,,,,,[]
sgsc,sgsc_two_meter,10370818,,,,,,,,,,,,,,,,0,,True,daytime_days_unspecified,,,,,LOW,,HI,,,True,,,,,,,,,,,,,,,,,,[]
sgsc,sgsc_two_meter,10398851,,,,,,,,Unit,,,,,,,,0,,False,daytime_days_unspecified,,,,,LOW,,HI,,,False,,,,,,,,False,False,False,False,False,,,,,,[]
sgsc,sgsc_two_meter,10411387,,,,,,,,,,,,,,,,0,,True,daytime_days_unspecified,,,,,NONE,,HI,,,False,,,,,,,,,,,,,,,,,,[]
sgsc,sgsc_two_meter,10419973,,,,,,,,SeparateHouse,,,,,,,,4,,False,daytime_days_unspecified,,,,,LOW,,MED,,,True,,,,,,,,True,True,False,False,False,,,,,,[]
sgsc,sgsc_two_meter,10420005,,,,,,,,SeparateHouse,,,,,,,,0,,False,daytime_days_unspecified,,,,,LOW,,MED,,,True,,,,,,,,False,False,False,False,False,,,,,,[]
sgsc,sgsc_two_meter,10422967,,,,,,,,SeparateHouse,,,,,,,,0,,False,daytime_days_unspecified,,,,,NONE,,HI,,,True,,,,,,,,False,False,False,False,False,,,,,,[]
sgsc,sgsc_two_meter,10440277,,,,,,,,SeparateHouse,,,,,,,,0,,False,daytime_days_unspecified,,,,,LOW,,HI,,,True,,,,,,,,False,False,False,False,False,,,,,,[]
sgsc,sgsc_two_meter,10444377,,,,,,,,SeparateHouse,,,,,,,,0,,False,daytime_days_unspecified,,,,,LOW,,MED,,,True,,,,,,,,False,False,False,False,False,,,,,,[]
sgsc,sgsc_two_meter,10453405,,,,,,,,,,,,,,,,0,,True,daytime_days_unspecified,,,,,NONE,,HI,,,True,,,,,,,,,,,,,,,,,,[]
sgsc,sgsc_two_meter,10453421,,,,,,,,,,,,,,,,0,,True,daytime_days_unspecified,,,,,LOW,,HI,,,False,,,,,,,,,,,,,,,,,,[]
sgsc,sgsc_two_meter,10453437,,,,,,,,,,,,,,,,0,,True,daytime_days_unspecified,,,,,LOW,,HI,,,True,,,,,,,,,,,,,,,,,,[]
sgsc,sgsc_two_meter,10463465,,,,,,,,,,,,,,,,0,,True,daytime_days_unspecified,,,,,LOW,,HI,,,True,,,,,,,,,,,,,,,,,,[]
sgsc,sgsc_two_meter,10469315,,,,,,,,SeparateHouse,,,,,,,,7,,False,daytime_days_unspecified,,,,,MED,,HI,,,True,,,,,,,,True,True,False,True,False,,,,,,[]
sgsc,sgsc_two_meter,10469421,,,,,,,,SeparateHouse,,,,,,,,0,,False,daytime_days_unspecified,,,,,LOW,,HI,,,True,,,,,,,,False,False,False,False,False,,,,,,[]
sgsc,sgsc_two_meter,10501515,,,,,,,,,,,,,,,,0,,True,daytime_days_unspecified,,,,,MED,,HI,,,True,,,,,,,,,,,,,,,,,,[]
sgsc,sgsc_two_meter,10501593,,,,,,,,,,,,,,,,0,,True,daytime_days_unspecified,,,,,LOW,,MED,,,True,,,,,,,,,,,,,,,,,,[]
sgsc,sgsc_two_meter,10501601,,,,,,,,SeparateHouse,,,,,,,,0,,False,daytime_days_unspecified,,,,,MED,,MED,,,True,,,,,,,,True,False,False,True,False,,,,,,[]
sgsc,sgsc_two_meter,10501631,,,,,,,,,,,,,,,,0,,True,daytime_days_unspecified,,,,,LOW,,MED,,,True,,,,,,,,,,,,,,,,,,[]
sgsc,sgsc_two_meter,10503243,,,,,,,,,,,,,,,,0,,True,daytime_days_unspecified,,,,,LOW,,HI,,,True,,,,,,,,,,,,,,,,,,[]
sgsc,sgsc_two_meter,10509825,,,,,,,,,,,,,,,,0,,True,daytime_days_unspecified,,,,,NONE,,HI,,,True,,,,,,,,,,,,,,,,,,[]
sgsc,sgsc_two_meter,10509911,,,,,,,,,,,,,,,,0,,True,daytime_days_unspecified,,,,,MED,,NONE,,,True,,,,,,,,,,,,,,,,,,[]
sgsc,sgsc_two_meter,10546357,,,,,,,,,,,,,,,,0,,True,daytime_days_unspecified,,,,,HI,,LOW,,,True,,,,,,,,,,,,,,,,,,[]
sgsc,sgsc_two_meter,10546433,,,,,,,,SeparateHouse,,,,,,,,0,,False,daytime_days_unspecified,,,,,LOW,,MED,,,True,,,,,,,,False,False,False,False,False,,,,,,[]
sgsc,sgsc_two_meter,10551299,,,,,,,,SeparateHouse,,,,,,,,0,,False,daytime_days_unspecified,,,,,MED,,MED,,,True,,,,,,,,False,False,False,False,False,,,,,,[]
sgsc,sgsc_two_meter,10555801,,,,,,,,,,,,,,,,0,,True,daytime_days_unspecified,,,,,LOW,,HI,,,True,,,,,,,,,,,,,,,,,,[]
sgsc,sgsc_two_meter,10559451,,,,,,,,,,,,,,,,1,,True,daytime_days_unspecified,,,,,LOW,,HI,,,True,,,,,,,,,,,,,,,,,,[]
sgsc,sgsc_two_meter,10582493,,,,,,,,SeparateHouse,,,,,,,,0,,False,daytime_days_unspecified,,,,,LOW,,LOW,,,True,,,,,,,,True,False,False,True,False,,,,,,[]
sgsc,sgsc_two_meter,10583370,,,,,,,,,,,,,,,,5,,True,daytime_days_unspecified,,,,,MED,,LOW,,,True,,,,,,,,,,,,,,,,,,[]
sgsc,sgsc_two_meter,10589972,,,,,,,,,,,,,,,,0,,True,daytime_days_unspecified,,,,,LOW,,HI,,,True,,,,,,,,,,,,,,,,,,[]
sgsc,sgsc_two_meter,10589978,,,,,,,,SeparateHouse,,,,,,,,0,,False,daytime_days_unspecified,,,,,MED,,MED,,,True,,,,,,,,False,False,False,False,False,,,,,,[]
sgsc,sgsc_two_meter,10590194,,,,,,,,,,,,,,,,0,,True,daytime_days_unspecified,,,,,LOW,,HI,,,True,,,,,,,,,,,,,,,,,,[]
sgsc,sgsc_two_meter,10590246,,,,,,,,SeparateHouse,,,,,,,,2,,False,daytime_days_unspecified,,,,,MED,,HI,,,True,,,,,,,,True,True,False,True,False,,,,,,[]
sgsc,sgsc_two_meter,10590830,,,,,,,,,,,,,,,,1,,True,daytime_days_unspecified,,,,,HI,,MED,,,True,,,,,,,,,,,,,,,,,,[]
sgsc,sgsc_two_meter,10592658,,,,,,,,Unit,,,,,,,,0,,False,daytime_days_unspecified,,,,,LOW,,HI,,,True,,,,,,,,False,False,False,False,False,,,,,,[]
sgsc,sgsc_two_meter,10592666,,,,,,,,Unit,,,,,,,,0,,False,daytime_days_unspecified,,,,,LOW,,MED,,,True,,,,,,,,True,False,True,True,False,,,,,,[]
sgsc,sgsc_two_meter,10593056,,,,,,,,SeparateHouse,,,,,,,,0,,False,daytime_days_unspecified,,,,,MED,,LOW,,,True,,,,,,,,True,False,False,False,False,,,,,,[]
sgsc,sgsc_two_meter,10593522,,,,,,,,SeparateHouse,,,,,,,,0,,False,daytime_days_unspecified,,,,,MED,,HI,,,True,,,,,,,,False,False,False,False,False,,,,,,[]
sgsc,sgsc_two_meter,10595460,,,,,,,,SeparateHouse,,,,,,,,1,,False,daytime_days_unspecified,,,,,LOW,,HI,,,True,,,,,,,,True,True,False,True,False,,,,,,[]
sgsc,sgsc_two_meter,10595616,,,,,,,,,,,,,,,,0,,True,daytime_days_unspecified,,,,,LOW,,HI,,,True,,,,,,,,,,,,,,,,,,[]
sgsc,sgsc_two_meter,10599036,,,,,,,,,,,,,,,,0,,True,daytime_days_unspecified,,,,,LOW,,MED,,,True,,,,,,,,,,,,,,,,,,[]
sgsc,sgsc_two_meter,10599046,,,,,,,,SeparateHouse,,,,,,,,1,,False,daytime_days_unspecified,,,,,MED,,MED,,,True,,,,,,,,True,True,True,False,False,,,,,,[]
sgsc,sgsc_two_meter,10631457,,,,,,,,,,,,,,,,0,,True,daytime_days_unspecified,,,,,LOW,,HI,,,False,,,,,,,,,,,,,,,,,,[]
sgsc,sgsc_two_meter,10632219,,,,,,,,,,,,,,,,5,,True,daytime_days_unspecified,,,,,LOW,,HI,,,True,,,,,,,,,,,,,,,,,,[]
sgsc,sgsc_two_meter,10632337,,,,,,,,SeparateHouse,,,,,,,,0,,False,daytime_days_unspecified,,,,,MED,,HI,,,True,,,,,,,,True,False,True,True,True,,,,,,[]
sgsc,sgsc_two_meter,10640431,,,,,,,,SeparateHouse,,,,,,,,0,,False,daytime_days_unspecified,,,,,MED,,MED,,,True,,,,,,,,True,False,False,True,False,,,,,,[]
sgsc,sgsc_two_meter,10645713,,,,,,,,,,,,,,,,0,,True,daytime_days_unspecified,,,,,LOW,,HI,,,False,,,,,,,,,,,,,,,,,,[]
sgsc,sgsc_two_meter,10657699,,,,,,,,,,,,,,,,0,,True,daytime_days_unspecified,,,,,MED,,MED,,,True,,,,,,,,,,,,,,,,,,[]
sgsc,sgsc_two_meter,10672461,,,,,,,,,,,,,,,,0,,True,daytime_days_unspecified,,,,,LOW,,HI,,,True,,,,,,,,,,,,,,,,,,[]
sgsc,sgsc_two_meter,10677837,,,,,,,,,,,,,,,,0,,True,daytime_days_unspecified,,,,,LOW,,MED,,,True,,,,,,,,,,,,,,,,,,[]
sgsc,sgsc_two_meter,10690822,,,,,,,,SeparateHouse,,,,,,,,0,,False,daytime_days_unspecified,,,,,NONE,,MED,,,True,,,,,,,,True,True,True,True,False,,,,,,[]
sgsc,sgsc_two_meter,10690844,,,,,,,,,,,,,,,,0,,True,daytime_days_unspecified,,,,,NONE,,HI,,,False,,,,,,,,,,,,,,,,,,[]
sgsc,sgsc_two_meter,10690966,,,,,,,,,,,,,,,,0,,True,daytime_days_unspecified,,,,,MED,,MED,,,True,,,,,,,,,,,,,,,,,,[]
sgsc,sgsc_two_meter,10692200,,,,,,,,,,,,,,,,0,,True,daytime_days_unspecified,,,,,LOW,,MED,,,True,,,,,,,,,,,,,,,,,,[]
sgsc,sgsc_two_meter,10692302,,,,,,,,SeparateHouse,,,,,,,,1,,False,daytime_days_unspecified,,,,,LOW,,MED,,,True,,,,,,,,True,True,False,True,False,,,,,,[]
sgsc,sgsc_two_meter,10703876,,,,,,,,SeparateHouse,,,,,,,,0,,False,daytime_days_unspecified,,,,,LOW,,HI,,,True,,,,,,,,True,False,True,True,False,,,,,,[]
sgsc,sgsc_two_meter,10703952,,,,,,,,SeparateHouse,,,,,,,,5,,False,daytime_days_unspecified,,,,,NONE,,NONE,,,False,,,,,,,,True,True,True,False,False,,,,,,[]
sgsc,sgsc_two_meter,10704334,,,,,,,,,,,,,,,,4,,True,daytime_days_unspecified,,,,,MED,,MED,,,True,,,,,,,,,,,,,,,,,,[]
sgsc,sgsc_two_meter,10707006,,,,,,,,,,,,,,,,0,,True,daytime_days_unspecified,,,,,MED,,HI,,,True,,,,,,,,,,,,,,,,,,[]
sgsc,sgsc_two_meter,10733882,,,,,,,,SeparateHouse,,,,,,,,0,,False,daytime_days_unspecified,,,,,NONE,,HI,,,False,,,,,,,,False,False,False,False,False,,,,,,[]
sgsc,sgsc_two_meter,10748976,,,,,,,,,,,,,,,,2,,True,daytime_days_unspecified,,,,,LOW,,HI,,,True,,,,,,,,,,,,,,,,,,[]
sgsc,sgsc_two_meter,10787638,,,,,,,,,,,,,,,,0,,True,daytime_days_unspecified,,,,,LOW,,HI,,,True,,,,,,,,,,,,,,,,,,[]
sgsc,sgsc_two_meter,10802232,,,,,,,,SeparateHouse,,,,,,,,0,,False,daytime_days_unspecified,,,,,LOW,,MED,,,True,,,,,,,,False,False,False,False,False,,,,,,[]
sgsc,sgsc_two_meter,10833550,,,,,,,,SeparateHouse,,,,,,,,0,,False,daytime_days_unspecified,,,,,LOW,,NONE,,,True,,,,,,,,False,False,False,False,False,,,,,,[]
sgsc,sgsc_two_meter,10850196,,,,,,,,SeparateHouse,,,,,,,,0,,False,daytime_days_unspecified,,,,,MED,,MED,,,False,,,,,,,,False,False,False,False,False,,,,,,[]
sgsc,sgsc_two_meter,10866254,,,,,,,,,,,,,,,,8,,True,daytime_days_unspecified,,,,,LOW,,HI,,,True,,,,,,,,,,,,,,,,,,[]
sgsc,sgsc_two_meter,10883448,,,,,,,,,,,,,,,,0,,True,daytime_days_unspecified,,,,,LOW,,MED,,,True,,,,,,,,,,,,,,,,,,[]
sgsc,sgsc_two_meter,10883472,,,,,,,,SeparateHouse,,,,,,,,0,,False,daytime_days_unspecified,,,,,LOW,,HI,,,True,,,,,,,,False,False,False,False,False,,,,,,[]
sgsc,sgsc_two_meter,10910070,,,,,,,,,,,,,,,,2,,True,daytime_days_unspecified,,,,,LOW,,MED,,,True,,,,,,,,,,,,,,,,,,[]
sgsc,sgsc_two_meter,10911850,,,,,,,,,,,,,,,,1,,True,daytime_days_unspecified,,,,,LOW,,MED,,,True,,,,,,,,,,,,,,,,,,[]
sgsc,sgsc_two_meter,10934068,,,,,,,,SeparateHouse,,,,,,,,0,,False,daytime_days_unspecified,,,,,LOW,,HI,,,True,,,,,,,,True,False,False,True,False,,,,,,[]
sgsc,sgsc_two_meter,10940418,,,,,,,,,,,,,,,,1,,True,daytime_days_unspecified,,,,,LOW,,MED,,,True,,,,,,,,,,,,,,,,,,[]
sgsc,sgsc_two_meter,11003698,,,,,,,,,,,,,,,,0,,True,daytime_days_unspecified,,,,,LOW,,MED,,,True,,,,,,,,,,,,,,,,,,[]
sgsc,sgsc_two_meter,11006680,,,,,,,,SeparateHouse,,,,,,,,1,,False,daytime_days_unspecified,,,,,LOW,,HI,,,True,,,,,,,,True,True,False,True,False,,,,,,[]
sgsc,sgsc_two_meter,11013138,,,,,,,,SeparateHouse,,,,,,,,0,,False,daytime_days_unspecified,,,,,MED,,HI,,,True,,,,,,,,False,False,False,False,False,,,,,,[]
sgsc,sgsc_two_meter,11013154,,,,,,,,SeparateHouse,,,,,,,,4,,False,daytime_days_unspecified,,,,,NONE,,HI,,,True,,,,,,,,True,True,False,False,False,,,,,,[]
sgsc,sgsc_two_meter,11014592,,,,,,,,SeparateHouse,,,,,,,,0,,False,daytime_days_unspecified,,,,,NONE,,MED,,,True,,,,,,,,False,False,False,False,False,,,,,,[]
sgsc,sgsc_two_meter,11021762,,,,,,,,SeparateHouse,,,,,,,,0,,False,daytime_days_unspecified,,,,,LOW,,MED,,,True,,,,,,,,False,False,False,False,False,,,,,,[]
sgsc,sgsc_two_meter,11021894,,,,,,,,,,,,,,,,0,,True,daytime_days_unspecified,,,,,LOW,,HI,,,True,,,,,,,,,,,,,,,,,,[]
sgsc,sgsc_two_meter,11021956,,,,,,,,SeparateHouse,,,,,,,,0,,False,daytime_days_unspecified,,,,,LOW,,HI,,,True,,,,,,,,False,False,False,False,False,,,,,,[]
sgsc,sgsc_two_meter,11021992,,,,,,,,SeparateHouse,,,,,,,,3,,False,daytime_days_unspecified,,,,,LOW,,HI,,,True,,,,,,,,True,True,True,False,False,,,,,,[]
sgsc,sgsc_two_meter,11022512,,,,,,,,SeparateHouse,,,,,,,,3,,False,daytime_days_unspecified,,,,,LOW,,MED,,,True,,,,,,,,True,True,False,True,False,,,,,,[]
sgsc,sgsc_two_meter,11074344,,,,,,,,,,,,,,,,0,,True,daytime_days_unspecified,,,,,NONE,,MED,,,True,,,,,,,,,,,,,,,,,,[]
sgsc,sgsc_two_meter,11081920,,,,,,,,,,,,,,,,0,,True,daytime_days_unspecified,,,,,NONE,,HI,,,True,,,,,,,,,,,,,,,,,,[]
sgsc,sgsc_two_meter,11081980,,,,,,,,,,,,,,,,0,,True,daytime_days_unspecified,,,,,NONE,,HI,,,True,,,,,,,,,,,,,,,,,,[]
sgsc,sgsc_two_meter,11109405,,,,,,,,,,,,,,,,1,,True,daytime_days_unspecified,,,,,MED,,HI,,,True,,,,,,,,,,,,,,,,,,[]
sgsc,sgsc_two_meter,11127663,,,,,,,,SeparateHouse,,,,,,,,0,,False,daytime_days_unspecified,,,,,LOW,,HI,,,True,,,,,,,,True,False,False,True,True,,,,,,[]
sgsc,sgsc_two_meter,11154951,,,,,,,,SeparateHouse,,,,,,,,0,,False,daytime_days_unspecified,,,,,NONE,,HI,,,True,,,,,,,,True,False,True,False,False,,,,,,[]
sgsc,sgsc_two_meter,11155055,,,,,,,,SeparateHouse,,,,,,,,0,,False,daytime_days_unspecified,,,,,NONE,,LOW,,,False,,,,,,,,True,False,False,False,False,,,,,,[]
sgsc,sgsc_two_meter,11187555,,,,,,,,SeparateHouse,,,,,,,,0,,False,daytime_days_unspecified,,,,,LOW,,HI,,,False,,,,,,,,False,False,False,False,False,,,,,,[]
sgsc,sgsc_two_meter,11212692,,,,,,,,,,,,,,,,0,,True,daytime_days_unspecified,,,,,LOW,,HI,,,False,,,,,,,,,,,,,,,,,,[]
sgsc,sgsc_two_meter,11268978,,,,,,,,SeparateHouse,,,,,,,,1,,False,daytime_days_unspecified,,,,,NONE,,HI,,,False,,,,,,,,True,True,True,False,False,,,,,,[]
sgsc,sgsc_two_meter,11278190,,,,,,,,,,,,,,,,3,,True,daytime_days_unspecified,,,,,MED,,HI,,,False,,,,,,,,,,,,,,,,,,[]
sgsc,sgsc_two_meter,11278340,,,,,,,,,,,,,,,,1,,True,daytime_days_unspecified,,,,,NONE,,HI,,,True,,,,,,,,,,,,,,,,,,[]
sgsc,sgsc_two_meter,11286578,,,,,,,,,,,,,,,,0,,True,daytime_days_unspecified,,,,,LOW,,MED,,,False,,,,,,,,,,,,,,,,,,[]
sgsc,sgsc_two_meter,11380357,,,,,,,,SeparateHouse,,,,,,,,0,,False,daytime_days_unspecified,,,,,LOW,,MED,,,True,,,,,,,,False,False,False,False,False,,,,,,[]
sgsc,sgsc_two_meter,11445305,,,,,,,,,,,,,,,,0,,True,daytime_days_unspecified,,,,,MED,,HI,,,False,,,,,,,,,,,,,,,,,,[]
sgsc,sgsc_two_meter,11453220,,,,,,,,SeparateHouse,,,,,,,,0,,False,daytime_days_unspecified,,,,,NONE,,HI,,,True,,,,,,,,False,False,False,False,False,,,,,,[]
sgsc,sgsc_two_meter,11453226,,,,,,,,SeparateHouse,,,,,,,,0,,False,daytime_days_unspecified,,,,,NONE,,HI,,,False,,,,,,,,False,False,False,False,False,,,,,,[]
sgsc,sgsc_two_meter,11463225,,,,,,,,,,,,,,,,0,,True,daytime_days_unspecified,,,,,LOW,,HI,,,True,,,,,,,,,,,,,,,,,,[]
sgsc,sgsc_two_meter,11466587,,,,,,,,SeparateHouse,,,,,,,,0,,False,daytime_days_unspecified,,,,,LOW,,LOW,,,True,,,,,,,,False,False,False,False,False,,,,,,[]
sgsc,sgsc_two_meter,11467349,,,,,,,,,,,,,,,,0,,True,daytime_days_unspecified,,,,,LOW,,MED,,,True,,,,,,,,,,,,,,,,,,[]
sgsc,sgsc_two_meter,11467371,,,,,,,,SeparateHouse,,,,,,,,0,,False,daytime_days_unspecified,,,,,LOW,,MED,,,True,,,,,,,,False,False,False,False,False,,,,,,[]
sgsc,sgsc_two_meter,11467402,,,,,,,,SeparateHouse,,,,,,,,0,,False,daytime_days_unspecified,,,,,LOW,,HI,,,True,,,,,,,,False,False,False,False,False,,,,,,[]
sgsc,sgsc_two_meter,8143763,,,,,,,,,,,,,,,,0,,True,daytime_days_unspecified,,,,,NONE,,HI,,,True,,,,,,,,,,,,,,,,,,[]
sgsc,sgsc_two_meter,8145117,,,,,,,,,,,,,,,,0,,True,daytime_days_unspecified,,,,,LOW,,HI,,,True,,,,,,,,,,,,,,,,,,[]
sgsc,sgsc_two_meter,8145203,,,,,,,,,,,,,,,,0,,True,daytime_days_unspecified,,,,,MED,,HI,,,True,,,,,,,,,,,,,,,,,,[]
sgsc,sgsc_two_meter,8145227,,,,,,,,,,,,,,,,0,,True,daytime_days_unspecified,,,,,LOW,,HI,,,True,,,,,,,,,,,,,,,,,,[]
sgsc,sgsc_two_meter,8145427,,,,,,,,,,,,,,,,0,,True,daytime_days_unspecified,,,,,MED,,HI,,,True,,,,,,,,,,,,,,,,,,[]
sgsc,sgsc_two_meter,8145435,,,,,,,,SeparateHouse,,,,,,,,0,,False,daytime_days_unspecified,,,,,LOW,,MED,,,True,,,,,,,,False,False,False,False,False,,,,,,[]
sgsc,sgsc_two_meter,8145987,,,,,,,,SeparateHouse,,,,,,,,2,,False,daytime_days_unspecified,,,,,NONE,,MED,,,False,,,,,,,,True,True,False,False,False,,,,,,[]
sgsc,sgsc_two_meter,8145997,,,,,,,,SeparateHouse,,,,,,,,3,,False,daytime_days_unspecified,,,,,NONE,,HI,,,False,,,,,,,,True,True,False,False,True,,,,,,[]
sgsc,sgsc_two_meter,8146227,,,,,,,,,,,,,,,,0,,True,daytime_days_unspecified,,,,,LOW,,MED,,,True,,,,,,,,,,,,,,,,,,[]
sgsc,sgsc_two_meter,8146235,,,,,,,,SeparateHouse,,,,,,,,0,,False,daytime_days_unspecified,,,,,LOW,,MED,,,False,,,,,,,,False,False,False,False,False,,,,,,[]
sgsc,sgsc_two_meter,8147725,,,,,,,,,,,,,,,,0,,True,daytime_days_unspecified,,,,,NONE,,NONE,,,True,,,,,,,,,,,,,,,,,,[]
sgsc,sgsc_two_meter,8147769,,,,,,,,SeparateHouse,,,,,,,,0,,False,daytime_days_unspecified,,,,,LOW,,HI,,,True,,,,,,,,False,False,False,False,False,,,,,,[]
sgsc,sgsc_two_meter,8149711,,,,,,,,,,,,,,,,0,,True,daytime_days_unspecified,,,,,NONE,,MED,,,True,,,,,,,,,,,,,,,,,,[]
sgsc,sgsc_two_meter,8149997,,,,,,,,SeparateHouse,,,,,,,,1,,False,daytime_days_unspecified,,,,,MED,,HI,,,True,,,,,,,,True,True,False,True,False,,,,,,[]
sgsc,sgsc_two_meter,8150103,,,,,,,,SeparateHouse,,,,,,,,0,,False,daytime_days_unspecified,,,,,NONE,,HI,,,False,,,,,,,,False,False,False,False,False,,,,,,[]
sgsc,sgsc_two_meter,8150331,,,,,,,,,,,,,,,,0,,True,daytime_days_unspecified,,,,,LOW,,MED,,,True,,,,,,,,,,,,,,,,,,[]
sgsc,sgsc_two_meter,8150419,,,,,,,,,,,,,,,,0,,True,daytime_days_unspecified,,,,,HI,,HI,,,False,,,,,,,,,,,,,,,,,,[]
sgsc,sgsc_two_meter,8150621,,,,,,,,SeparateHouse,,,,,,,,0,,False,daytime_days_unspecified,,,,,LOW,,MED,,,True,,,,,,,,False,False,False,False,False,,,,,,[]
sgsc,sgsc_two_meter,8150665,,,,,,,,,,,,,,,,1,,True,daytime_days_unspecified,,,,,LOW,,HI,,,True,,,,,,,,,,,,,,,,,,[]
sgsc,sgsc_two_meter,8151767,,,,,,,,,,,,,,,,3,,True,daytime_days_unspecified,,,,,NONE,,HI,,,True,,,,,,,,,,,,,,,,,,[]
sgsc,sgsc_two_meter,8151853,,,,,,,,,,,,,,,,0,,True,daytime_days_unspecified,,,,,LOW,,HI,,,True,,,,,,,,,,,,,,,,,,[]
sgsc,sgsc_two_meter,8155743,,,,,,,,,,,,,,,,0,,True,daytime_days_unspecified,,,,,MED,,HI,,,True,,,,,,,,,,,,,,,,,,[]
sgsc,sgsc_two_meter,8155843,,,,,,,,,,,,,,,,0,,True,daytime_days_unspecified,,,,,LOW,,MED,,,True,,,,,,,,,,,,,,,,,,[]
sgsc,sgsc_two_meter,8156631,,,,,,,,,,,,,,,,0,,True,daytime_days_unspecified,,,,,NONE,,HI,,,True,,,,,,,,,,,,,,,,,,[]
sgsc,sgsc_two_meter,8156637,,,,,,,,SeparateHouse,,,,,,,,2,,False,daytime_days_unspecified,,,,,NONE,,HI,,,True,,,,,,,,True,True,False,False,False,,,,,,[]
sgsc,sgsc_two_meter,8157323,,,,,,,,,,,,,,,,0,,True,daytime_days_unspecified,,,,,MED,,HI,,,True,,,,,,,,,,,,,,,,,,[]
sgsc,sgsc_two_meter,8158061,,,,,,,,SeparateHouse,,,,,,,,2,,False,daytime_days_unspecified,,,,,LOW,,HI,,,True,,,,,,,,True,True,False,True,False,,,,,,[]
sgsc,sgsc_two_meter,8158789,,,,,,,,SeparateHouse,,,,,,,,2,,False,daytime_days_unspecified,,,,,MED,,HI,,,True,,,,,,,,True,True,False,False,False,,,,,,[]
sgsc,sgsc_two_meter,8160751,,,,,,,,,,,,,,,,0,,True,daytime_days_unspecified,,,,,NONE,,MED,,,True,,,,,,,,,,,,,,,,,,[]
sgsc,sgsc_two_meter,8161837,,,,,,,,,,,,,,,,0,,True,daytime_days_unspecified,,,,,LOW,,HI,,,True,,,,,,,,,,,,,,,,,,[]
sgsc,sgsc_two_meter,8161931,,,,,,,,SeparateHouse,,,,,,,,3,,False,daytime_days_unspecified,,,,,LOW,,MED,,,True,,,,,,,,True,True,False,True,False,,,,,,[]
sgsc,sgsc_two_meter,8161973,,,,,,,,SeparateHouse,,,,,,,,0,,False,daytime_days_unspecified,,,,,LOW,,LOW,,,True,,,,,,,,True,False,False,False,False,,,,,,[]
sgsc,sgsc_two_meter,8163699,,,,,,,,,,,,,,,,0,,True,daytime_days_unspecified,,,,,LOW,,MED,,,True,,,,,,,,,,,,,,,,,,[]
sgsc,sgsc_two_meter,8163731,,,,,,,,,,,,,,,,0,,True,daytime_days_unspecified,,,,,LOW,,HI,,,True,,,,,,,,,,,,,,,,,,[]
sgsc,sgsc_two_meter,8164567,,,,,,,,,,,,,,,,0,,True,daytime_days_unspecified,,,,,MED,,HI,,,True,,,,,,,,,,,,,,,,,,[]
sgsc,sgsc_two_meter,8165799,,,,,,,,SeparateHouse,,,,,,,,2,,False,daytime_days_unspecified,,,,,MED,,MED,,,True,,,,,,,,True,True,False,True,False,,,,,,[]
sgsc,sgsc_two_meter,8165929,,,,,,,,,,,,,,,,0,,True,daytime_days_unspecified,,,,,NONE,,HI,,,False,,,,,,,,,,,,,,,,,,[]
sgsc,sgsc_two_meter,8168455,,,,,,,,SeparateHouse,,,,,,,,0,,False,daytime_days_unspecified,,,,,NONE,,HI,,,True,,,,,,,,True,False,False,False,False,,,,,,[]
sgsc,sgsc_two_meter,8169427,,,,,,,,,,,,,,,,2,,True,daytime_days_unspecified,,,,,HI,,NONE,,,True,,,,,,,,,,,,,,,,,,[]
sgsc,sgsc_two_meter,8170449,,,,,,,,Unit,,,,,,,,0,,False,daytime_days_unspecified,,,,,NONE,,MED,,,True,,,,,,,,False,False,False,False,False,,,,,,[]
sgsc,sgsc_two_meter,8170477,,,,,,,,SeparateHouse,,,,,,,,2,,False,daytime_days_unspecified,,,,,LOW,,HI,,,True,,,,,,,,True,True,False,False,False,,,,,,[]
sgsc,sgsc_two_meter,8170675,,,,,,,,SeparateHouse,,,,,,,,0,,False,daytime_days_unspecified,,,,,NONE,,HI,,,True,,,,,,,,True,False,False,True,False,,,,,,[]
sgsc,sgsc_two_meter,8171275,,,,,,,,,,,,,,,,0,,True,daytime_days_unspecified,,,,,LOW,,MED,,,True,,,,,,,,,,,,,,,,,,[]
sgsc,sgsc_two_meter,8171535,,,,,,,,,,,,,,,,0,,True,daytime_days_unspecified,,,,,LOW,,MED,,,False,,,,,,,,,,,,,,,,,,[]
sgsc,sgsc_two_meter,8173165,,,,,,,,SeparateHouse,,,,,,,,1,,False,daytime_days_unspecified,,,,,LOW,,HI,,,False,,,,,,,,True,True,False,True,False,,,,,,[]
sgsc,sgsc_two_meter,8175729,,,,,,,,SeparateHouse,,,,,,,,0,,False,daytime_days_unspecified,,,,,LOW,,MED,,,False,,,,,,,,True,False,True,True,False,,,,,,[]
sgsc,sgsc_two_meter,8176619,,,,,,,,,,,,,,,,0,,True,daytime_days_unspecified,,,,,MED,,NONE,,,True,,,,,,,,,,,,,,,,,,[]
sgsc,sgsc_two_meter,8177381,,,,,,,,SeparateHouse,,,,,,,,1,,False,daytime_days_unspecified,,,,,MED,,HI,,,True,,,,,,,,True,True,False,True,False,,,,,,[]
sgsc,sgsc_two_meter,8178949,,,,,,,,,,,,,,,,0,,True,daytime_days_unspecified,,,,,LOW,,HI,,,True,,,,,,,,,,,,,,,,,,[]
sgsc,sgsc_two_meter,8179313,,,,,,,,Unit,,,,,,,,0,,False,daytime_days_unspecified,,,,,MED,,HI,,,False,,,,,,,,False,False,False,False,False,,,,,,[]
sgsc,sgsc_two_meter,8179495,,,,,,,,Unit,,,,,,,,0,,False,daytime_days_unspecified,,,,,LOW,,HI,,,False,,,,,,,,False,False,False,False,False,,,,,,[]
sgsc,sgsc_two_meter,8180189,,,,,,,,,,,,,,,,0,,True,daytime_days_unspecified,,,,,NONE,,HI,,,True,,,,,,,,,,,,,,,,,,[]
sgsc,sgsc_two_meter,8181071,,,,,,,,SeparateHouse,,,,,,,,2,,False,daytime_days_unspecified,,,,,MED,,MED,,,True,,,,,,,,True,True,True,True,False,,,,,,[]
sgsc,sgsc_two_meter,8181117,,,,,,,,SeparateHouse,,,,,,,,1,,False,daytime_days_unspecified,,,,,LOW,,HI,,,True,,,,,,,,True,True,False,True,False,,,,,,[]
sgsc,sgsc_two_meter,8181507,,,,,,,,,,,,,,,,0,,True,daytime_days_unspecified,,,,,MED,,HI,,,True,,,,,,,,,,,,,,,,,,[]
sgsc,sgsc_two_meter,8181617,,,,,,,,,,,,,,,,0,,True,daytime_days_unspecified,,,,,NONE,,HI,,,True,,,,,,,,,,,,,,,,,,[]
sgsc,sgsc_two_meter,8181703,,,,,,,,,,,,,,,,0,,True,daytime_days_unspecified,,,,,LOW,,HI,,,True,,,,,,,,,,,,,,,,,,[]
sgsc,sgsc_two_meter,8181779,,,,,,,,SeparateHouse,,,,,,,,0,,False,daytime_days_unspecified,,,,,MED,,MED,,,True,,,,,,,,False,False,False,False,False,,,,,,[]
sgsc,sgsc_two_meter,8183193,,,,,,,,SeparateHouse,,,,,,,,0,,False,daytime_days_unspecified,,,,,NONE,,HI,,,True,,,,,,,,False,False,False,False,False,,,,,,[]
sgsc,sgsc_two_meter,8183213,,,,,,,,SeparateHouse,,,,,,,,1,,False,daytime_days_unspecified,,,,,NONE,,HI,,,True,,,,,,,,True,True,True,True,False,,,,,,[]
sgsc,sgsc_two_meter,8183265,,,,,,,,SeparateHouse,,,,,,,,0,,False,daytime_days_unspecified,,,,,LOW,,MED,,,False,,,,,,,,False,False,False,False,False,,,,,,[]
sgsc,sgsc_two_meter,8184621,,,,,,,,SeparateHouse,,,,,,,,0,,False,daytime_days_unspecified,,,,,LOW,,HI,,,False,,,,,,,,False,False,False,False,False,,,,,,[]
sgsc,sgsc_two_meter,8184653,,,,,,,,,,,,,,,,0,,True,daytime_days_unspecified,,,,,LOW,,MED,,,True,,,,,,,,,,,,,,,,,,[]
sgsc,sgsc_two_meter,8184789,,,,,,,,,,,,,,,,0,,True,daytime_days_unspecified,,,,,HI,,MED,,,True,,,,,,,,,,,,,,,,,,[]
sgsc,sgsc_two_meter,8185081,,,,,,,,SeparateHouse,,,,,,,,0,,False,daytime_days_unspecified,,,,,MED,,LOW,,,True,,,,,,,,False,False,False,False,False,,,,,,[]
sgsc,sgsc_two_meter,8185097,,,,,,,,SeparateHouse,,,,,,,,0,,False,daytime_days_unspecified,,,,,LOW,,LOW,,,True,,,,,,,,False,False,False,False,False,,,,,,[]
sgsc,sgsc_two_meter,8185393,,,,,,,,,,,,,,,,0,,True,daytime_days_unspecified,,,,,NONE,,HI,,,True,,,,,,,,,,,,,,,,,,[]
sgsc,sgsc_two_meter,8186115,,,,,,,,SeparateHouse,,,,,,,,0,,False,daytime_days_unspecified,,,,,MED,,HI,,,True,,,,,,,,True,False,False,True,False,,,,,,[]
sgsc,sgsc_two_meter,8188553,,,,,,,,,,,,,,,,0,,True,daytime_days_unspecified,,,,,LOW,,HI,,,False,,,,,,,,,,,,,,,,,,[]
sgsc,sgsc_two_meter,8188611,,,,,,,,,,,,,,,,0,,True,daytime_days_unspecified,,,,,LOW,,HI,,,True,,,,,,,,,,,,,,,,,,[]
sgsc,sgsc_two_meter,8190441,,,,,,,,SeparateHouse,,,,,,,,1,,False,daytime_days_unspecified,,,,,LOW,,HI,,,True,,,,,,,,True,True,False,False,True,,,,,,[]
sgsc,sgsc_two_meter,8191049,,,,,,,,SeparateHouse,,,,,,,,0,,False,daytime_days_unspecified,,,,,NONE,,HI,,,False,,,,,,,,False,False,False,False,False,,,,,,[]
sgsc,sgsc_two_meter,8191101,,,,,,,,,,,,,,,,0,,True,daytime_days_unspecified,,,,,NONE,,MED,,,True,,,,,,,,,,,,,,,,,,[]
sgsc,sgsc_two_meter,8191163,,,,,,,,,,,,,,,,0,,True,daytime_days_unspecified,,,,,LOW,,HI,,,True,,,,,,,,,,,,,,,,,,[]
sgsc,sgsc_two_meter,8191985,,,,,,,,SeparateHouse,,,,,,,,0,,False,daytime_days_unspecified,,,,,LOW,,HI,,,True,,,,,,,,False,False,False,False,False,,,,,,[]
sgsc,sgsc_two_meter,8192177,,,,,,,,SeparateHouse,,,,,,,,0,,False,daytime_days_unspecified,,,,,MED,,HI,,,True,,,,,,,,False,False,False,False,False,,,,,,[]
sgsc,sgsc_two_meter,8192201,,,,,,,,,,,,,,,,0,,True,daytime_days_unspecified,,,,,LOW,,HI,,,True,,,,,,,,,,,,,,,,,,[]
sgsc,sgsc_two_meter,8192485,,,,,,,,,,,,,,,,0,,True,daytime_days_unspecified,,,,,MED,,MED,,,True,,,,,,,,,,,,,,,,,,[]
sgsc,sgsc_two_meter,8192969,,,,,,,,SeparateHouse,,,,,,,,0,,False,daytime_days_unspecified,,,,,LOW,,MED,,,True,,,,,,,,False,False,False,False,False,,,,,,[]
sgsc,sgsc_two_meter,8193011,,,,,,,,SeparateHouse,,,,,,,,0,,False,daytime_days_unspecified,,,,,MED,,HI,,,True,,,,,,,,False,False,False,False,False,,,,,,[]
sgsc,sgsc_two_meter,8193407,,,,,,,,Unit,,,,,,,,0,,False,daytime_days_unspecified,,,,,NONE,,HI,,,False,,,,,,,,False,False,False,False,False,,,,,,[]
sgsc,sgsc_two_meter,8193493,,,,,,,,,,,,,,,,0,,True,daytime_days_unspecified,,,,,LOW,,MED,,,True,,,,,,,,,,,,,,,,,,[]
sgsc,sgsc_two_meter,8194001,,,,,,,,,,,,,,,,0,,True,daytime_days_unspecified,,,,,LOW,,MED,,,True,,,,,,,,,,,,,,,,,,[]
sgsc,sgsc_two_meter,8194445,,,,,,,,SeparateHouse,,,,,,,,0,,False,daytime_days_unspecified,,,,,LOW,,MED,,,True,,,,,,,,False,False,False,False,False,,,,,,[]
sgsc,sgsc_two_meter,8194487,,,,,,,,SeparateHouse,,,,,,,,0,,False,daytime_days_unspecified,,,,,NONE,,HI,,,False,,,,,,,,False,False,False,False,False,,,,,,[]
sgsc,sgsc_two_meter,8194493,,,,,,,,SeparateHouse,,,,,,,,0,,False,daytime_days_unspecified,,,,,MED,,MED,,,True,,,,,,,,False,False,False,False,False,,,,,,[]
sgsc,sgsc_two_meter,8195329,,,,,,,,SeparateHouse,,,,,,,,0,,False,daytime_days_unspecified,,,,,LOW,,HI,,,True,,,,,,,,False,False,False,False,False,,,,,,[]
sgsc,sgsc_two_meter,8195495,,,,,,,,SeparateHouse,,,,,,,,0,,False,daytime_days_unspecified,,,,,MED,,HI,,,False,,,,,,,,False,False,False,False,False,,,,,,[]
sgsc,sgsc_two_meter,8195501,,,,,,,,SeparateHouse,,,,,,,,0,,False,daytime_days_unspecified,,,,,MED,,HI,,,True,,,,,,,,True,False,False,True,False,,,,,,[]
sgsc,sgsc_two_meter,8196157,,,,,,,,,,,,,,,,0,,True,daytime_days_unspecified,,,,,MED,,HI,,,True,,,,,,,,,,,,,,,,,,[]
sgsc,sgsc_two_meter,8196341,,,,,,,,,,,,,,,,0,,True,daytime_days_unspecified,,,,,LOW,,LOW,,,True,,,,,,,,,,,,,,,,,,[]
sgsc,sgsc_two_meter,8196611,,,,,,,,SeparateHouse,,,,,,,,0,,False,daytime_days_unspecified,,,,,LOW,,MED,,,True,,,,,,,,False,False,False,False,False,,,,,,[]
sgsc,sgsc_two_meter,8196629,,,,,,,,SeparateHouse,,,,,,,,0,,False,daytime_days_unspecified,,,,,LOW,,HI,,,True,,,,,,,,False,False,False,False,False,,,,,,[]
sgsc,sgsc_two_meter,8196647,,,,,,,,SeparateHouse,,,,,,,,3,,False,daytime_days_unspecified,,,,,LOW,,MED,,,True,,,,,,,,True,True,False,True,False,,,,,,[]
sgsc,sgsc_two_meter,8196815,,,,,,,,,,,,,,,,0,,True,daytime_days_unspecified,,,,,LOW,,HI,,,False,,,,,,,,,,,,,,,,,,[]
sgsc,sgsc_two_meter,8198241,,,,,,,,,,,,,,,,0,,True,daytime_days_unspecified,,,,,LOW,,HI,,,True,,,,,,,,,,,,,,,,,,[]
sgsc,sgsc_two_meter,8198243,,,,,,,,,,,,,,,,0,,True,daytime_days_unspecified,,,,,LOW,,HI,,,True,,,,,,,,,,,,,,,,,,[]
sgsc,sgsc_two_meter,8198319,,,,,,,,,,,,,,,,0,,True,daytime_days_unspecified,,,,,LOW,,MED,,,True,,,,,,,,,,,,,,,,,,[]
sgsc,sgsc_two_meter,8198385,,,,,,,,,,,,,,,,0,,True,daytime_days_unspecified,,,,,LOW,,HI,,,False,,,,,,,,,,,,,,,,,,[]
sgsc,sgsc_two_meter,8198439,,,,,,,,,,,,,,,,0,,True,daytime_days_unspecified,,,,,LOW,,MED,,,True,,,,,,,,,,,,,,,,,,[]
sgsc,sgsc_two_meter,8198449,,,,,,,,,,,,,,,,0,,True,daytime_days_unspecified,,,,,MED,,MED,,,True,,,,,,,,,,,,,,,,,,[]
sgsc,sgsc_two_meter,8198539,,,,,,,,,,,,,,,,0,,True,daytime_days_unspecified,,,,,LOW,,HI,,,False,,,,,,,,,,,,,,,,,,[]
sgsc,sgsc_two_meter,8198571,,,,,,,,,,,,,,,,0,,True,daytime_days_unspecified,,,,,LOW,,HI,,,True,,,,,,,,,,,,,,,,,,[]
sgsc,sgsc_two_meter,8199039,,,,,,,,SeparateHouse,,,,,,,,0,,False,daytime_days_unspecified,,,,,HI,,MED,,,True,,,,,,,,False,False,False,False,False,,,,,,[]
sgsc,sgsc_two_meter,8199887,,,,,,,,SeparateHouse,,,,,,,,0,,False,daytime_days_unspecified,,,,,NONE,,HI,,,True,,,,,,,,False,False,False,False,False,,,,,,[]
sgsc,sgsc_two_meter,8199905,,,,,,,,SeparateHouse,,,,,,,,0,,False,daytime_days_unspecified,,,,,NONE,,HI,,,True,,,,,,,,False,False,False,False,False,,,,,,[]
sgsc,sgsc_two_meter,8200037,,,,,,,,SeparateHouse,,,,,,,,0,,False,daytime_days_unspecified,,,,,LOW,,HI,,,True,,,,,,,,False,False,False,False,False,,,,,,[]
sgsc,sgsc_two_meter,8200055,,,,,,,,,,,,,,,,0,,True,daytime_days_unspecified,,,,,HI,,HI,,,True,,,,,,,,,,,,,,,,,,[]
sgsc,sgsc_two_meter,8200077,,,,,,,,,,,,,,,,0,,True,daytime_days_unspecified,,,,,LOW,,HI,,,True,,,,,,,,,,,,,,,,,,[]
sgsc,sgsc_two_meter,8200741,,,,,,,,,,,,,,,,0,,True,daytime_days_unspecified,,,,,NONE,,NONE,,,True,,,,,,,,,,,,,,,,,,[]
sgsc,sgsc_two_meter,8201021,,,,,,,,SeparateHouse,,,,,,,,0,,False,daytime_days_unspecified,,,,,LOW,,HI,,,True,,,,,,,,False,False,False,False,False,,,,,,[]
sgsc,sgsc_two_meter,8201071,,,,,,,,SeparateHouse,,,,,,,,0,,False,daytime_days_unspecified,,,,,LOW,,HI,,,True,,,,,,,,False,False,False,False,False,,,,,,[]
sgsc,sgsc_two_meter,8202465,,,,,,,,,,,,,,,,0,,True,daytime_days_unspecified,,,,,NONE,,HI,,,True,,,,,,,,,,,,,,,,,,[]
sgsc,sgsc_two_meter,8202481,,,,,,,,SeparateHouse,,,,,,,,0,,False,daytime_days_unspecified,,,,,LOW,,MED,,,True,,,,,,,,False,False,False,False,False,,,,,,[]
sgsc,sgsc_two_meter,8202495,,,,,,,,SeparateHouse,,,,,,,,0,,False,daytime_days_unspecified,,,,,LOW,,MED,,,True,,,,,,,,False,False,False,False,False,,,,,,[]
sgsc,sgsc_two_meter,8202535,,,,,,,,,,,,,,,,0,,True,daytime_days_unspecified,,,,,LOW,,HI,,,True,,,,,,,,,,,,,,,,,,[]
sgsc,sgsc_two_meter,8202559,,,,,,,,,,,,,,,,4,,True,daytime_days_unspecified,,,,,LOW,,MED,,,True,,,,,,,,,,,,,,,,,,[]
sgsc,sgsc_two_meter,8203927,,,,,,,,SeparateHouse,,,,,,,,0,,False,daytime_days_unspecified,,,,,LOW,,MED,,,True,,,,,,,,True,False,False,True,False,,,,,,[]
sgsc,sgsc_two_meter,8203931,,,,,,,,,,,,,,,,0,,True,daytime_days_unspecified,,,,,LOW,,MED,,,True,,,,,,,,,,,,,,,,,,[]
sgsc,sgsc_two_meter,8204933,,,,,,,,SeparateHouse,,,,,,,,1,,False,daytime_days_unspecified,,,,,LOW,,MED,,,True,,,,,,,,True,True,False,True,False,,,,,,[]
sgsc,sgsc_two_meter,8205119,,,,,,,,SeparateHouse,,,,,,,,0,,False,daytime_days_unspecified,,,,,HI,,LOW,,,True,,,,,,,,False,False,False,False,False,,,,,,[]
sgsc,sgsc_two_meter,8205773,,,,,,,,SeparateHouse,,,,,,,,0,,False,daytime_days_unspecified,,,,,MED,,HI,,,True,,,,,,,,False,False,False,False,False,,,,,,[]
sgsc,sgsc_two_meter,8208577,,,,,,,,,,,,,,,,0,,True,daytime_days_unspecified,,,,,MED,,HI,,,True,,,,,,,,,,,,,,,,,,[]
sgsc,sgsc_two_meter,8208579,,,,,,,,,,,,,,,,0,,True,daytime_days_unspecified,,,,,LOW,,HI,,,True,,,,,,,,,,,,,,,,,,[]
sgsc,sgsc_two_meter,8208613,,,,,,,,,,,,,,,,0,,True,daytime_days_unspecified,,,,,LOW,,HI,,,True,,,,,,,,,,,,,,,,,,[]
sgsc,sgsc_two_meter,8210977,,,,,,,,SeparateHouse,,,,,,,,6,,False,daytime_days_unspecified,,,,,MED,,HI,,,True,,,,,,,,True,True,False,True,False,,,,,,[]
sgsc,sgsc_two_meter,8211037,,,,,,,,SeparateHouse,,,,,,,,0,,False,daytime_days_unspecified,,,,,MED,,MED,,,True,,,,,,,,True,False,True,True,False,,,,,,[]
sgsc,sgsc_two_meter,8211431,,,,,,,,SeparateHouse,,,,,,,,0,,False,daytime_days_unspecified,,,,,MED,,LOW,,,True,,,,,,,,False,False,False,False,False,,,,,,[]
sgsc,sgsc_two_meter,8211443,,,,,,,,SeparateHouse,,,,,,,,0,,False,daytime_days_unspecified,,,,,NONE,,MED,,,False,,,,,,,,False,False,False,False,False,,,,,,[]
sgsc,sgsc_two_meter,8211453,,,,,,,,SeparateHouse,,,,,,,,0,,False,daytime_days_unspecified,,,,,LOW,,MED,,,False,,,,,,,,False,False,False,False,False,,,,,,[]
sgsc,sgsc_two_meter,8211551,,,,,,,,SeparateHouse,,,,,,,,0,,False,daytime_days_unspecified,,,,,LOW,,MED,,,True,,,,,,,,False,False,False,False,False,,,,,,[]
sgsc,sgsc_two_meter,8211599,,,,,,,,,,,,,,,,0,,True,daytime_days_unspecified,,,,,LOW,,HI,,,True,,,,,,,,,,,,,,,,,,[]
sgsc,sgsc_two_meter,8212279,,,,,,,,,,,,,,,,0,,True,daytime_days_unspecified,,,,,MED,,HI,,,True,,,,,,,,,,,,,,,,,,[]
sgsc,sgsc_two_meter,8212851,,,,,,,,SeparateHouse,,,,,,,,0,,False,daytime_days_unspecified,,,,,LOW,,LOW,,,True,,,,,,,,False,False,False,False,False,,,,,,[]
sgsc,sgsc_two_meter,8214467,,,,,,,,SeparateHouse,,,,,,,,0,,False,daytime_days_unspecified,,,,,HI,,NONE,,,True,,,,,,,,False,False,False,False,False,,,,,,[]
sgsc,sgsc_two_meter,8214501,,,,,,,,SeparateHouse,,,,,,,,0,,False,daytime_days_unspecified,,,,,NONE,,HI,,,True,,,,,,,,False,False,False,False,False,,,,,,[]
sgsc,sgsc_two_meter,8214513,,,,,,,,,,,,,,,,0,,True,daytime_days_unspecified,,,,,LOW,,MED,,,True,,,,,,,,,,,,,,,,,,[]
sgsc,sgsc_two_meter,8215449,,,,,,,,SeparateHouse,,,,,,,,0,,False,daytime_days_unspecified,,,,,LOW,,MED,,,False,,,,,,,,False,False,False,False,False,,,,,,[]
sgsc,sgsc_two_meter,8215485,,,,,,,,SeparateHouse,,,,,,,,2,,False,daytime_days_unspecified,,,,,NONE,,HI,,,False,,,,,,,,True,True,False,True,False,,,,,,[]
sgsc,sgsc_two_meter,8215715,,,,,,,,SeparateHouse,,,,,,,,0,,False,daytime_days_unspecified,,,,,LOW,,MED,,,True,,,,,,,,False,False,False,False,False,,,,,,[]
sgsc,sgsc_two_meter,8215723,,,,,,,,SeparateHouse,,,,,,,,0,,False,daytime_days_unspecified,,,,,LOW,,MED,,,True,,,,,,,,False,False,False,False,False,,,,,,[]
sgsc,sgsc_two_meter,8215775,,,,,,,,SeparateHouse,,,,,,,,0,,False,daytime_days_unspecified,,,,,NONE,,MED,,,False,,,,,,,,False,False,False,False,False,,,,,,[]
sgsc,sgsc_two_meter,8216139,,,,,,,,,,,,,,,,0,,True,daytime_days_unspecified,,,,,LOW,,MED,,,True,,,,,,,,,,,,,,,,,,[]
sgsc,sgsc_two_meter,8216171,,,,,,,,SeparateHouse,,,,,,,,0,,False,daytime_days_unspecified,,,,,LOW,,HI,,,True,,,,,,,,False,False,False,False,False,,,,,,[]
sgsc,sgsc_two_meter,8216197,,,,,,,,SeparateHouse,,,,,,,,2,,False,daytime_days_unspecified,,,,,LOW,,MED,,,True,,,,,,,,True,True,False,True,False,,,,,,[]
sgsc,sgsc_two_meter,8216247,,,,,,,,SeparateHouse,,,,,,,,0,,False,daytime_days_unspecified,,,,,LOW,,HI,,,True,,,,,,,,False,False,False,False,False,,,,,,[]
sgsc,sgsc_two_meter,8216271,,,,,,,,SeparateHouse,,,,,,,,0,,False,daytime_days_unspecified,,,,,MED,,MED,,,True,,,,,,,,False,False,False,False,False,,,,,,[]
sgsc,sgsc_two_meter,8216295,,,,,,,,,,,,,,,,0,,True,daytime_days_unspecified,,,,,LOW,,HI,,,True,,,,,,,,,,,,,,,,,,[]
sgsc,sgsc_two_meter,8216327,,,,,,,,SeparateHouse,,,,,,,,0,,False,daytime_days_unspecified,,,,,NONE,,HI,,,True,,,,,,,,False,False,False,False,False,,,,,,[]
sgsc,sgsc_two_meter,8216335,,,,,,,,SeparateHouse,,,,,,,,0,,False,daytime_days_unspecified,,,,,LOW,,MED,,,True,,,,,,,,False,False,False,False,False,,,,,,[]
sgsc,sgsc_two_meter,8220186,,,,,,,,,,,,,,,,0,,True,daytime_days_unspecified,,,,,LOW,,LOW,,,True,,,,,,,,,,,,,,,,,,[]
sgsc,sgsc_two_meter,8221056,,,,,,,,SeparateHouse,,,,,,,,0,,False,daytime_days_unspecified,,,,,NONE,,LOW,,,False,,,,,,,,False,False,False,False,False,,,,,,[]
sgsc,sgsc_two_meter,8221194,,,,,,,,,,,,,,,,0,,True,daytime_days_unspecified,,,,,LOW,,HI,,,True,,,,,,,,,,,,,,,,,,[]
sgsc,sgsc_two_meter,8221790,,,,,,,,,,,,,,,,0,,True,daytime_days_unspecified,,,,,LOW,,HI,,,True,,,,,,,,,,,,,,,,,,[]
sgsc,sgsc_two_meter,8221800,,,,,,,,,,,,,,,,0,,True,daytime_days_unspecified,,,,,LOW,,HI,,,True,,,,,,,,,,,,,,,,,,[]
sgsc,sgsc_two_meter,8223166,,,,,,,,SeparateHouse,,,,,,,,0,,False,daytime_days_unspecified,,,,,MED,,MED,,,True,,,,,,,,False,False,False,False,False,,,,,,[]
sgsc,sgsc_two_meter,8223700,,,,,,,,,,,,,,,,0,,True,daytime_days_unspecified,,,,,LOW,,HI,,,False,,,,,,,,,,,,,,,,,,[]
sgsc,sgsc_two_meter,8225718,,,,,,,,,,,,,,,,0,,True,daytime_days_unspecified,,,,,NONE,,HI,,,False,,,,,,,,,,,,,,,,,,[]
sgsc,sgsc_two_meter,8227302,,,,,,,,SeparateHouse,,,,,,,,0,,False,daytime_days_unspecified,,,,,MED,,HI,,,True,,,,,,,,False,False,False,False,False,,,,,,[]
sgsc,sgsc_two_meter,8227398,,,,,,,,,,,,,,,,0,,True,daytime_days_unspecified,,,,,LOW,,HI,,,True,,,,,,,,,,,,,,,,,,[]
sgsc,sgsc_two_meter,8230566,,,,,,,,,,,,,,,,0,,True,daytime_days_unspecified,,,,,LOW,,MED,,,True,,,,,,,,,,,,,,,,,,[]
sgsc,sgsc_two_meter,8231372,,,,,,,,,,,,,,,,0,,True,daytime_days_unspecified,,,,,LOW,,HI,,,True,,,,,,,,,,,,,,,,,,[]
sgsc,sgsc_two_meter,8231498,,,,,,,,,,,,,,,,0,,True,daytime_days_unspecified,,,,,LOW,,HI,,,True,,,,,,,,,,,,,,,,,,[]
sgsc,sgsc_two_meter,8231502,,,,,,,,,,,,,,,,2,,True,daytime_days_unspecified,,,,,LOW,,MED,,,False,,,,,,,,,,,,,,,,,,[]
sgsc,sgsc_two_meter,8231700,,,,,,,,SeparateHouse,,,,,,,,1,,False,daytime_days_unspecified,,,,,MED,,HI,,,True,,,,,,,,True,True,False,False,False,,,,,,[]
sgsc,sgsc_two_meter,8232814,,,,,,,,,,,,,,,,0,,True,daytime_days_unspecified,,,,,NONE,,MED,,,True,,,,,,,,,,,,,,,,,,[]
sgsc,sgsc_two_meter,8234198,,,,,,,,SeparateHouse,,,,,,,,0,,False,daytime_days_unspecified,,,,,LOW,,HI,,,True,,,,,,,,False,False,False,False,False,,,,,,[]
sgsc,sgsc_two_meter,8235414,,,,,,,,,,,,,,,,0,,True,daytime_days_unspecified,,,,,LOW,,NONE,,,True,,,,,,,,,,,,,,,,,,[]
sgsc,sgsc_two_meter,8235426,,,,,,,,SeparateHouse,,,,,,,,0,,False,daytime_days_unspecified,,,,,LOW,,HI,,,True,,,,,,,,False,False,False,False,False,,,,,,[]
sgsc,sgsc_two_meter,8235488,,,,,,,,,,,,,,,,0,,True,daytime_days_unspecified,,,,,LOW,,NONE,,,True,,,,,,,,,,,,,,,,,,[]
sgsc,sgsc_two_meter,8235804,,,,,,,,SeparateHouse,,,,,,,,0,,False,daytime_days_unspecified,,,,,LOW,,LOW,,,False,,,,,,,,False,False,False,False,False,,,,,,[]
sgsc,sgsc_two_meter,8237470,,,,,,,,,,,,,,,,0,,True,daytime_days_unspecified,,,,,LOW,,HI,,,True,,,,,,,,,,,,,,,,,,[]
sgsc,sgsc_two_meter,8237562,,,,,,,,Unit,,,,,,,,0,,False,daytime_days_unspecified,,,,,NONE,,HI,,,False,,,,,,,,False,False,False,False,False,,,,,,[]
sgsc,sgsc_two_meter,8238156,,,,,,,,,,,,,,,,0,,True,daytime_days_unspecified,,,,,LOW,,MED,,,True,,,,,,,,,,,,,,,,,,[]
sgsc,sgsc_two_meter,8240134,,,,,,,,SeparateHouse,,,,,,,,0,,False,daytime_days_unspecified,,,,,MED,,MED,,,True,,,,,,,,False,False,False,False,False,,,,,,[]
sgsc,sgsc_two_meter,8240204,,,,,,,,SeparateHouse,,,,,,,,0,,False,daytime_days_unspecified,,,,,LOW,,MED,,,True,,,,,,,,False,False,False,False,False,,,,,,[]
sgsc,sgsc_two_meter,8240216,,,,,,,,SeparateHouse,,,,,,,,0,,False,daytime_days_unspecified,,,,,LOW,,MED,,,True,,,,,,,,False,False,False,False,False,,,,,,[]
sgsc,sgsc_two_meter,8240224,,,,,,,,SeparateHouse,,,,,,,,0,,False,daytime_days_unspecified,,,,,MED,,MED,,,False,,,,,,,,False,False,False,False,False,,,,,,[]
sgsc,sgsc_two_meter,8240324,,,,,,,,SeparateHouse,,,,,,,,0,,False,daytime_days_unspecified,,,,,NONE,,MED,,,True,,,,,,,,False,False,False,False,False,,,,,,[]
sgsc,sgsc_two_meter,8240400,,,,,,,,SeparateHouse,,,,,,,,0,,False,daytime_days_unspecified,,,,,LOW,,MED,,,False,,,,,,,,False,False,False,False,False,,,,,,[]
sgsc,sgsc_two_meter,8241802,,,,,,,,,,,,,,,,2,,True,daytime_days_unspecified,,,,,NONE,,MED,,,True,,,,,,,,,,,,,,,,,,[]
sgsc,sgsc_two_meter,8242072,,,,,,,,SeparateHouse,,,,,,,,0,,False,daytime_days_unspecified,,,,,MED,,MED,,,False,,,,,,,,False,False,False,False,False,,,,,,[]
sgsc,sgsc_two_meter,8244520,,,,,,,,SeparateHouse,,,,,,,,0,,False,daytime_days_unspecified,,,,,LOW,,MED,,,False,,,,,,,,False,False,False,False,False,,,,,,[]
sgsc,sgsc_two_meter,8244568,,,,,,,,SeparateHouse,,,,,,,,0,,False,daytime_days_unspecified,,,,,LOW,,MED,,,True,,,,,,,,False,False,False,False,False,,,,,,[]
sgsc,sgsc_two_meter,8244686,,,,,,,,SeparateHouse,,,,,,,,0,,False,daytime_days_unspecified,,,,,LOW,,HI,,,True,,,,,,,,False,False,False,False,False,,,,,,[]
sgsc,sgsc_two_meter,8246294,,,,,,,,SeparateHouse,,,,,,,,0,,False,daytime_days_unspecified,,,,,LOW,,MED,,,True,,,,,,,,False,False,False,False,False,,,,,,[]
sgsc,sgsc_two_meter,8247924,,,,,,,,,,,,,,,,0,,True,daytime_days_unspecified,,,,,LOW,,HI,,,True,,,,,,,,,,,,,,,,,,[]
sgsc,sgsc_two_meter,8247940,,,,,,,,,,,,,,,,0,,True,daytime_days_unspecified,,,,,LOW,,MED,,,True,,,,,,,,,,,,,,,,,,[]
sgsc,sgsc_two_meter,8247948,,,,,,,,SeparateHouse,,,,,,,,0,,False,daytime_days_unspecified,,,,,MED,,HI,,,True,,,,,,,,False,False,False,False,False,,,,,,[]
sgsc,sgsc_two_meter,8247966,,,,,,,,,,,,,,,,0,,True,daytime_days_unspecified,,,,,LOW,,HI,,,False,,,,,,,,,,,,,,,,,,[]
sgsc,sgsc_two_meter,8251788,,,,,,,,,,,,,,,,0,,True,daytime_days_unspecified,,,,,LOW,,HI,,,False,,,,,,,,,,,,,,,,,,[]
sgsc,sgsc_two_meter,8252278,,,,,,,,SeparateHouse,,,,,,,,0,,False,daytime_days_unspecified,,,,,LOW,,MED,,,True,,,,,,,,False,False,False,False,False,,,,,,[]
sgsc,sgsc_two_meter,8253362,,,,,,,,SeparateHouse,,,,,,,,0,,False,daytime_days_unspecified,,,,,LOW,,MED,,,True,,,,,,,,False,False,False,False,False,,,,,,[]
sgsc,sgsc_two_meter,8253482,,,,,,,,,,,,,,,,0,,True,daytime_days_unspecified,,,,,MED,,MED,,,True,,,,,,,,,,,,,,,,,,[]
sgsc,sgsc_two_meter,8253614,,,,,,,,,,,,,,,,0,,True,daytime_days_unspecified,,,,,NONE,,HI,,,False,,,,,,,,,,,,,,,,,,[]
sgsc,sgsc_two_meter,8255628,,,,,,,,,,,,,,,,0,,True,daytime_days_unspecified,,,,,NONE,,HI,,,True,,,,,,,,,,,,,,,,,,[]
sgsc,sgsc_two_meter,8255814,,,,,,,,SeparateHouse,,,,,,,,0,,False,daytime_days_unspecified,,,,,HI,,HI,,,True,,,,,,,,False,False,False,False,False,,,,,,[]
sgsc,sgsc_two_meter,8256276,,,,,,,,,,,,,,,,0,,True,daytime_days_unspecified,,,,,LOW,,MED,,,True,,,,,,,,,,,,,,,,,,[]
sgsc,sgsc_two_meter,8256318,,,,,,,,,,,,,,,,2,,True,daytime_days_unspecified,,,,,LOW,,HI,,,True,,,,,,,,,,,,,,,,,,[]
sgsc,sgsc_two_meter,8256972,,,,,,,,SeparateHouse,,,,,,,,0,,False,daytime_days_unspecified,,,,,LOW,,HI,,,True,,,,,,,,False,False,False,False,False,,,,,,[]
sgsc,sgsc_two_meter,8257054,,,,,,,,,,,,,,,,0,,True,daytime_days_unspecified,,,,,LOW,,MED,,,True,,,,,,,,,,,,,,,,,,[]
sgsc,sgsc_two_meter,8257130,,,,,,,,SeparateHouse,,,,,,,,0,,False,daytime_days_unspecified,,,,,HI,,MED,,,False,,,,,,,,False,False,False,False,False,,,,,,[]
sgsc,sgsc_two_meter,8257346,,,,,,,,,,,,,,,,0,,True,daytime_days_unspecified,,,,,NONE,,HI,,,True,,,,,,,,,,,,,,,,,,[]
sgsc,sgsc_two_meter,8257906,,,,,,,,SeparateHouse,,,,,,,,0,,False,daytime_days_unspecified,,,,,LOW,,MED,,,True,,,,,,,,False,False,False,False,False,,,,,,[]
sgsc,sgsc_two_meter,8257908,,,,,,,,SeparateHouse,,,,,,,,0,,False,daytime_days_unspecified,,,,,NONE,,MED,,,True,,,,,,,,True,False,False,True,False,,,,,,[]
sgsc,sgsc_two_meter,8260274,,,,,,,,Unit,,,,,,,,0,,False,daytime_days_unspecified,,,,,NONE,,HI,,,False,,,,,,,,False,False,False,False,False,,,,,,[]
sgsc,sgsc_two_meter,8260340,,,,,,,,,,,,,,,,0,,True,daytime_days_unspecified,,,,,NONE,,HI,,,False,,,,,,,,,,,,,,,,,,[]
sgsc,sgsc_two_meter,8260348,,,,,,,,,,,,,,,,0,,True,daytime_days_unspecified,,,,,LOW,,HI,,,True,,,,,,,,,,,,,,,,,,[]
sgsc,sgsc_two_meter,8261092,,,,,,,,,,,,,,,,0,,True,daytime_days_unspecified,,,,,LOW,,HI,,,True,,,,,,,,,,,,,,,,,,[]
sgsc,sgsc_two_meter,8262712,,,,,,,,,,,,,,,,0,,True,daytime_days_unspecified,,,,,LOW,,NONE,,,True,,,,,,,,,,,,,,,,,,[]
sgsc,sgsc_two_meter,8262750,,,,,,,,,,,,,,,,0,,True,daytime_days_unspecified,,,,,LOW,,HI,,,True,,,,,,,,,,,,,,,,,,[]
sgsc,sgsc_two_meter,8263616,,,,,,,,SeparateHouse,,,,,,,,1,,False,daytime_days_unspecified,,,,,LOW,,MED,,,True,,,,,,,,True,True,False,True,False,,,,,,[]
sgsc,sgsc_two_meter,8263634,,,,,,,,SemiDetached,,,,,,,,0,,False,daytime_days_unspecified,,,,,MED,,MED,,,True,,,,,,,,True,False,True,False,False,,,,,,[]
sgsc,sgsc_two_meter,8263656,,,,,,,,,,,,,,,,1,,True,daytime_days_unspecified,,,,,LOW,,HI,,,False,,,,,,,,,,,,,,,,,,[]
sgsc,sgsc_two_meter,8263668,,,,,,,,,,,,,,,,0,,True,daytime_days_unspecified,,,,,LOW,,HI,,,True,,,,,,,,,,,,,,,,,,[]
sgsc,sgsc_two_meter,8264532,,,,,,,,,,,,,,,,0,,True,daytime_days_unspecified,,,,,LOW,,HI,,,True,,,,,,,,,,,,,,,,,,[]
sgsc,sgsc_two_meter,8264534,,,,,,,,,,,,,,,,0,,True,daytime_days_unspecified,,,,,LOW,,HI,,,True,,,,,,,,,,,,,,,,,,[]
sgsc,sgsc_two_meter,8265374,,,,,,,,SeparateHouse,,,,,,,,0,,False,daytime_days_unspecified,,,,,LOW,,MED,,,True,,,,,,,,False,False,False,False,False,,,,,,[]
sgsc,sgsc_two_meter,8265526,,,,,,,,SeparateHouse,,,,,,,,1,,False,daytime_days_unspecified,,,,,LOW,,NONE,,,True,,,,,,,,True,True,False,False,False,,,,,,[]
sgsc,sgsc_two_meter,8265538,,,,,,,,,,,,,,,,0,,True,daytime_days_unspecified,,,,,HI,,NONE,,,True,,,,,,,,,,,,,,,,,,[]
sgsc,sgsc_two_meter,8265618,,,,,,,,,,,,,,,,1,,True,daytime_days_unspecified,,,,,MED,,LOW,,,True,,,,,,,,,,,,,,,,,,[]
sgsc,sgsc_two_meter,8266222,,,,,,,,SeparateHouse,,,,,,,,0,,False,daytime_days_unspecified,,,,,LOW,,HI,,,True,,,,,,,,False,False,False,False,False,,,,,,[]
sgsc,sgsc_two_meter,8266238,,,,,,,,SeparateHouse,,,,,,,,0,,False,daytime_days_unspecified,,,,,LOW,,HI,,,False,,,,,,,,False,False,False,False,False,,,,,,[]
sgsc,sgsc_two_meter,8266588,,,,,,,,SeparateHouse,,,,,,,,1,,False,daytime_days_unspecified,,,,,NONE,,MED,,,False,,,,,,,,True,True,False,True,False,,,,,,[]
sgsc,sgsc_two_meter,8266606,,,,,,,,SeparateHouse,,,,,,,,0,,False,daytime_days_unspecified,,,,,NONE,,LOW,,,True,,,,,,,,False,False,False,False,False,,,,,,[]
sgsc,sgsc_two_meter,8266714,,,,,,,,SeparateHouse,,,,,,,,0,,False,daytime_days_unspecified,,,,,HI,,MED,,,True,,,,,,,,False,False,False,False,False,,,,,,[]
sgsc,sgsc_two_meter,8267034,,,,,,,,SeparateHouse,,,,,,,,0,,False,daytime_days_unspecified,,,,,MED,,MED,,,True,,,,,,,,False,False,False,False,False,,,,,,[]
sgsc,sgsc_two_meter,8268980,,,,,,,,SeparateHouse,,,,,,,,0,,False,daytime_days_unspecified,,,,,LOW,,LOW,,,True,,,,,,,,False,False,False,False,False,,,,,,[]
sgsc,sgsc_two_meter,8271512,,,,,,,,SeparateHouse,,,,,,,,0,,False,daytime_days_unspecified,,,,,MED,,HI,,,True,,,,,,,,False,False,False,False,False,,,,,,[]
sgsc,sgsc_two_meter,8272324,,,,,,,,SeparateHouse,,,,,,,,0,,False,daytime_days_unspecified,,,,,NONE,,HI,,,True,,,,,,,,True,False,False,True,False,,,,,,[]
sgsc,sgsc_two_meter,8272386,,,,,,,,,,,,,,,,0,,True,daytime_days_unspecified,,,,,NONE,,HI,,,True,,,,,,,,,,,,,,,,,,[]
sgsc,sgsc_two_meter,8273224,,,,,,,,,,,,,,,,0,,True,daytime_days_unspecified,,,,,LOW,,MED,,,True,,,,,,,,,,,,,,,,,,[]
sgsc,sgsc_two_meter,8273230,,,,,,,,,,,,,,,,0,,True,daytime_days_unspecified,,,,,LOW,,HI,,,True,,,,,,,,,,,,,,,,,,[]
sgsc,sgsc_two_meter,8273636,,,,,,,,SeparateHouse,,,,,,,,0,,False,daytime_days_unspecified,,,,,NONE,,MED,,,False,,,,,,,,False,False,False,False,False,,,,,,[]
sgsc,sgsc_two_meter,8273772,,,,,,,,,,,,,,,,0,,True,daytime_days_unspecified,,,,,MED,,LOW,,,False,,,,,,,,,,,,,,,,,,[]
sgsc,sgsc_two_meter,8276438,,,,,,,,,,,,,,,,0,,True,daytime_days_unspecified,,,,,LOW,,MED,,,True,,,,,,,,,,,,,,,,,,[]
sgsc,sgsc_two_meter,8277132,,,,,,,,,,,,,,,,0,,True,daytime_days_unspecified,,,,,LOW,,HI,,,True,,,,,,,,,,,,,,,,,,[]
sgsc,sgsc_two_meter,8280838,,,,,,,,SeparateHouse,,,,,,,,0,,False,daytime_days_unspecified,,,,,LOW,,HI,,,True,,,,,,,,False,False,False,False,False,,,,,,[]
sgsc,sgsc_two_meter,8281424,,,,,,,,SeparateHouse,,,,,,,,0,,False,daytime_days_unspecified,,,,,LOW,,HI,,,False,,,,,,,,True,False,True,True,False,,,,,,[]
sgsc,sgsc_two_meter,8281620,,,,,,,,,,,,,,,,0,,True,daytime_days_unspecified,,,,,NONE,,HI,,,True,,,,,,,,,,,,,,,,,,[]
sgsc,sgsc_two_meter,8281622,,,,,,,,,,,,,,,,0,,True,daytime_days_unspecified,,,,,LOW,,HI,,,False,,,,,,,,,,,,,,,,,,[]
sgsc,sgsc_two_meter,8281636,,,,,,,,,,,,,,,,0,,True,daytime_days_unspecified,,,,,MED,,HI,,,True,,,,,,,,,,,,,,,,,,[]
sgsc,sgsc_two_meter,8281750,,,,,,,,,,,,,,,,0,,True,daytime_days_unspecified,,,,,LOW,,MED,,,True,,,,,,,,,,,,,,,,,,[]
sgsc,sgsc_two_meter,8282222,,,,,,,,,,,,,,,,0,,True,daytime_days_unspecified,,,,,LOW,,MED,,,True,,,,,,,,,,,,,,,,,,[]
sgsc,sgsc_two_meter,8283102,,,,,,,,SeparateHouse,,,,,,,,0,,False,daytime_days_unspecified,,,,,LOW,,MED,,,True,,,,,,,,False,False,False,False,False,,,,,,[]
sgsc,sgsc_two_meter,8283546,,,,,,,,,,,,,,,,0,,True,daytime_days_unspecified,,,,,HI,,LOW,,,True,,,,,,,,,,,,,,,,,,[]
sgsc,sgsc_two_meter,8284664,,,,,,,,SeparateHouse,,,,,,,,0,,False,daytime_days_unspecified,,,,,MED,,MED,,,False,,,,,,,,False,False,False,False,False,,,,,,[]
sgsc,sgsc_two_meter,8288252,,,,,,,,SeparateHouse,,,,,,,,1,,False,daytime_days_unspecified,,,,,LOW,,MED,,,True,,,,,,,,True,True,True,True,False,,,,,,[]
sgsc,sgsc_two_meter,8291316,,,,,,,,SeparateHouse,,,,,,,,2,,False,daytime_days_unspecified,,,,,LOW,,NONE,,,True,,,,,,,,True,True,True,True,False,,,,,,[]
sgsc,sgsc_two_meter,8291644,,,,,,,,,,,,,,,,0,,True,daytime_days_unspecified,,,,,LOW,,NONE,,,True,,,,,,,,,,,,,,,,,,[]
sgsc,sgsc_two_meter,8292960,,,,,,,,,,,,,,,,0,,True,daytime_days_unspecified,,,,,LOW,,LOW,,,True,,,,,,,,,,,,,,,,,,[]
sgsc,sgsc_two_meter,8293052,,,,,,,,,,,,,,,,0,,True,daytime_days_unspecified,,,,,LOW,,HI,,,True,,,,,,,,,,,,,,,,,,[]
sgsc,sgsc_two_meter,8293714,,,,,,,,,,,,,,,,0,,True,daytime_days_unspecified,,,,,LOW,,HI,,,True,,,,,,,,,,,,,,,,,,[]
sgsc,sgsc_two_meter,8295312,,,,,,,,,,,,,,,,0,,True,daytime_days_unspecified,,,,,MED,,HI,,,True,,,,,,,,,,,,,,,,,,[]
sgsc,sgsc_two_meter,8295740,,,,,,,,SeparateHouse,,,,,,,,0,,False,daytime_days_unspecified,,,,,MED,,MED,,,False,,,,,,,,False,False,False,False,False,,,,,,[]
sgsc,sgsc_two_meter,8297258,,,,,,,,,,,,,,,,0,,True,daytime_days_unspecified,,,,,LOW,,MED,,,True,,,,,,,,,,,,,,,,,,[]
sgsc,sgsc_two_meter,8297262,,,,,,,,,,,,,,,,0,,True,daytime_days_unspecified,,,,,HI,,MED,,,True,,,,,,,,,,,,,,,,,,[]
sgsc,sgsc_two_meter,8297286,,,,,,,,,,,,,,,,0,,True,daytime_days_unspecified,,,,,LOW,,MED,,,True,,,,,,,,,,,,,,,,,,[]
sgsc,sgsc_two_meter,8297318,,,,,,,,,,,,,,,,0,,True,daytime_days_unspecified,,,,,MED,,MED,,,True,,,,,,,,,,,,,,,,,,[]
sgsc,sgsc_two_meter,8301066,,,,,,,,SeparateHouse,,,,,,,,0,,False,daytime_days_unspecified,,,,,LOW,,LOW,,,True,,,,,,,,True,False,True,True,False,,,,,,[]
sgsc,sgsc_two_meter,8301074,,,,,,,,SeparateHouse,,,,,,,,0,,False,daytime_days_unspecified,,,,,MED,,HI,,,True,,,,,,,,False,False,False,False,False,,,,,,[]
sgsc,sgsc_two_meter,8301100,,,,,,,,SeparateHouse,,,,,,,,0,,False,daytime_days_unspecified,,,,,LOW,,NONE,,,True,,,,,,,,False,False,False,False,False,,,,,,[]
sgsc,sgsc_two_meter,8301390,,,,,,,,SeparateHouse,,,,,,,,4,,False,daytime_days_unspecified,,,,,MED,,LOW,,,True,,,,,,,,True,True,False,False,False,,,,,,[]
sgsc,sgsc_two_meter,8302298,,,,,,,,SeparateHouse,,,,,,,,0,,False,daytime_days_unspecified,,,,,LOW,,HI,,,True,,,,,,,,False,False,False,False,False,,,,,,[]
sgsc,sgsc_two_meter,8302440,,,,,,,,SeparateHouse,,,,,,,,0,,False,daytime_days_unspecified,,,,,NONE,,LOW,,,True,,,,,,,,False,False,False,False,False,,,,,,[]
sgsc,sgsc_two_meter,8302466,,,,,,,,SeparateHouse,,,,,,,,0,,False,daytime_days_unspecified,,,,,NONE,,LOW,,,True,,,,,,,,False,False,False,False,False,,,,,,[]
sgsc,sgsc_two_meter,8304440,,,,,,,,,,,,,,,,1,,True,daytime_days_unspecified,,,,,NONE,,HI,,,True,,,,,,,,,,,,,,,,,,[]
sgsc,sgsc_two_meter,8304468,,,,,,,,,,,,,,,,2,,True,daytime_days_unspecified,,,,,LOW,,MED,,,False,,,,,,,,,,,,,,,,,,[]
sgsc,sgsc_two_meter,8304530,,,,,,,,,,,,,,,,0,,True,daytime_days_unspecified,,,,,LOW,,MED,,,True,,,,,,,,,,,,,,,,,,[]
sgsc,sgsc_two_meter,8304534,,,,,,,,,,,,,,,,0,,True,daytime_days_unspecified,,,,,LOW,,MED,,,True,,,,,,,,,,,,,,,,,,[]
sgsc,sgsc_two_meter,8304538,,,,,,,,,,,,,,,,2,,True,daytime_days_unspecified,,,,,LOW,,HI,,,True,,,,,,,,,,,,,,,,,,[]
sgsc,sgsc_two_meter,8304722,,,,,,,,SeparateHouse,,,,,,,,0,,False,daytime_days_unspecified,,,,,LOW,,LOW,,,True,,,,,,,,False,False,False,False,False,,,,,,[]
sgsc,sgsc_two_meter,8304740,,,,,,,,SeparateHouse,,,,,,,,0,,False,daytime_days_unspecified,,,,,LOW,,MED,,,True,,,,,,,,False,False,False,False,False,,,,,,[]
sgsc,sgsc_two_meter,8304798,,,,,,,,,,,,,,,,0,,True,daytime_days_unspecified,,,,,LOW,,HI,,,True,,,,,,,,,,,,,,,,,,[]
sgsc,sgsc_two_meter,8305818,,,,,,,,,,,,,,,,0,,True,daytime_days_unspecified,,,,,LOW,,HI,,,True,,,,,,,,,,,,,,,,,,[]
sgsc,sgsc_two_meter,8306538,,,,,,,,SeparateHouse,,,,,,,,0,,False,daytime_days_unspecified,,,,,NONE,,MED,,,True,,,,,,,,False,False,False,False,False,,,,,,[]
sgsc,sgsc_two_meter,8311304,,,,,,,,,,,,,,,,0,,True,daytime_days_unspecified,,,,,LOW,,HI,,,False,,,,,,,,,,,,,,,,,,[]
sgsc,sgsc_two_meter,8312138,,,,,,,,SeparateHouse,,,,,,,,0,,False,daytime_days_unspecified,,,,,NONE,,MED,,,True,,,,,,,,False,False,False,False,False,,,,,,[]
sgsc,sgsc_two_meter,8312368,,,,,,,,,,,,,,,,0,,True,daytime_days_unspecified,,,,,MED,,HI,,,True,,,,,,,,,,,,,,,,,,[]
sgsc,sgsc_two_meter,8312544,,,,,,,,,,,,,,,,0,,True,daytime_days_unspecified,,,,,LOW,,HI,,,True,,,,,,,,,,,,,,,,,,[]
sgsc,sgsc_two_meter,8313576,,,,,,,,SeparateHouse,,,,,,,,0,,False,daytime_days_unspecified,,,,,LOW,,MED,,,True,,,,,,,,False,False,False,False,False,,,,,,[]
sgsc,sgsc_two_meter,8316470,,,,,,,,SeparateHouse,,,,,,,,0,,False,daytime_days_unspecified,,,,,NONE,,LOW,,,True,,,,,,,,False,False,False,False,False,,,,,,[]
sgsc,sgsc_two_meter,8316472,,,,,,,,SeparateHouse,,,,,,,,0,,False,daytime_days_unspecified,,,,,MED,,HI,,,False,,,,,,,,False,False,False,False,False,,,,,,[]
sgsc,sgsc_two_meter,8316490,,,,,,,,SeparateHouse,,,,,,,,0,,False,daytime_days_unspecified,,,,,NONE,,MED,,,True,,,,,,,,False,False,False,False,False,,,,,,[]
sgsc,sgsc_two_meter,8318760,,,,,,,,SeparateHouse,,,,,,,,1,,False,daytime_days_unspecified,,,,,NONE,,MED,,,False,,,,,,,,True,True,False,True,False,,,,,,[]
sgsc,sgsc_two_meter,8319592,,,,,,,,SeparateHouse,,,,,,,,0,,False,daytime_days_unspecified,,,,,NONE,,HI,,,True,,,,,,,,False,False,False,False,False,,,,,,[]
sgsc,sgsc_two_meter,8319606,,,,,,,,SeparateHouse,,,,,,,,0,,False,daytime_days_unspecified,,,,,LOW,,MED,,,True,,,,,,,,True,False,False,True,False,,,,,,[]
sgsc,sgsc_two_meter,8319834,,,,,,,,SeparateHouse,,,,,,,,0,,False,daytime_days_unspecified,,,,,MED,,MED,,,True,,,,,,,,False,False,False,False,False,,,,,,[]
sgsc,sgsc_two_meter,8320112,,,,,,,,SeparateHouse,,,,,,,,0,,False,daytime_days_unspecified,,,,,MED,,MED,,,True,,,,,,,,True,False,True,True,False,,,,,,[]
sgsc,sgsc_two_meter,8323162,,,,,,,,SeparateHouse,,,,,,,,0,,False,daytime_days_unspecified,,,,,NONE,,HI,,,False,,,,,,,,True,False,False,True,True,,,,,,[]
sgsc,sgsc_two_meter,8323222,,,,,,,,SeparateHouse,,,,,,,,0,,False,daytime_days_unspecified,,,,,MED,,HI,,,True,,,,,,,,True,False,False,True,False,,,,,,[]
sgsc,sgsc_two_meter,8325628,,,,,,,,SeparateHouse,,,,,,,,0,,False,daytime_days_unspecified,,,,,NONE,,MED,,,True,,,,,,,,True,False,True,True,False,,,,,,[]
sgsc,sgsc_two_meter,8325900,,,,,,,,SeparateHouse,,,,,,,,0,,False,daytime_days_unspecified,,,,,LOW,,HI,,,True,,,,,,,,False,False,False,False,False,,,,,,[]
sgsc,sgsc_two_meter,8326452,,,,,,,,,,,,,,,,0,,True,daytime_days_unspecified,,,,,NONE,,LOW,,,True,,,,,,,,,,,,,,,,,,[]
sgsc,sgsc_two_meter,8326618,,,,,,,,,,,,,,,,0,,True,daytime_days_unspecified,,,,,NONE,,MED,,,True,,,,,,,,,,,,,,,,,,[]
sgsc,sgsc_two_meter,8327736,,,,,,,,,,,,,,,,0,,True,daytime_days_unspecified,,,,,MED,,MED,,,True,,,,,,,,,,,,,,,,,,[]
sgsc,sgsc_two_meter,8328866,,,,,,,,,,,,,,,,0,,True,daytime_days_unspecified,,,,,NONE,,HI,,,True,,,,,,,,,,,,,,,,,,[]
sgsc,sgsc_two_meter,8329554,,,,,,,,SeparateHouse,,,,,,,,0,,False,daytime_days_unspecified,,,,,LOW,,MED,,,True,,,,,,,,False,False,False,False,False,,,,,,[]
sgsc,sgsc_two_meter,8331192,,,,,,,,SeparateHouse,,,,,,,,0,,False,daytime_days_unspecified,,,,,LOW,,HI,,,False,,,,,,,,False,False,False,False,False,,,,,,[]
sgsc,sgsc_two_meter,8331232,,,,,,,,,,,,,,,,0,,True,daytime_days_unspecified,,,,,LOW,,HI,,,True,,,,,,,,,,,,,,,,,,[]
sgsc,sgsc_two_meter,8332870,,,,,,,,Unit,,,,,,,,0,,False,daytime_days_unspecified,,,,,MED,,HI,,,True,,,,,,,,False,False,False,False,False,,,,,,[]
sgsc,sgsc_two_meter,8334738,,,,,,,,,,,,,,,,0,,True,daytime_days_unspecified,,,,,LOW,,HI,,,True,,,,,,,,,,,,,,,,,,[]
sgsc,sgsc_two_meter,8334894,,,,,,,,,,,,,,,,0,,True,daytime_days_unspecified,,,,,LOW,,MED,,,True,,,,,,,,,,,,,,,,,,[]
sgsc,sgsc_two_meter,8335590,,,,,,,,,,,,,,,,3,,True,daytime_days_unspecified,,,,,LOW,,LOW,,,True,,,,,,,,,,,,,,,,,,[]
sgsc,sgsc_two_meter,8337578,,,,,,,,SeparateHouse,,,,,,,,0,,False,daytime_days_unspecified,,,,,NONE,,MED,,,True,,,,,,,,False,False,False,False,False,,,,,,[]
sgsc,sgsc_two_meter,8338984,,,,,,,,SeparateHouse,,,,,,,,0,,False,daytime_days_unspecified,,,,,LOW,,MED,,,True,,,,,,,,False,False,False,False,False,,,,,,[]
sgsc,sgsc_two_meter,8341216,,,,,,,,,,,,,,,,0,,True,daytime_days_unspecified,,,,,LOW,,MED,,,True,,,,,,,,,,,,,,,,,,[]
sgsc,sgsc_two_meter,8342168,,,,,,,,,,,,,,,,0,,True,daytime_days_unspecified,,,,,LOW,,MED,,,False,,,,,,,,,,,,,,,,,,[]
sgsc,sgsc_two_meter,8342262,,,,,,,,,,,,,,,,0,,True,daytime_days_unspecified,,,,,LOW,,MED,,,True,,,,,,,,,,,,,,,,,,[]
sgsc,sgsc_two_meter,8342852,,,,,,,,,,,,,,,,1,,True,daytime_days_unspecified,,,,,LOW,,HI,,,True,,,,,,,,,,,,,,,,,,[]
sgsc,sgsc_two_meter,8342944,,,,,,,,,,,,,,,,0,,True,daytime_days_unspecified,,,,,LOW,,LOW,,,True,,,,,,,,,,,,,,,,,,[]
sgsc,sgsc_two_meter,8347238,,,,,,,,,,,,,,,,0,,True,daytime_days_unspecified,,,,,LOW,,MED,,,True,,,,,,,,,,,,,,,,,,[]
sgsc,sgsc_two_meter,8347260,,,,,,,,SeparateHouse,,,,,,,,0,,False,daytime_days_unspecified,,,,,MED,,MED,,,True,,,,,,,,False,False,False,False,False,,,,,,[]
sgsc,sgsc_two_meter,8347584,,,,,,,,SeparateHouse,,,,,,,,0,,False,daytime_days_unspecified,,,,,LOW,,HI,,,True,,,,,,,,False,False,False,False,False,,,,,,[]
sgsc,sgsc_two_meter,8347710,,,,,,,,SeparateHouse,,,,,,,,0,,False,daytime_days_unspecified,,,,,MED,,HI,,,True,,,,,,,,False,False,False,False,False,,,,,,[]
sgsc,sgsc_two_meter,8348392,,,,,,,,SeparateHouse,,,,,,,,0,,False,daytime_days_unspecified,,,,,MED,,MED,,,True,,,,,,,,False,False,False,False,False,,,,,,[]
sgsc,sgsc_two_meter,8350006,,,,,,,,,,,,,,,,0,,True,daytime_days_unspecified,,,,,LOW,,MED,,,True,,,,,,,,,,,,,,,,,,[]
sgsc,sgsc_two_meter,8350074,,,,,,,,,,,,,,,,0,,True,daytime_days_unspecified,,,,,MED,,LOW,,,True,,,,,,,,,,,,,,,,,,[]
sgsc,sgsc_two_meter,8350078,,,,,,,,,,,,,,,,1,,True,daytime_days_unspecified,,,,,LOW,,MED,,,False,,,,,,,,,,,,,,,,,,[]
sgsc,sgsc_two_meter,8351602,,,,,,,,,,,,,,,,0,,True,daytime_days_unspecified,,,,,MED,,MED,,,True,,,,,,,,,,,,,,,,,,[]
sgsc,sgsc_two_meter,8351694,,,,,,,,,,,,,,,,0,,True,daytime_days_unspecified,,,,,LOW,,LOW,,,True,,,,,,,,,,,,,,,,,,[]
sgsc,sgsc_two_meter,8352118,,,,,,,,,,,,,,,,0,,True,daytime_days_unspecified,,,,,LOW,,MED,,,True,,,,,,,,,,,,,,,,,,[]
sgsc,sgsc_two_meter,8352824,,,,,,,,,,,,,,,,0,,True,daytime_days_unspecified,,,,,MED,,MED,,,True,,,,,,,,,,,,,,,,,,[]
sgsc,sgsc_two_meter,8355670,,,,,,,,,,,,,,,,0,,True,daytime_days_unspecified,,,,,LOW,,MED,,,True,,,,,,,,,,,,,,,,,,[]
sgsc,sgsc_two_meter,8355690,,,,,,,,,,,,,,,,0,,True,daytime_days_unspecified,,,,,NONE,,LOW,,,True,,,,,,,,,,,,,,,,,,[]
sgsc,sgsc_two_meter,8355702,,,,,,,,SeparateHouse,,,,,,,,0,,False,daytime_days_unspecified,,,,,LOW,,MED,,,True,,,,,,,,False,False,False,False,False,,,,,,[]
sgsc,sgsc_two_meter,8356936,,,,,,,,,,,,,,,,2,,True,daytime_days_unspecified,,,,,LOW,,MED,,,True,,,,,,,,,,,,,,,,,,[]
sgsc,sgsc_two_meter,8356950,,,,,,,,,,,,,,,,0,,True,daytime_days_unspecified,,,,,MED,,MED,,,True,,,,,,,,,,,,,,,,,,[]
sgsc,sgsc_two_meter,8362548,,,,,,,,,,,,,,,,0,,True,daytime_days_unspecified,,,,,NONE,,HI,,,False,,,,,,,,,,,,,,,,,,[]
sgsc,sgsc_two_meter,8362724,,,,,,,,,,,,,,,,0,,True,daytime_days_unspecified,,,,,LOW,,MED,,,True,,,,,,,,,,,,,,,,,,[]
sgsc,sgsc_two_meter,8362894,,,,,,,,,,,,,,,,0,,True,daytime_days_unspecified,,,,,NONE,,LOW,,,True,,,,,,,,,,,,,,,,,,[]
sgsc,sgsc_two_meter,8363390,,,,,,,,Unit,,,,,,,,0,,False,daytime_days_unspecified,,,,,NONE,,MED,,,False,,,,,,,,False,False,False,False,False,,,,,,[]
sgsc,sgsc_two_meter,8364476,,,,,,,,SeparateHouse,,,,,,,,0,,False,daytime_days_unspecified,,,,,MED,,MED,,,False,,,,,,,,False,False,False,False,False,,,,,,[]
sgsc,sgsc_two_meter,8365382,,,,,,,,SeparateHouse,,,,,,,,0,,False,daytime_days_unspecified,,,,,LOW,,MED,,,True,,,,,,,,False,False,False,False,False,,,,,,[]
sgsc,sgsc_two_meter,8365574,,,,,,,,,,,,,,,,0,,True,daytime_days_unspecified,,,,,NONE,,HI,,,True,,,,,,,,,,,,,,,,,,[]
sgsc,sgsc_two_meter,8365708,,,,,,,,,,,,,,,,0,,True,daytime_days_unspecified,,,,,LOW,,HI,,,True,,,,,,,,,,,,,,,,,,[]
sgsc,sgsc_two_meter,8367620,,,,,,,,SeparateHouse,,,,,,,,0,,False,daytime_days_unspecified,,,,,NONE,,HI,,,True,,,,,,,,False,False,False,False,False,,,,,,[]
sgsc,sgsc_two_meter,8371582,,,,,,,,SeparateHouse,,,,,,,,0,,False,daytime_days_unspecified,,,,,HI,,HI,,,True,,,,,,,,False,False,False,False,False,,,,,,[]
sgsc,sgsc_two_meter,8374778,,,,,,,,,,,,,,,,0,,True,daytime_days_unspecified,,,,,LOW,,HI,,,True,,,,,,,,,,,,,,,,,,[]
sgsc,sgsc_two_meter,8374856,,,,,,,,,,,,,,,,0,,True,daytime_days_unspecified,,,,,LOW,,HI,,,False,,,,,,,,,,,,,,,,,,[]
sgsc,sgsc_two_meter,8374904,,,,,,,,,,,,,,,,0,,True,daytime_days_unspecified,,,,,LOW,,HI,,,True,,,,,,,,,,,,,,,,,,[]
sgsc,sgsc_two_meter,8375866,,,,,,,,,,,,,,,,0,,True,daytime_days_unspecified,,,,,MED,,HI,,,True,,,,,,,,,,,,,,,,,,[]
sgsc,sgsc_two_meter,8376436,,,,,,,,SeparateHouse,,,,,,,,3,,False,daytime_days_unspecified,,,,,NONE,,HI,,,False,,,,,,,,True,True,True,False,True,,,,,,[]
sgsc,sgsc_two_meter,8376656,,,,,,,,,,,,,,,,0,,True,daytime_days_unspecified,,,,,MED,,HI,,,True,,,,,,,,,,,,,,,,,,[]
sgsc,sgsc_two_meter,8377884,,,,,,,,,,,,,,,,1,,True,daytime_days_unspecified,,,,,HI,,MED,,,True,,,,,,,,,,,,,,,,,,[]
sgsc,sgsc_two_meter,8378356,,,,,,,,SeparateHouse,,,,,,,,0,,False,daytime_days_unspecified,,,,,LOW,,MED,,,True,,,,,,,,False,False,False,False,False,,,,,,[]
sgsc,sgsc_two_meter,8378358,,,,,,,,SeparateHouse,,,,,,,,0,,False,daytime_days_unspecified,,,,,MED,,MED,,,True,,,,,,,,False,False,False,False,False,,,,,,[]
sgsc,sgsc_two_meter,8379034,,,,,,,,,,,,,,,,0,,True,daytime_days_unspecified,,,,,LOW,,MED,,,True,,,,,,,,,,,,,,,,,,[]
sgsc,sgsc_two_meter,8379056,,,,,,,,,,,,,,,,0,,True,daytime_days_unspecified,,,,,LOW,,HI,,,False,,,,,,,,,,,,,,,,,,[]
sgsc,sgsc_two_meter,8381598,,,,,,,,,,,,,,,,0,,True,daytime_days_unspecified,,,,,LOW,,MED,,,True,,,,,,,,,,,,,,,,,,[]
sgsc,sgsc_two_meter,8397664,,,,,,,,,,,,,,,,0,,True,daytime_days_unspecified,,,,,LOW,,HI,,,True,,,,,,,,,,,,,,,,,,[]
sgsc,sgsc_two_meter,8397666,,,,,,,,,,,,,,,,0,,True,daytime_days_unspecified,,,,,MED,,MED,,,True,,,,,,,,,,,,,,,,,,[]
sgsc,sgsc_two_meter,8397676,,,,,,,,,,,,,,,,0,,True,daytime_days_unspecified,,,,,LOW,,HI,,,True,,,,,,,,,,,,,,,,,,[]
sgsc,sgsc_two_meter,8397680,,,,,,,,,,,,,,,,0,,True,daytime_days_unspecified,,,,,LOW,,LOW,,,True,,,,,,,,,,,,,,,,,,[]
sgsc,sgsc_two_meter,8398452,,,,,,,,,,,,,,,,0,,True,daytime_days_unspecified,,,,,LOW,,MED,,,True,,,,,,,,,,,,,,,,,,[]
sgsc,sgsc_two_meter,8402690,,,,,,,,SeparateHouse,,,,,,,,0,,False,daytime_days_unspecified,,,,,MED,,HI,,,True,,,,,,,,False,False,False,False,False,,,,,,[]
sgsc,sgsc_two_meter,8402996,,,,,,,,SeparateHouse,,,,,,,,0,,False,daytime_days_unspecified,,,,,LOW,,MED,,,True,,,,,,,,False,False,False,False,False,,,,,,[]
sgsc,sgsc_two_meter,8403042,,,,,,,,SeparateHouse,,,,,,,,0,,False,daytime_days_unspecified,,,,,LOW,,HI,,,True,,,,,,,,False,False,False,False,False,,,,,,[]
sgsc,sgsc_two_meter,8406664,,,,,,,,,,,,,,,,0,,True,daytime_days_unspecified,,,,,LOW,,MED,,,False,,,,,,,,,,,,,,,,,,[]
sgsc,sgsc_two_meter,8407548,,,,,,,,SeparateHouse,,,,,,,,0,,False,daytime_days_unspecified,,,,,NONE,,MED,,,True,,,,,,,,False,False,False,False,False,,,,,,[]
sgsc,sgsc_two_meter,8417482,,,,,,,,SeparateHouse,,,,,,,,1,,False,daytime_days_unspecified,,,,,NONE,,HI,,,False,,,,,,,,True,True,False,True,False,,,,,,[]
sgsc,sgsc_two_meter,8417530,,,,,,,,SeparateHouse,,,,,,,,0,,False,daytime_days_unspecified,,,,,LOW,,MED,,,False,,,,,,,,False,False,False,False,False,,,,,,[]
sgsc,sgsc_two_meter,8443179,,,,,,,,Unit,,,,,,,,0,,False,daytime_days_unspecified,,,,,LOW,,HI,,,True,,,,,,,,False,False,False,False,False,,,,,,[]
sgsc,sgsc_two_meter,8443187,,,,,,,,Unit,,,,,,,,0,,False,daytime_days_unspecified,,,,,LOW,,HI,,,True,,,,,,,,False,False,False,False,False,,,,,,[]
sgsc,sgsc_two_meter,8443191,,,,,,,,Unit,,,,,,,,0,,False,daytime_days_unspecified,,,,,LOW,,HI,,,False,,,,,,,,False,False,False,False,False,,,,,,[]
sgsc,sgsc_two_meter,8443231,,,,,,,,Unit,,,,,,,,0,,False,daytime_days_unspecified,,,,,MED,,HI,,,True,,,,,,,,False,False,False,False,False,,,,,,[]
sgsc,sgsc_two_meter,8443233,,,,,,,,Unit,,,,,,,,0,,False,daytime_days_unspecified,,,,,LOW,,HI,,,True,,,,,,,,False,False,False,False,False,,,,,,[]
sgsc,sgsc_two_meter,8444013,,,,,,,,,,,,,,,,0,,True,daytime_days_unspecified,,,,,LOW,,HI,,,False,,,,,,,,,,,,,,,,,,[]
sgsc,sgsc_two_meter,8444413,,,,,,,,,,,,,,,,0,,True,daytime_days_unspecified,,,,,NONE,,HI,,,True,,,,,,,,,,,,,,,,,,[]
sgsc,sgsc_two_meter,8445145,,,,,,,,,,,,,,,,0,,True,daytime_days_unspecified,,,,,LOW,,MED,,,True,,,,,,,,,,,,,,,,,,[]
sgsc,sgsc_two_meter,8445257,,,,,,,,,,,,,,,,0,,True,daytime_days_unspecified,,,,,LOW,,HI,,,True,,,,,,,,,,,,,,,,,,[]
sgsc,sgsc_two_meter,8446535,,,,,,,,SeparateHouse,,,,,,,,0,,False,daytime_days_unspecified,,,,,MED,,HI,,,True,,,,,,,,False,False,False,False,False,,,,,,[]
sgsc,sgsc_two_meter,8446539,,,,,,,,SeparateHouse,,,,,,,,0,,False,daytime_days_unspecified,,,,,LOW,,MED,,,True,,,,,,,,False,False,False,False,False,,,,,,[]
sgsc,sgsc_two_meter,8446865,,,,,,,,SeparateHouse,,,,,,,,0,,False,daytime_days_unspecified,,,,,MED,,LOW,,,True,,,,,,,,False,False,False,False,False,,,,,,[]
sgsc,sgsc_two_meter,8447213,,,,,,,,SeparateHouse,,,,,,,,0,,False,daytime_days_unspecified,,,,,HI,,MED,,,True,,,,,,,,False,False,False,False,False,,,,,,[]
sgsc,sgsc_two_meter,8447447,,,,,,,,SeparateHouse,,,,,,,,0,,False,daytime_days_unspecified,,,,,LOW,,HI,,,True,,,,,,,,False,False,False,False,False,,,,,,[]
sgsc,sgsc_two_meter,8447763,,,,,,,,,,,,,,,,0,,True,daytime_days_unspecified,,,,,LOW,,NONE,,,True,,,,,,,,,,,,,,,,,,[]
sgsc,sgsc_two_meter,8447811,,,,,,,,SeparateHouse,,,,,,,,0,,False,daytime_days_unspecified,,,,,LOW,,HI,,,False,,,,,,,,False,False,False,False,False,,,,,,[]
sgsc,sgsc_two_meter,8448811,,,,,,,,,,,,,,,,0,,True,daytime_days_unspecified,,,,,LOW,,HI,,,True,,,,,,,,,,,,,,,,,,[]
sgsc,sgsc_two_meter,8450059,,,,,,,,SeparateHouse,,,,,,,,0,,False,daytime_days_unspecified,,,,,MED,,LOW,,,True,,,,,,,,False,False,False,False,False,,,,,,[]
sgsc,sgsc_two_meter,8450073,,,,,,,,SeparateHouse,,,,,,,,0,,False,daytime_days_unspecified,,,,,NONE,,MED,,,True,,,,,,,,False,False,False,False,False,,,,,,[]
sgsc,sgsc_two_meter,8451289,,,,,,,,,,,,,,,,0,,True,daytime_days_unspecified,,,,,LOW,,HI,,,True,,,,,,,,,,,,,,,,,,[]
sgsc,sgsc_two_meter,8451605,,,,,,,,,,,,,,,,0,,True,daytime_days_unspecified,,,,,LOW,,MED,,,True,,,,,,,,,,,,,,,,,,[]
sgsc,sgsc_two_meter,8451635,,,,,,,,,,,,,,,,0,,True,daytime_days_unspecified,,,,,LOW,,HI,,,False,,,,,,,,,,,,,,,,,,[]
sgsc,sgsc_two_meter,8451909,,,,,,,,,,,,,,,,0,,True,daytime_days_unspecified,,,,,LOW,,HI,,,True,,,,,,,,,,,,,,,,,,[]
sgsc,sgsc_two_meter,8451971,,,,,,,,SeparateHouse,,,,,,,,0,,False,daytime_days_unspecified,,,,,MED,,MED,,,True,,,,,,,,True,False,False,True,False,,,,,,[]
sgsc,sgsc_two_meter,8453443,,,,,,,,,,,,,,,,0,,True,daytime_days_unspecified,,,,,HI,,HI,,,True,,,,,,,,,,,,,,,,,,[]
sgsc,sgsc_two_meter,8453487,,,,,,,,,,,,,,,,0,,True,daytime_days_unspecified,,,,,LOW,,MED,,,True,,,,,,,,,,,,,,,,,,[]
sgsc,sgsc_two_meter,8455547,,,,,,,,SeparateHouse,,,,,,,,0,,False,daytime_days_unspecified,,,,,LOW,,MED,,,True,,,,,,,,True,False,True,True,False,,,,,,[]
sgsc,sgsc_two_meter,8455599,,,,,,,,SeparateHouse,,,,,,,,1,,False,daytime_days_unspecified,,,,,NONE,,LOW,,,True,,,,,,,,True,True,False,False,False,,,,,,[]
sgsc,sgsc_two_meter,8455601,,,,,,,,SeparateHouse,,,,,,,,0,,False,daytime_days_unspecified,,,,,LOW,,MED,,,True,,,,,,,,False,False,False,False,False,,,,,,[]
sgsc,sgsc_two_meter,8456335,,,,,,,,,,,,,,,,1,,True,daytime_days_unspecified,,,,,LOW,,HI,,,False,,,,,,,,,,,,,,,,,,[]
sgsc,sgsc_two_meter,8457363,,,,,,,,,,,,,,,,1,,True,daytime_days_unspecified,,,,,LOW,,HI,,,True,,,,,,,,,,,,,,,,,,[]
sgsc,sgsc_two_meter,8458223,,,,,,,,SeparateHouse,,,,,,,,1,,False,daytime_days_unspecified,,,,,LOW,,MED,,,True,,,,,,,,True,True,False,True,False,,,,,,[]
sgsc,sgsc_two_meter,8458379,,,,,,,,SeparateHouse,,,,,,,,0,,False,daytime_days_unspecified,,,,,LOW,,HI,,,True,,,,,,,,False,False,False,False,False,,,,,,[]
sgsc,sgsc_two_meter,8458597,,,,,,,,SeparateHouse,,,,,,,,1,,False,daytime_days_unspecified,,,,,LOW,,MED,,,True,,,,,,,,True,True,False,True,False,,,,,,[]
sgsc,sgsc_two_meter,8460005,,,,,,,,SeparateHouse,,,,,,,,0,,False,daytime_days_unspecified,,,,,LOW,,MED,,,True,,,,,,,,False,False,False,False,False,,,,,,[]
sgsc,sgsc_two_meter,8460023,,,,,,,,,,,,,,,,1,,True,daytime_days_unspecified,,,,,NONE,,HI,,,False,,,,,,,,,,,,,,,,,,[]
sgsc,sgsc_two_meter,8461007,,,,,,,,SeparateHouse,,,,,,,,0,,False,daytime_days_unspecified,,,,,LOW,,LOW,,,True,,,,,,,,False,False,False,False,False,,,,,,[]
sgsc,sgsc_two_meter,8463379,,,,,,,,,,,,,,,,1,,True,daytime_days_unspecified,,,,,NONE,,MED,,,True,,,,,,,,,,,,,,,,,,[]
sgsc,sgsc_two_meter,8463601,,,,,,,,,,,,,,,,0,,True,daytime_days_unspecified,,,,,LOW,,HI,,,True,,,,,,,,,,,,,,,,,,[]
sgsc,sgsc_two_meter,8463637,,,,,,,,,,,,,,,,4,,True,daytime_days_unspecified,,,,,LOW,,MED,,,True,,,,,,,,,,,,,,,,,,[]
sgsc,sgsc_two_meter,8464969,,,,,,,,,,,,,,,,0,,True,daytime_days_unspecified,,,,,MED,,MED,,,True,,,,,,,,,,,,,,,,,,[]
sgsc,sgsc_two_meter,8466961,,,,,,,,SeparateHouse,,,,,,,,0,,False,daytime_days_unspecified,,,,,LOW,,MED,,,True,,,,,,,,False,False,False,False,False,,,,,,[]
sgsc,sgsc_two_meter,8467037,,,,,,,,SeparateHouse,,,,,,,,0,,False,daytime_days_unspecified,,,,,LOW,,MED,,,True,,,,,,,,False,False,False,False,False,,,,,,[]
sgsc,sgsc_two_meter,8468665,,,,,,,,SeparateHouse,,,,,,,,0,,False,daytime_days_unspecified,,,,,LOW,,MED,,,True,,,,,,,,False,False,False,False,False,,,,,,[]
sgsc,sgsc_two_meter,8473721,,,,,,,,SeparateHouse,,,,,,,,0,,False,daytime_days_unspecified,,,,,HI,,HI,,,True,,,,,,,,False,False,False,False,False,,,,,,[]
sgsc,sgsc_two_meter,8473741,,,,,,,,SeparateHouse,,,,,,,,0,,False,daytime_days_unspecified,,,,,LOW,,LOW,,,True,,,,,,,,False,False,False,False,False,,,,,,[]
sgsc,sgsc_two_meter,8474275,,,,,,,,SeparateHouse,,,,,,,,2,,False,daytime_days_unspecified,,,,,MED,,MED,,,True,,,,,,,,True,True,True,True,False,,,,,,[]
sgsc,sgsc_two_meter,8474939,,,,,,,,SeparateHouse,,,,,,,,0,,False,daytime_days_unspecified,,,,,NONE,,MED,,,True,,,,,,,,False,False,False,False,False,,,,,,[]
sgsc,sgsc_two_meter,8476047,,,,,,,,SeparateHouse,,,,,,,,0,,False,daytime_days_unspecified,,,,,LOW,,LOW,,,True,,,,,,,,True,False,True,True,False,,,,,,[]
sgsc,sgsc_two_meter,8476323,,,,,,,,,,,,,,,,0,,True,daytime_days_unspecified,,,,,NONE,,HI,,,False,,,,,,,,,,,,,,,,,,[]
sgsc,sgsc_two_meter,8477171,,,,,,,,,,,,,,,,1,,True,daytime_days_unspecified,,,,,NONE,,HI,,,True,,,,,,,,,,,,,,,,,,[]
sgsc,sgsc_two_meter,8478501,,,,,,,,,,,,,,,,0,,True,daytime_days_unspecified,,,,,LOW,,MED,,,True,,,,,,,,,,,,,,,,,,[]
sgsc,sgsc_two_meter,8478509,,,,,,,,SeparateHouse,,,,,,,,0,,False,daytime_days_unspecified,,,,,LOW,,LOW,,,False,,,,,,,,False,False,False,False,False,,,,,,[]
sgsc,sgsc_two_meter,8478829,,,,,,,,SeparateHouse,,,,,,,,0,,False,daytime_days_unspecified,,,,,MED,,LOW,,,True,,,,,,,,False,False,False,False,False,,,,,,[]
sgsc,sgsc_two_meter,8481751,,,,,,,,SeparateHouse,,,,,,,,0,,False,daytime_days_unspecified,,,,,NONE,,HI,,,False,,,,,,,,False,False,False,False,False,,,,,,[]
sgsc,sgsc_two_meter,8481755,,,,,,,,SeparateHouse,,,,,,,,0,,False,daytime_days_unspecified,,,,,NONE,,HI,,,False,,,,,,,,False,False,False,False,False,,,,,,[]
sgsc,sgsc_two_meter,8482121,,,,,,,,,,,,,,,,0,,True,daytime_days_unspecified,,,,,LOW,,HI,,,True,,,,,,,,,,,,,,,,,,[]
sgsc,sgsc_two_meter,8484275,,,,,,,,SeparateHouse,,,,,,,,0,,False,daytime_days_unspecified,,,,,MED,,MED,,,False,,,,,,,,False,False,False,False,False,,,,,,[]
sgsc,sgsc_two_meter,8485469,,,,,,,,SeparateHouse,,,,,,,,0,,False,daytime_days_unspecified,,,,,LOW,,LOW,,,True,,,,,,,,False,False,False,False,False,,,,,,[]
sgsc,sgsc_two_meter,8485653,,,,,,,,,,,,,,,,0,,True,daytime_days_unspecified,,,,,NONE,,HI,,,True,,,,,,,,,,,,,,,,,,[]
sgsc,sgsc_two_meter,8486889,,,,,,,,,,,,,,,,0,,True,daytime_days_unspecified,,,,,NONE,,NONE,,,True,,,,,,,,,,,,,,,,,,[]
sgsc,sgsc_two_meter,8487277,,,,,,,,,,,,,,,,0,,True,daytime_days_unspecified,,,,,NONE,,MED,,,True,,,,,,,,,,,,,,,,,,[]
sgsc,sgsc_two_meter,8487481,,,,,,,,,,,,,,,,3,,True,daytime_days_unspecified,,,,,MED,,HI,,,True,,,,,,,,,,,,,,,,,,[]
sgsc,sgsc_two_meter,8489099,,,,,,,,,,,,,,,,1,,True,daytime_days_unspecified,,,,,NONE,,HI,,,True,,,,,,,,,,,,,,,,,,[]
sgsc,sgsc_two_meter,8494152,,,,,,,,,,,,,,,,0,,True,daytime_days_unspecified,,,,,NONE,,HI,,,True,,,,,,,,,,,,,,,,,,[]
sgsc,sgsc_two_meter,8495060,,,,,,,,,,,,,,,,0,,True,daytime_days_unspecified,,,,,HI,,LOW,,,True,,,,,,,,,,,,,,,,,,[]
sgsc,sgsc_two_meter,8496980,,,,,,,,,,,,,,,,0,,True,daytime_days_unspecified,,,,,MED,,NONE,,,True,,,,,,,,,,,,,,,,,,[]
sgsc,sgsc_two_meter,8497395,,,,,,,,,,,,,,,,0,,True,daytime_days_unspecified,,,,,LOW,,LOW,,,True,,,,,,,,,,,,,,,,,,[]
sgsc,sgsc_two_meter,8497487,,,,,,,,,,,,,,,,2,,True,daytime_days_unspecified,,,,,LOW,,MED,,,False,,,,,,,,,,,,,,,,,,[]
sgsc,sgsc_two_meter,8504552,,,,,,,,,,,,,,,,0,,True,daytime_days_unspecified,,,,,MED,,MED,,,True,,,,,,,,,,,,,,,,,,[]
sgsc,sgsc_two_meter,8506036,,,,,,,,,,,,,,,,0,,True,daytime_days_unspecified,,,,,MED,,HI,,,True,,,,,,,,,,,,,,,,,,[]
sgsc,sgsc_two_meter,8507042,,,,,,,,SeparateHouse,,,,,,,,0,,False,daytime_days_unspecified,,,,,NONE,,HI,,,False,,,,,,,,False,False,False,False,False,,,,,,[]
sgsc,sgsc_two_meter,8507444,,,,,,,,,,,,,,,,0,,True,daytime_days_unspecified,,,,,LOW,,MED,,,True,,,,,,,,,,,,,,,,,,[]
sgsc,sgsc_two_meter,8507504,,,,,,,,,,,,,,,,0,,True,daytime_days_unspecified,,,,,MED,,MED,,,True,,,,,,,,,,,,,,,,,,[]
sgsc,sgsc_two_meter,8507736,,,,,,,,,,,,,,,,0,,True,daytime_days_unspecified,,,,,LOW,,MED,,,True,,,,,,,,,,,,,,,,,,[]
sgsc,sgsc_two_meter,8508024,,,,,,,,,,,,,,,,0,,True,daytime_days_unspecified,,,,,LOW,,HI,,,True,,,,,,,,,,,,,,,,,,[]
sgsc,sgsc_two_meter,8508080,,,,,,,,,,,,,,,,0,,True,daytime_days_unspecified,,,,,LOW,,MED,,,True,,,,,,,,,,,,,,,,,,[]
sgsc,sgsc_two_meter,8508084,,,,,,,,,,,,,,,,0,,True,daytime_days_unspecified,,,,,LOW,,LOW,,,True,,,,,,,,,,,,,,,,,,[]
sgsc,sgsc_two_meter,8509080,,,,,,,,Unit,,,,,,,,0,,False,daytime_days_unspecified,,,,,NONE,,HI,,,True,,,,,,,,False,False,False,False,False,,,,,,[]
sgsc,sgsc_two_meter,8509122,,,,,,,,,,,,,,,,2,,True,daytime_days_unspecified,,,,,LOW,,HI,,,True,,,,,,,,,,,,,,,,,,[]
sgsc,sgsc_two_meter,8513402,,,,,,,,,,,,,,,,0,,True,daytime_days_unspecified,,,,,MED,,LOW,,,True,,,,,,,,,,,,,,,,,,[]
sgsc,sgsc_two_meter,8517816,,,,,,,,,,,,,,,,0,,True,daytime_days_unspecified,,,,,LOW,,MED,,,True,,,,,,,,,,,,,,,,,,[]
sgsc,sgsc_two_meter,8517858,,,,,,,,,,,,,,,,0,,True,daytime_days_unspecified,,,,,LOW,,HI,,,True,,,,,,,,,,,,,,,,,,[]
sgsc,sgsc_two_meter,8519018,,,,,,,,,,,,,,,,2,,True,daytime_days_unspecified,,,,,NONE,,HI,,,False,,,,,,,,,,,,,,,,,,[]
sgsc,sgsc_two_meter,8519110,,,,,,,,SeparateHouse,,,,,,,,2,,False,daytime_days_unspecified,,,,,LOW,,MED,,,False,,,,,,,,True,True,False,False,False,,,,,,[]
sgsc,sgsc_two_meter,8519536,,,,,,,,,,,,,,,,0,,True,daytime_days_unspecified,,,,,LOW,,LOW,,,True,,,,,,,,,,,,,,,,,,[]
sgsc,sgsc_two_meter,8520510,,,,,,,,,,,,,,,,0,,True,daytime_days_unspecified,,,,,LOW,,HI,,,True,,,,,,,,,,,,,,,,,,[]
sgsc,sgsc_two_meter,8520614,,,,,,,,,,,,,,,,0,,True,daytime_days_unspecified,,,,,LOW,,HI,,,False,,,,,,,,,,,,,,,,,,[]
sgsc,sgsc_two_meter,8520752,,,,,,,,,,,,,,,,0,,True,daytime_days_unspecified,,,,,NONE,,HI,,,True,,,,,,,,,,,,,,,,,,[]
sgsc,sgsc_two_meter,8523110,,,,,,,,,,,,,,,,1,,True,daytime_days_unspecified,,,,,LOW,,HI,,,False,,,,,,,,,,,,,,,,,,[]
sgsc,sgsc_two_meter,8523134,,,,,,,,,,,,,,,,0,,True,daytime_days_unspecified,,,,,LOW,,LOW,,,True,,,,,,,,,,,,,,,,,,[]
sgsc,sgsc_two_meter,8524450,,,,,,,,,,,,,,,,0,,True,daytime_days_unspecified,,,,,LOW,,HI,,,True,,,,,,,,,,,,,,,,,,[]
sgsc,sgsc_two_meter,8524492,,,,,,,,SeparateHouse,,,,,,,,0,,False,daytime_days_unspecified,,,,,LOW,,HI,,,True,,,,,,,,False,False,False,False,False,,,,,,[]
sgsc,sgsc_two_meter,8524590,,,,,,,,,,,,,,,,1,,True,daytime_days_unspecified,,,,,HI,,LOW,,,True,,,,,,,,,,,,,,,,,,[]
sgsc,sgsc_two_meter,8524680,,,,,,,,SeparateHouse,,,,,,,,1,,False,daytime_days_unspecified,,,,,LOW,,MED,,,True,,,,,,,,True,True,True,False,False,,,,,,[]
sgsc,sgsc_two_meter,8525190,,,,,,,,,,,,,,,,0,,True,daytime_days_unspecified,,,,,LOW,,LOW,,,True,,,,,,,,,,,,,,,,,,[]
sgsc,sgsc_two_meter,8525494,,,,,,,,,,,,,,,,2,,True,daytime_days_unspecified,,,,,MED,,HI,,,True,,,,,,,,,,,,,,,,,,[]
sgsc,sgsc_two_meter,8525600,,,,,,,,SeparateHouse,,,,,,,,0,,False,daytime_days_unspecified,,,,,LOW,,HI,,,True,,,,,,,,True,False,False,True,False,,,,,,[]
sgsc,sgsc_two_meter,8525852,,,,,,,,,,,,,,,,0,,True,daytime_days_unspecified,,,,,NONE,,HI,,,False,,,,,,,,,,,,,,,,,,[]
sgsc,sgsc_two_meter,8526102,,,,,,,,,,,,,,,,0,,True,daytime_days_unspecified,,,,,LOW,,MED,,,True,,,,,,,,,,,,,,,,,,[]
sgsc,sgsc_two_meter,8526140,,,,,,,,,,,,,,,,1,,True,daytime_days_unspecified,,,,,MED,,MED,,,True,,,,,,,,,,,,,,,,,,[]
sgsc,sgsc_two_meter,8528800,,,,,,,,SeparateHouse,,,,,,,,0,,False,daytime_days_unspecified,,,,,MED,,MED,,,True,,,,,,,,True,False,False,True,False,,,,,,[]
sgsc,sgsc_two_meter,8528834,,,,,,,,SeparateHouse,,,,,,,,0,,False,daytime_days_unspecified,,,,,MED,,HI,,,True,,,,,,,,False,False,False,False,False,,,,,,[]
sgsc,sgsc_two_meter,8528906,,,,,,,,,,,,,,,,0,,True,daytime_days_unspecified,,,,,MED,,MED,,,True,,,,,,,,,,,,,,,,,,[]
sgsc,sgsc_two_meter,8530096,,,,,,,,,,,,,,,,0,,True,daytime_days_unspecified,,,,,LOW,,HI,,,False,,,,,,,,,,,,,,,,,,[]
sgsc,sgsc_two_meter,8530806,,,,,,,,,,,,,,,,2,,True,daytime_days_unspecified,,,,,LOW,,LOW,,,True,,,,,,,,,,,,,,,,,,[]
sgsc,sgsc_two_meter,8531432,,,,,,,,SeparateHouse,,,,,,,,0,,False,daytime_days_unspecified,,,,,NONE,,HI,,,True,,,,,,,,False,False,False,False,False,,,,,,[]
sgsc,sgsc_two_meter,8533992,,,,,,,,,,,,,,,,0,,True,daytime_days_unspecified,,,,,NONE,,MED,,,True,,,,,,,,,,,,,,,,,,[]
sgsc,sgsc_two_meter,8534030,,,,,,,,SeparateHouse,,,,,,,,0,,False,daytime_days_unspecified,,,,,LOW,,LOW,,,True,,,,,,,,False,False,False,False,False,,,,,,[]
sgsc,sgsc_two_meter,8534050,,,,,,,,,,,,,,,,0,,True,daytime_days_unspecified,,,,,NONE,,MED,,,True,,,,,,,,,,,,,,,,,,[]
sgsc,sgsc_two_meter,8535538,,,,,,,,SeparateHouse,,,,,,,,0,,False,daytime_days_unspecified,,,,,MED,,HI,,,True,,,,,,,,False,False,False,False,False,,,,,,[]
sgsc,sgsc_two_meter,8539334,,,,,,,,,,,,,,,,0,,True,daytime_days_unspecified,,,,,NONE,,HI,,,True,,,,,,,,,,,,,,,,,,[]
sgsc,sgsc_two_meter,8539438,,,,,,,,,,,,,,,,0,,True,daytime_days_unspecified,,,,,LOW,,HI,,,True,,,,,,,,,,,,,,,,,,[]
sgsc,sgsc_two_meter,8539452,,,,,,,,SeparateHouse,,,,,,,,0,,False,daytime_days_unspecified,,,,,LOW,,HI,,,True,,,,,,,,False,False,False,False,False,,,,,,[]
sgsc,sgsc_two_meter,8541046,,,,,,,,SeparateHouse,,,,,,,,0,,False,daytime_days_unspecified,,,,,NONE,,LOW,,,True,,,,,,,,True,False,False,True,False,,,,,,[]
sgsc,sgsc_two_meter,8541088,,,,,,,,,,,,,,,,3,,True,daytime_days_unspecified,,,,,LOW,,MED,,,True,,,,,,,,,,,,,,,,,,[]
sgsc,sgsc_two_meter,8541130,,,,,,,,,,,,,,,,0,,True,daytime_days_unspecified,,,,,HI,,HI,,,True,,,,,,,,,,,,,,,,,,[]
sgsc,sgsc_two_meter,8541462,,,,,,,,SeparateHouse,,,,,,,,0,,False,daytime_days_unspecified,,,,,LOW,,MED,,,False,,,,,,,,True,False,False,True,False,,,,,,[]
sgsc,sgsc_two_meter,8542346,,,,,,,,,,,,,,,,0,,True,daytime_days_unspecified,,,,,LOW,,NONE,,,True,,,,,,,,,,,,,,,,,,[]
sgsc,sgsc_two_meter,8542580,,,,,,,,,,,,,,,,0,,True,daytime_days_unspecified,,,,,LOW,,MED,,,True,,,,,,,,,,,,,,,,,,[]
sgsc,sgsc_two_meter,8544060,,,,,,,,,,,,,,,,0,,True,daytime_days_unspecified,,,,,LOW,,LOW,,,True,,,,,,,,,,,,,,,,,,[]
sgsc,sgsc_two_meter,8547224,,,,,,,,,,,,,,,,1,,True,daytime_days_unspecified,,,,,LOW,,HI,,,True,,,,,,,,,,,,,,,,,,[]
sgsc,sgsc_two_meter,8547236,,,,,,,,SeparateHouse,,,,,,,,1,,False,daytime_days_unspecified,,,,,NONE,,NONE,,,True,,,,,,,,True,True,False,False,False,,,,,,[]
sgsc,sgsc_two_meter,8547928,,,,,,,,,,,,,,,,0,,True,daytime_days_unspecified,,,,,LOW,,MED,,,True,,,,,,,,,,,,,,,,,,[]
sgsc,sgsc_two_meter,8547972,,,,,,,,SeparateHouse,,,,,,,,0,,False,daytime_days_unspecified,,,,,MED,,LOW,,,True,,,,,,,,False,False,False,False,False,,,,,,[]
sgsc,sgsc_two_meter,8548032,,,,,,,,,,,,,,,,0,,True,daytime_days_unspecified,,,,,NONE,,HI,,,True,,,,,,,,,,,,,,,,,,[]
sgsc,sgsc_two_meter,8548500,,,,,,,,,,,,,,,,0,,True,daytime_days_unspecified,,,,,LOW,,HI,,,True,,,,,,,,,,,,,,,,,,[]
sgsc,sgsc_two_meter,8549804,,,,,,,,,,,,,,,,0,,True,daytime_days_unspecified,,,,,NONE,,NONE,,,True,,,,,,,,,,,,,,,,,,[]
sgsc,sgsc_two_meter,8549880,,,,,,,,SeparateHouse,,,,,,,,0,,False,daytime_days_unspecified,,,,,LOW,,MED,,,True,,,,,,,,True,False,True,False,False,,,,,,[]
sgsc,sgsc_two_meter,8550084,,,,,,,,,,,,,,,,0,,True,daytime_days_unspecified,,,,,LOW,,LOW,,,True,,,,,,,,,,,,,,,,,,[]
sgsc,sgsc_two_meter,8553490,,,,,,,,,,,,,,,,0,,True,daytime_days_unspecified,,,,,NONE,,HI,,,True,,,,,,,,,,,,,,,,,,[]
sgsc,sgsc_two_meter,8557327,,,,,,,,,,,,,,,,0,,True,daytime_days_unspecified,,,,,LOW,,HI,,,True,,,,,,,,,,,,,,,,,,[]
sgsc,sgsc_two_meter,8559277,,,,,,,,,,,,,,,,0,,True,daytime_days_unspecified,,,,,LOW,,MED,,,False,,,,,,,,,,,,,,,,,,[]
sgsc,sgsc_two_meter,8559329,,,,,,,,SeparateHouse,,,,,,,,0,,False,daytime_days_unspecified,,,,,LOW,,HI,,,True,,,,,,,,False,False,False,False,False,,,,,,[]
sgsc,sgsc_two_meter,8559345,,,,,,,,SeparateHouse,,,,,,,,0,,False,daytime_days_unspecified,,,,,LOW,,MED,,,True,,,,,,,,False,False,False,False,False,,,,,,[]
sgsc,sgsc_two_meter,8559403,,,,,,,,,,,,,,,,0,,True,daytime_days_unspecified,,,,,HI,,MED,,,True,,,,,,,,,,,,,,,,,,[]
sgsc,sgsc_two_meter,8563963,,,,,,,,,,,,,,,,0,,True,daytime_days_unspecified,,,,,NONE,,HI,,,False,,,,,,,,,,,,,,,,,,[]
sgsc,sgsc_two_meter,8564295,,,,,,,,,,,,,,,,0,,True,daytime_days_unspecified,,,,,LOW,,HI,,,False,,,,,,,,,,,,,,,,,,[]
sgsc,sgsc_two_meter,8565065,,,,,,,,SeparateHouse,,,,,,,,0,,False,daytime_days_unspecified,,,,,LOW,,MED,,,True,,,,,,,,False,False,False,False,False,,,,,,[]
sgsc,sgsc_two_meter,8565079,,,,,,,,SeparateHouse,,,,,,,,0,,False,daytime_days_unspecified,,,,,LOW,,MED,,,True,,,,,,,,True,False,False,True,False,,,,,,[]
sgsc,sgsc_two_meter,8565359,,,,,,,,,,,,,,,,0,,True,daytime_days_unspecified,,,,,NONE,,MED,,,True,,,,,,,,,,,,,,,,,,[]
sgsc,sgsc_two_meter,8568209,,,,,,,,,,,,,,,,0,,True,daytime_days_unspecified,,,,,LOW,,MED,,,True,,,,,,,,,,,,,,,,,,[]
sgsc,sgsc_two_meter,8568217,,,,,,,,,,,,,,,,0,,True,daytime_days_unspecified,,,,,NONE,,MED,,,False,,,,,,,,,,,,,,,,,,[]
sgsc,sgsc_two_meter,8568495,,,,,,,,SeparateHouse,,,,,,,,0,,False,daytime_days_unspecified,,,,,MED,,MED,,,True,,,,,,,,True,False,True,True,False,,,,,,[]
sgsc,sgsc_two_meter,8570067,,,,,,,,SeparateHouse,,,,,,,,0,,False,daytime_days_unspecified,,,,,LOW,,MED,,,True,,,,,,,,False,False,False,False,False,,,,,,[]
sgsc,sgsc_two_meter,8572823,,,,,,,,,,,,,,,,0,,True,daytime_days_unspecified,,,,,LOW,,LOW,,,True,,,,,,,,,,,,,,,,,,[]
sgsc,sgsc_two_meter,8573705,,,,,,,,,,,,,,,,0,,True,daytime_days_unspecified,,,,,NONE,,HI,,,False,,,,,,,,,,,,,,,,,,[]
sgsc,sgsc_two_meter,8573885,,,,,,,,,,,,,,,,0,,True,daytime_days_unspecified,,,,,NONE,,HI,,,True,,,,,,,,,,,,,,,,,,[]
sgsc,sgsc_two_meter,8574631,,,,,,,,SeparateHouse,,,,,,,,0,,False,daytime_days_unspecified,,,,,LOW,,HI,,,True,,,,,,,,False,False,False,False,False,,,,,,[]
sgsc,sgsc_two_meter,8575175,,,,,,,,SeparateHouse,,,,,,,,0,,False,daytime_days_unspecified,,,,,LOW,,HI,,,True,,,,,,,,False,False,False,False,False,,,,,,[]
sgsc,sgsc_two_meter,8577637,,,,,,,,,,,,,,,,0,,True,daytime_days_unspecified,,,,,MED,,MED,,,True,,,,,,,,,,,,,,,,,,[]
sgsc,sgsc_two_meter,8577799,,,,,,,,,,,,,,,,0,,True,daytime_days_unspecified,,,,,NONE,,HI,,,True,,,,,,,,,,,,,,,,,,[]
sgsc,sgsc_two_meter,8577847,,,,,,,,,,,,,,,,0,,True,daytime_days_unspecified,,,,,MED,,LOW,,,True,,,,,,,,,,,,,,,,,,[]
sgsc,sgsc_two_meter,8577877,,,,,,,,,,,,,,,,0,,True,daytime_days_unspecified,,,,,NONE,,NONE,,,True,,,,,,,,,,,,,,,,,,[]
sgsc,sgsc_two_meter,8579359,,,,,,,,Unit,,,,,,,,0,,False,daytime_days_unspecified,,,,,NONE,,HI,,,False,,,,,,,,False,False,False,False,False,,,,,,[]
sgsc,sgsc_two_meter,8581767,,,,,,,,SeparateHouse,,,,,,,,0,,False,daytime_days_unspecified,,,,,NONE,,HI,,,False,,,,,,,,False,False,False,False,False,,,,,,[]
sgsc,sgsc_two_meter,8581769,,,,,,,,SeparateHouse,,,,,,,,0,,False,daytime_days_unspecified,,,,,NONE,,HI,,,False,,,,,,,,False,False,False,False,False,,,,,,[]
sgsc,sgsc_two_meter,8582095,,,,,,,,SeparateHouse,,,,,,,,0,,False,daytime_days_unspecified,,,,,LOW,,LOW,,,True,,,,,,,,True,False,False,True,False,,,,,,[]
sgsc,sgsc_two_meter,8583085,,,,,,,,,,,,,,,,0,,True,daytime_days_unspecified,,,,,LOW,,MED,,,True,,,,,,,,,,,,,,,,,,[]
sgsc,sgsc_two_meter,8583937,,,,,,,,,,,,,,,,0,,True,daytime_days_unspecified,,,,,MED,,MED,,,True,,,,,,,,,,,,,,,,,,[]
sgsc,sgsc_two_meter,8584733,,,,,,,,SeparateHouse,,,,,,,,0,,False,daytime_days_unspecified,,,,,NONE,,HI,,,False,,,,,,,,False,False,False,False,False,,,,,,[]
sgsc,sgsc_two_meter,8587796,,,,,,,,SeparateHouse,,,,,,,,0,,False,daytime_days_unspecified,,,,,LOW,,HI,,,True,,,,,,,,False,False,False,False,False,,,,,,[]
sgsc,sgsc_two_meter,8587810,,,,,,,,SeparateHouse,,,,,,,,0,,False,daytime_days_unspecified,,,,,LOW,,HI,,,False,,,,,,,,False,False,False,False,False,,,,,,[]
sgsc,sgsc_two_meter,8587814,,,,,,,,SeparateHouse,,,,,,,,0,,False,daytime_days_unspecified,,,,,LOW,,HI,,,False,,,,,,,,False,False,False,False,False,,,,,,[]
sgsc,sgsc_two_meter,8590626,,,,,,,,,,,,,,,,1,,True,daytime_days_unspecified,,,,,LOW,,LOW,,,True,,,,,,,,,,,,,,,,,,[]
sgsc,sgsc_two_meter,8590756,,,,,,,,SeparateHouse,,,,,,,,0,,False,daytime_days_unspecified,,,,,LOW,,MED,,,True,,,,,,,,False,False,False,False,False,,,,,,[]
sgsc,sgsc_two_meter,8592082,,,,,,,,SeparateHouse,,,,,,,,0,,False,daytime_days_unspecified,,,,,HI,,MED,,,True,,,,,,,,False,False,False,False,False,,,,,,[]
sgsc,sgsc_two_meter,8595068,,,,,,,,Unit,,,,,,,,0,,False,daytime_days_unspecified,,,,,LOW,,HI,,,False,,,,,,,,False,False,False,False,False,,,,,,[]
sgsc,sgsc_two_meter,8597578,,,,,,,,,,,,,,,,0,,True,daytime_days_unspecified,,,,,MED,,MED,,,True,,,,,,,,,,,,,,,,,,[]
sgsc,sgsc_two_meter,8597696,,,,,,,,,,,,,,,,0,,True,daytime_days_unspecified,,,,,LOW,,NONE,,,True,,,,,,,,,,,,,,,,,,[]
sgsc,sgsc_two_meter,8597940,,,,,,,,SeparateHouse,,,,,,,,0,,False,daytime_days_unspecified,,,,,HI,,HI,,,True,,,,,,,,False,False,False,False,False,,,,,,[]
sgsc,sgsc_two_meter,8598480,,,,,,,,SeparateHouse,,,,,,,,0,,False,daytime_days_unspecified,,,,,NONE,,HI,,,False,,,,,,,,False,False,False,False,False,,,,,,[]
sgsc,sgsc_two_meter,8598484,,,,,,,,SeparateHouse,,,,,,,,0,,False,daytime_days_unspecified,,,,,LOW,,MED,,,True,,,,,,,,False,False,False,False,False,,,,,,[]
sgsc,sgsc_two_meter,8599636,,,,,,,,,,,,,,,,0,,True,daytime_days_unspecified,,,,,HI,,LOW,,,True,,,,,,,,,,,,,,,,,,[]
sgsc,sgsc_two_meter,8599714,,,,,,,,,,,,,,,,0,,True,daytime_days_unspecified,,,,,MED,,LOW,,,True,,,,,,,,,,,,,,,,,,[]
sgsc,sgsc_two_meter,8599894,,,,,,,,SeparateHouse,,,,,,,,0,,False,daytime_days_unspecified,,,,,NONE,,MED,,,True,,,,,,,,False,False,False,False,False,,,,,,[]
sgsc,sgsc_two_meter,8601956,,,,,,,,,,,,,,,,0,,True,daytime_days_unspecified,,,,,NONE,,HI,,,True,,,,,,,,,,,,,,,,,,[]
sgsc,sgsc_two_meter,8602390,,,,,,,,,,,,,,,,0,,True,daytime_days_unspecified,,,,,LOW,,NONE,,,True,,,,,,,,,,,,,,,,,,[]
sgsc,sgsc_two_meter,8603032,,,,,,,,SeparateHouse,,,,,,,,0,,False,daytime_days_unspecified,,,,,LOW,,MED,,,True,,,,,,,,False,False,False,False,False,,,,,,[]
sgsc,sgsc_two_meter,8603850,,,,,,,,,,,,,,,,0,,True,daytime_days_unspecified,,,,,MED,,MED,,,True,,,,,,,,,,,,,,,,,,[]
sgsc,sgsc_two_meter,8604248,,,,,,,,,,,,,,,,1,,True,daytime_days_unspecified,,,,,LOW,,HI,,,False,,,,,,,,,,,,,,,,,,[]
sgsc,sgsc_two_meter,8606663,,,,,,,,SeparateHouse,,,,,,,,0,,False,daytime_days_unspecified,,,,,MED,,HI,,,True,,,,,,,,True,False,False,True,False,,,,,,[]
sgsc,sgsc_two_meter,8607775,,,,,,,,,,,,,,,,0,,True,daytime_days_unspecified,,,,,LOW,,LOW,,,True,,,,,,,,,,,,,,,,,,[]
sgsc,sgsc_two_meter,8607815,,,,,,,,,,,,,,,,0,,True,daytime_days_unspecified,,,,,MED,,MED,,,True,,,,,,,,,,,,,,,,,,[]
sgsc,sgsc_two_meter,8607963,,,,,,,,SeparateHouse,,,,,,,,0,,False,daytime_days_unspecified,,,,,LOW,,NONE,,,True,,,,,,,,False,False,False,False,False,,,,,,[]
sgsc,sgsc_two_meter,8610353,,,,,,,,SeparateHouse,,,,,,,,0,,False,daytime_days_unspecified,,,,,LOW,,HI,,,False,,,,,,,,False,False,False,False,False,,,,,,[]
sgsc,sgsc_two_meter,8610379,,,,,,,,SeparateHouse,,,,,,,,0,,False,daytime_days_unspecified,,,,,LOW,,MED,,,True,,,,,,,,False,False,False,False,False,,,,,,[]
sgsc,sgsc_two_meter,8610405,,,,,,,,SeparateHouse,,,,,,,,0,,False,daytime_days_unspecified,,,,,NONE,,MED,,,False,,,,,,,,False,False,False,False,False,,,,,,[]
sgsc,sgsc_two_meter,8610407,,,,,,,,SeparateHouse,,,,,,,,0,,False,daytime_days_unspecified,,,,,MED,,MED,,,True,,,,,,,,False,False,False,False,False,,,,,,[]
sgsc,sgsc_two_meter,8612289,,,,,,,,,,,,,,,,0,,True,daytime_days_unspecified,,,,,NONE,,HI,,,False,,,,,,,,,,,,,,,,,,[]
sgsc,sgsc_two_meter,8612349,,,,,,,,,,,,,,,,0,,True,daytime_days_unspecified,,,,,LOW,,MED,,,True,,,,,,,,,,,,,,,,,,[]
sgsc,sgsc_two_meter,8614453,,,,,,,,SeparateHouse,,,,,,,,0,,False,daytime_days_unspecified,,,,,NONE,,HI,,,False,,,,,,,,False,False,False,False,False,,,,,,[]
sgsc,sgsc_two_meter,8615179,,,,,,,,SeparateHouse,,,,,,,,2,,False,daytime_days_unspecified,,,,,LOW,,MED,,,True,,,,,,,,True,True,False,False,False,,,,,,[]
sgsc,sgsc_two_meter,8615235,,,,,,,,,,,,,,,,0,,True,daytime_days_unspecified,,,,,NONE,,HI,,,False,,,,,,,,,,,,,,,,,,[]
sgsc,sgsc_two_meter,8615263,,,,,,,,,,,,,,,,0,,True,daytime_days_unspecified,,,,,LOW,,HI,,,True,,,,,,,,,,,,,,,,,,[]
sgsc,sgsc_two_meter,8615291,,,,,,,,SeparateHouse,,,,,,,,0,,False,daytime_days_unspecified,,,,,LOW,,HI,,,True,,,,,,,,True,False,False,True,False,,,,,,[]
sgsc,sgsc_two_meter,8615325,,,,,,,,SeparateHouse,,,,,,,,0,,False,daytime_days_unspecified,,,,,LOW,,HI,,,True,,,,,,,,False,False,False,False,False,,,,,,[]
sgsc,sgsc_two_meter,8616305,,,,,,,,,,,,,,,,2,,True,daytime_days_unspecified,,,,,LOW,,HI,,,True,,,,,,,,,,,,,,,,,,[]
sgsc,sgsc_two_meter,8616797,,,,,,,,SeparateHouse,,,,,,,,0,,False,daytime_days_unspecified,,,,,MED,,MED,,,True,,,,,,,,False,False,False,False,False,,,,,,[]
sgsc,sgsc_two_meter,8616839,,,,,,,,SeparateHouse,,,,,,,,0,,False,daytime_days_unspecified,,,,,LOW,,MED,,,True,,,,,,,,False,False,False,False,False,,,,,,[]
sgsc,sgsc_two_meter,8616889,,,,,,,,SeparateHouse,,,,,,,,1,,False,daytime_days_unspecified,,,,,MED,,MED,,,True,,,,,,,,True,True,False,False,False,,,,,,[]
sgsc,sgsc_two_meter,8616905,,,,,,,,SeparateHouse,,,,,,,,0,,False,daytime_days_unspecified,,,,,LOW,,MED,,,True,,,,,,,,False,False,False,False,False,,,,,,[]
sgsc,sgsc_two_meter,8617165,,,,,,,,SeparateHouse,,,,,,,,0,,False,daytime_days_unspecified,,,,,LOW,,LOW,,,True,,,,,,,,False,False,False,False,False,,,,,,[]
sgsc,sgsc_two_meter,8617467,,,,,,,,SeparateHouse,,,,,,,,0,,False,daytime_days_unspecified,,,,,LOW,,MED,,,True,,,,,,,,False,False,False,False,False,,,,,,[]
sgsc,sgsc_two_meter,8617667,,,,,,,,SeparateHouse,,,,,,,,0,,False,daytime_days_unspecified,,,,,LOW,,MED,,,True,,,,,,,,False,False,False,False,False,,,,,,[]
sgsc,sgsc_two_meter,8618427,,,,,,,,,,,,,,,,1,,True,daytime_days_unspecified,,,,,MED,,NONE,,,True,,,,,,,,,,,,,,,,,,[]
sgsc,sgsc_two_meter,8619153,,,,,,,,SeparateHouse,,,,,,,,0,,False,daytime_days_unspecified,,,,,LOW,,HI,,,False,,,,,,,,False,False,False,False,False,,,,,,[]
sgsc,sgsc_two_meter,8619213,,,,,,,,SeparateHouse,,,,,,,,0,,False,daytime_days_unspecified,,,,,LOW,,HI,,,False,,,,,,,,False,False,False,False,False,,,,,,[]
sgsc,sgsc_two_meter,8619763,,,,,,,,Unit,,,,,,,,0,,False,daytime_days_unspecified,,,,,MED,,LOW,,,True,,,,,,,,False,False,False,False,False,,,,,,[]
sgsc,sgsc_two_meter,8625781,,,,,,,,SeparateHouse,,,,,,,,0,,False,daytime_days_unspecified,,,,,LOW,,MED,,,False,,,,,,,,False,False,False,False,False,,,,,,[]
sgsc,sgsc_two_meter,8626133,,,,,,,,SeparateHouse,,,,,,,,0,,False,daytime_days_unspecified,,,,,NONE,,MED,,,True,,,,,,,,True,False,False,True,False,,,,,,[]
sgsc,sgsc_two_meter,8626167,,,,,,,,SeparateHouse,,,,,,,,0,,False,daytime_days_unspecified,,,,,NONE,,HI,,,False,,,,,,,,False,False,False,False,False,,,,,,[]
sgsc,sgsc_two_meter,8626331,,,,,,,,SeparateHouse,,,,,,,,1,,False,daytime_days_unspecified,,,,,NONE,,MED,,,False,,,,,,,,True,True,False,True,False,,,,,,[]
sgsc,sgsc_two_meter,8626595,,,,,,,,SeparateHouse,,,,,,,,0,,False,daytime_days_unspecified,,,,,LOW,,HI,,,False,,,,,,,,False,False,False,False,False,,,,,,[]
sgsc,sgsc_two_meter,8626773,,,,,,,,SeparateHouse,,,,,,,,0,,False,daytime_days_unspecified,,,,,LOW,,MED,,,True,,,,,,,,False,False,False,False,False,,,,,,[]
sgsc,sgsc_two_meter,8626851,,,,,,,,SeparateHouse,,,,,,,,0,,False,daytime_days_unspecified,,,,,LOW,,HI,,,True,,,,,,,,False,False,False,False,False,,,,,,[]
sgsc,sgsc_two_meter,8627379,,,,,,,,,,,,,,,,0,,True,daytime_days_unspecified,,,,,LOW,,HI,,,True,,,,,,,,,,,,,,,,,,[]
sgsc,sgsc_two_meter,8627437,,,,,,,,,,,,,,,,0,,True,daytime_days_unspecified,,,,,NONE,,HI,,,True,,,,,,,,,,,,,,,,,,[]
sgsc,sgsc_two_meter,8627857,,,,,,,,SeparateHouse,,,,,,,,0,,False,daytime_days_unspecified,,,,,LOW,,MED,,,False,,,,,,,,False,False,False,False,False,,,,,,[]
sgsc,sgsc_two_meter,8629333,,,,,,,,,,,,,,,,0,,True,daytime_days_unspecified,,,,,NONE,,NONE,,,False,,,,,,,,,,,,,,,,,,[]
sgsc,sgsc_two_meter,8629335,,,,,,,,,,,,,,,,1,,True,daytime_days_unspecified,,,,,LOW,,HI,,,True,,,,,,,,,,,,,,,,,,[]
sgsc,sgsc_two_meter,8629699,,,,,,,,SeparateHouse,,,,,,,,0,,False,daytime_days_unspecified,,,,,LOW,,HI,,,True,,,,,,,,False,False,False,False,False,,,,,,[]
sgsc,sgsc_two_meter,8629743,,,,,,,,SeparateHouse,,,,,,,,0,,False,daytime_days_unspecified,,,,,NONE,,MED,,,True,,,,,,,,False,False,False,False,False,,,,,,[]
sgsc,sgsc_two_meter,8632481,,,,,,,,,,,,,,,,2,,True,daytime_days_unspecified,,,,,LOW,,HI,,,True,,,,,,,,,,,,,,,,,,[]
sgsc,sgsc_two_meter,8633001,,,,,,,,SeparateHouse,,,,,,,,0,,False,daytime_days_unspecified,,,,,NONE,,HI,,,False,,,,,,,,False,False,False,False,False,,,,,,[]
sgsc,sgsc_two_meter,8633067,,,,,,,,SeparateHouse,,,,,,,,0,,False,daytime_days_unspecified,,,,,NONE,,HI,,,True,,,,,,,,True,False,True,True,False,,,,,,[]
sgsc,sgsc_two_meter,8633075,,,,,,,,SeparateHouse,,,,,,,,0,,False,daytime_days_unspecified,,,,,NONE,,HI,,,False,,,,,,,,False,False,False,False,False,,,,,,[]
sgsc,sgsc_two_meter,8633163,,,,,,,,SeparateHouse,,,,,,,,0,,False,daytime_days_unspecified,,,,,NONE,,HI,,,False,,,,,,,,False,False,False,False,False,,,,,,[]
sgsc,sgsc_two_meter,8633187,,,,,,,,SeparateHouse,,,,,,,,0,,False,daytime_days_unspecified,,,,,LOW,,HI,,,True,,,,,,,,True,False,False,True,False,,,,,,[]
sgsc,sgsc_two_meter,8633511,,,,,,,,SeparateHouse,,,,,,,,0,,False,daytime_days_unspecified,,,,,MED,,HI,,,False,,,,,,,,False,False,False,False,False,,,,,,[]
sgsc,sgsc_two_meter,8633711,,,,,,,,SeparateHouse,,,,,,,,0,,False,daytime_days_unspecified,,,,,LOW,,LOW,,,True,,,,,,,,False,False,False,False,False,,,,,,[]
sgsc,sgsc_two_meter,8633787,,,,,,,,SeparateHouse,,,,,,,,0,,False,daytime_days_unspecified,,,,,LOW,,HI,,,True,,,,,,,,False,False,False,False,False,,,,,,[]
sgsc,sgsc_two_meter,8633795,,,,,,,,SeparateHouse,,,,,,,,0,,False,daytime_days_unspecified,,,,,MED,,HI,,,False,,,,,,,,False,False,False,False,False,,,,,,[]
sgsc,sgsc_two_meter,8633887,,,,,,,,,,,,,,,,0,,True,daytime_days_unspecified,,,,,MED,,HI,,,True,,,,,,,,,,,,,,,,,,[]
sgsc,sgsc_two_meter,8633893,,,,,,,,SeparateHouse,,,,,,,,0,,False,daytime_days_unspecified,,,,,LOW,,MED,,,True,,,,,,,,False,False,False,False,False,,,,,,[]
sgsc,sgsc_two_meter,8635527,,,,,,,,SeparateHouse,,,,,,,,0,,False,daytime_days_unspecified,,,,,NONE,,MED,,,True,,,,,,,,False,False,False,False,False,,,,,,[]
sgsc,sgsc_two_meter,8636227,,,,,,,,,,,,,,,,0,,True,daytime_days_unspecified,,,,,LOW,,MED,,,True,,,,,,,,,,,,,,,,,,[]
sgsc,sgsc_two_meter,8636517,,,,,,,,SeparateHouse,,,,,,,,0,,False,daytime_days_unspecified,,,,,LOW,,LOW,,,True,,,,,,,,False,False,False,False,False,,,,,,[]
sgsc,sgsc_two_meter,8636541,,,,,,,,SeparateHouse,,,,,,,,0,,False,daytime_days_unspecified,,,,,NONE,,HI,,,False,,,,,,,,False,False,False,False,False,,,,,,[]
sgsc,sgsc_two_meter,8636565,,,,,,,,SeparateHouse,,,,,,,,0,,False,daytime_days_unspecified,,,,,NONE,,LOW,,,False,,,,,,,,False,False,False,False,False,,,,,,[]
sgsc,sgsc_two_meter,8637111,,,,,,,,SeparateHouse,,,,,,,,0,,False,daytime_days_unspecified,,,,,LOW,,MED,,,True,,,,,,,,False,False,False,False,False,,,,,,[]
sgsc,sgsc_two_meter,8637729,,,,,,,,SeparateHouse,,,,,,,,0,,False,daytime_days_unspecified,,,,,LOW,,HI,,,False,,,,,,,,False,False,False,False,False,,,,,,[]
sgsc,sgsc_two_meter,8638147,,,,,,,,SeparateHouse,,,,,,,,1,,False,daytime_days_unspecified,,,,,LOW,,HI,,,False,,,,,,,,True,True,False,False,False,,,,,,[]
sgsc,sgsc_two_meter,8638431,,,,,,,,SeparateHouse,,,,,,,,0,,False,daytime_days_unspecified,,,,,NONE,,LOW,,,False,,,,,,,,False,False,False,False,False,,,,,,[]
sgsc,sgsc_two_meter,8638543,,,,,,,,SeparateHouse,,,,,,,,0,,False,daytime_days_unspecified,,,,,LOW,,HI,,,False,,,,,,,,False,False,False,False,False,,,,,,[]
sgsc,sgsc_two_meter,8638635,,,,,,,,SeparateHouse,,,,,,,,0,,False,daytime_days_unspecified,,,,,LOW,,MED,,,True,,,,,,,,False,False,False,False,False,,,,,,[]
sgsc,sgsc_two_meter,8638651,,,,,,,,SeparateHouse,,,,,,,,0,,False,daytime_days_unspecified,,,,,LOW,,HI,,,True,,,,,,,,False,False,False,False,False,,,,,,[]
sgsc,sgsc_two_meter,8638987,,,,,,,,SeparateHouse,,,,,,,,0,,False,daytime_days_unspecified,,,,,LOW,,MED,,,True,,,,,,,,False,False,False,False,False,,,,,,[]
sgsc,sgsc_two_meter,8639381,,,,,,,,,,,,,,,,0,,True,daytime_days_unspecified,,,,,LOW,,HI,,,True,,,,,,,,,,,,,,,,,,[]
sgsc,sgsc_two_meter,8639621,,,,,,,,,,,,,,,,0,,True,daytime_days_unspecified,,,,,MED,,NONE,,,True,,,,,,,,,,,,,,,,,,[]
sgsc,sgsc_two_meter,8639647,,,,,,,,,,,,,,,,0,,True,daytime_days_unspecified,,,,,LOW,,HI,,,True,,,,,,,,,,,,,,,,,,[]
sgsc,sgsc_two_meter,8639703,,,,,,,,SeparateHouse,,,,,,,,0,,False,daytime_days_unspecified,,,,,NONE,,MED,,,True,,,,,,,,False,False,False,False,False,,,,,,[]
sgsc,sgsc_two_meter,8639795,,,,,,,,SeparateHouse,,,,,,,,0,,False,daytime_days_unspecified,,,,,LOW,,LOW,,,True,,,,,,,,False,False,False,False,False,,,,,,[]
sgsc,sgsc_two_meter,8639857,,,,,,,,SeparateHouse,,,,,,,,0,,False,daytime_days_unspecified,,,,,LOW,,MED,,,True,,,,,,,,False,False,False,False,False,,,,,,[]
sgsc,sgsc_two_meter,8640561,,,,,,,,SeparateHouse,,,,,,,,0,,False,daytime_days_unspecified,,,,,NONE,,LOW,,,True,,,,,,,,False,False,False,False,False,,,,,,[]
sgsc,sgsc_two_meter,8640665,,,,,,,,SeparateHouse,,,,,,,,0,,False,daytime_days_unspecified,,,,,LOW,,HI,,,False,,,,,,,,False,False,False,False,False,,,,,,[]
sgsc,sgsc_two_meter,8640691,,,,,,,,SeparateHouse,,,,,,,,0,,False,daytime_days_unspecified,,,,,NONE,,MED,,,True,,,,,,,,False,False,False,False,False,,,,,,[]
sgsc,sgsc_two_meter,8640841,,,,,,,,SeparateHouse,,,,,,,,0,,False,daytime_days_unspecified,,,,,NONE,,HI,,,False,,,,,,,,False,False,False,False,False,,,,,,[]
sgsc,sgsc_two_meter,8641191,,,,,,,,SeparateHouse,,,,,,,,0,,False,daytime_days_unspecified,,,,,LOW,,HI,,,True,,,,,,,,True,False,False,True,False,,,,,,[]
sgsc,sgsc_two_meter,8641571,,,,,,,,SeparateHouse,,,,,,,,0,,False,daytime_days_unspecified,,,,,NONE,,HI,,,True,,,,,,,,False,False,False,False,False,,,,,,[]
sgsc,sgsc_two_meter,8641721,,,,,,,,SeparateHouse,,,,,,,,0,,False,daytime_days_unspecified,,,,,LOW,,MED,,,True,,,,,,,,False,False,False,False,False,,,,,,[]
sgsc,sgsc_two_meter,8643151,,,,,,,,,,,,,,,,0,,True,daytime_days_unspecified,,,,,LOW,,HI,,,False,,,,,,,,,,,,,,,,,,[]
sgsc,sgsc_two_meter,8643223,,,,,,,,,,,,,,,,0,,True,daytime_days_unspecified,,,,,LOW,,HI,,,False,,,,,,,,,,,,,,,,,,[]
sgsc,sgsc_two_meter,8644453,,,,,,,,SeparateHouse,,,,,,,,0,,False,daytime_days_unspecified,,,,,LOW,,MED,,,True,,,,,,,,False,False,False,False,False,,,,,,[]
sgsc,sgsc_two_meter,8646271,,,,,,,,SeparateHouse,,,,,,,,0,,False,daytime_days_unspecified,,,,,LOW,,HI,,,False,,,,,,,,False,False,False,False,False,,,,,,[]
sgsc,sgsc_two_meter,8646419,,,,,,,,SeparateHouse,,,,,,,,0,,False,daytime_days_unspecified,,,,,NONE,,HI,,,True,,,,,,,,False,False,False,False,False,,,,,,[]
sgsc,sgsc_two_meter,8646859,,,,,,,,,,,,,,,,0,,True,daytime_days_unspecified,,,,,LOW,,MED,,,False,,,,,,,,,,,,,,,,,,[]
sgsc,sgsc_two_meter,8647257,,,,,,,,SeparateHouse,,,,,,,,0,,False,daytime_days_unspecified,,,,,NONE,,HI,,,True,,,,,,,,False,False,False,False,False,,,,,,[]
sgsc,sgsc_two_meter,8648445,,,,,,,,,,,,,,,,1,,True,daytime_days_unspecified,,,,,NONE,,MED,,,True,,,,,,,,,,,,,,,,,,[]
sgsc,sgsc_two_meter,8648669,,,,,,,,SeparateHouse,,,,,,,,0,,False,daytime_days_unspecified,,,,,LOW,,MED,,,True,,,,,,,,False,False,False,False,False,,,,,,[]
sgsc,sgsc_two_meter,8649433,,,,,,,,SeparateHouse,,,,,,,,0,,False,daytime_days_unspecified,,,,,LOW,,LOW,,,True,,,,,,,,True,False,False,True,False,,,,,,[]
sgsc,sgsc_two_meter,8650365,,,,,,,,,,,,,,,,2,,True,daytime_days_unspecified,,,,,LOW,,HI,,,True,,,,,,,,,,,,,,,,,,[]
sgsc,sgsc_two_meter,8650401,,,,,,,,SeparateHouse,,,,,,,,0,,False,daytime_days_unspecified,,,,,LOW,,MED,,,True,,,,,,,,True,False,False,True,False,,,,,,[]
sgsc,sgsc_two_meter,8652051,,,,,,,,SeparateHouse,,,,,,,,0,,False,daytime_days_unspecified,,,,,LOW,,HI,,,True,,,,,,,,False,False,False,False,False,,,,,,[]
sgsc,sgsc_two_meter,8654561,,,,,,,,SeparateHouse,,,,,,,,0,,False,daytime_days_unspecified,,,,,NONE,,MED,,,True,,,,,,,,False,False,False,False,False,,,,,,[]
sgsc,sgsc_two_meter,8655177,,,,,,,,,,,,,,,,0,,True,daytime_days_unspecified,,,,,NONE,,LOW,,,False,,,,,,,,,,,,,,,,,,[]
sgsc,sgsc_two_meter,8655457,,,,,,,,,,,,,,,,0,,True,daytime_days_unspecified,,,,,MED,,MED,,,True,,,,,,,,,,,,,,,,,,[]
sgsc,sgsc_two_meter,8655919,,,,,,,,,,,,,,,,0,,True,daytime_days_unspecified,,,,,LOW,,HI,,,True,,,,,,,,,,,,,,,,,,[]
sgsc,sgsc_two_meter,8655993,,,,,,,,,,,,,,,,0,,True,daytime_days_unspecified,,,,,MED,,MED,,,True,,,,,,,,,,,,,,,,,,[]
sgsc,sgsc_two_meter,8656019,,,,,,,,,,,,,,,,0,,True,daytime_days_unspecified,,,,,LOW,,LOW,,,True,,,,,,,,,,,,,,,,,,[]
sgsc,sgsc_two_meter,8656125,,,,,,,,,,,,,,,,4,,True,daytime_days_unspecified,,,,,MED,,HI,,,True,,,,,,,,,,,,,,,,,,[]
sgsc,sgsc_two_meter,8656155,,,,,,,,SeparateHouse,,,,,,,,0,,False,daytime_days_unspecified,,,,,NONE,,HI,,,True,,,,,,,,True,False,True,True,False,,,,,,[]
sgsc,sgsc_two_meter,8657173,,,,,,,,SeparateHouse,,,,,,,,0,,False,daytime_days_unspecified,,,,,LOW,,LOW,,,True,,,,,,,,False,False,False,False,False,,,,,,[]
sgsc,sgsc_two_meter,8657845,,,,,,,,,,,,,,,,0,,True,daytime_days_unspecified,,,,,MED,,HI,,,True,,,,,,,,,,,,,,,,,,[]
sgsc,sgsc_two_meter,8657925,,,,,,,,SeparateHouse,,,,,,,,0,,False,daytime_days_unspecified,,,,,LOW,,HI,,,True,,,,,,,,False,False,False,False,False,,,,,,[]
sgsc,sgsc_two_meter,8658327,,,,,,,,,,,,,,,,0,,True,daytime_days_unspecified,,,,,LOW,,LOW,,,True,,,,,,,,,,,,,,,,,,[]
sgsc,sgsc_two_meter,8659782,,,,,,,,,,,,,,,,0,,True,daytime_days_unspecified,,,,,LOW,,HI,,,True,,,,,,,,,,,,,,,,,,[]
sgsc,sgsc_two_meter,8659802,,,,,,,,,,,,,,,,1,,True,daytime_days_unspecified,,,,,LOW,,HI,,,True,,,,,,,,,,,,,,,,,,[]
sgsc,sgsc_two_meter,8661428,,,,,,,,SeparateHouse,,,,,,,,0,,False,daytime_days_unspecified,,,,,LOW,,LOW,,,True,,,,,,,,True,False,True,True,False,,,,,,[]
sgsc,sgsc_two_meter,8661498,,,,,,,,SeparateHouse,,,,,,,,0,,False,daytime_days_unspecified,,,,,LOW,,MED,,,True,,,,,,,,False,False,False,False,False,,,,,,[]
sgsc,sgsc_two_meter,8661616,,,,,,,,SeparateHouse,,,,,,,,0,,False,daytime_days_unspecified,,,,,LOW,,LOW,,,False,,,,,,,,False,False,False,False,False,,,,,,[]
sgsc,sgsc_two_meter,8662400,,,,,,,,SeparateHouse,,,,,,,,0,,False,daytime_days_unspecified,,,,,NONE,,HI,,,True,,,,,,,,False,False,False,False,False,,,,,,[]
sgsc,sgsc_two_meter,8662732,,,,,,,,SeparateHouse,,,,,,,,0,,False,daytime_days_unspecified,,,,,LOW,,HI,,,False,,,,,,,,False,False,False,False,False,,,,,,[]
sgsc,sgsc_two_meter,8663402,,,,,,,,,,,,,,,,0,,True,daytime_days_unspecified,,,,,NONE,,MED,,,True,,,,,,,,,,,,,,,,,,[]
sgsc,sgsc_two_meter,8663890,,,,,,,,SeparateHouse,,,,,,,,0,,False,daytime_days_unspecified,,,,,LOW,,HI,,,True,,,,,,,,False,False,False,False,False,,,,,,[]
sgsc,sgsc_two_meter,8664260,,,,,,,,SeparateHouse,,,,,,,,0,,False,daytime_days_unspecified,,,,,MED,,MED,,,True,,,,,,,,False,False,False,False,False,,,,,,[]
sgsc,sgsc_two_meter,8665858,,,,,,,,,,,,,,,,0,,True,daytime_days_unspecified,,,,,LOW,,MED,,,True,,,,,,,,,,,,,,,,,,[]
sgsc,sgsc_two_meter,8666760,,,,,,,,,,,,,,,,0,,True,daytime_days_unspecified,,,,,HI,,NONE,,,True,,,,,,,,,,,,,,,,,,[]
sgsc,sgsc_two_meter,8669716,,,,,,,,SeparateHouse,,,,,,,,0,,False,daytime_days_unspecified,,,,,MED,,HI,,,False,,,,,,,,False,False,False,False,False,,,,,,[]
sgsc,sgsc_two_meter,8669750,,,,,,,,SeparateHouse,,,,,,,,0,,False,daytime_days_unspecified,,,,,LOW,,MED,,,True,,,,,,,,False,False,False,False,False,,,,,,[]
sgsc,sgsc_two_meter,8670578,,,,,,,,,,,,,,,,0,,True,daytime_days_unspecified,,,,,LOW,,HI,,,False,,,,,,,,,,,,,,,,,,[]
sgsc,sgsc_two_meter,8670788,,,,,,,,,,,,,,,,0,,True,daytime_days_unspecified,,,,,LOW,,HI,,,True,,,,,,,,,,,,,,,,,,[]
sgsc,sgsc_two_meter,8672070,,,,,,,,SeparateHouse,,,,,,,,0,,False,daytime_days_unspecified,,,,,LOW,,MED,,,True,,,,,,,,False,False,False,False,False,,,,,,[]
sgsc,sgsc_two_meter,8672222,,,,,,,,,,,,,,,,0,,True,daytime_days_unspecified,,,,,LOW,,MED,,,True,,,,,,,,,,,,,,,,,,[]
sgsc,sgsc_two_meter,8672526,,,,,,,,,,,,,,,,0,,True,daytime_days_unspecified,,,,,LOW,,HI,,,True,,,,,,,,,,,,,,,,,,[]
sgsc,sgsc_two_meter,8673122,,,,,,,,SeparateHouse,,,,,,,,0,,False,daytime_days_unspecified,,,,,NONE,,MED,,,False,,,,,,,,False,False,False,False,False,,,,,,[]
sgsc,sgsc_two_meter,8673190,,,,,,,,,,,,,,,,0,,True,daytime_days_unspecified,,,,,NONE,,HI,,,True,,,,,,,,,,,,,,,,,,[]
sgsc,sgsc_two_meter,8674350,,,,,,,,,,,,,,,,0,,True,daytime_days_unspecified,,,,,NONE,,HI,,,True,,,,,,,,,,,,,,,,,,[]
sgsc,sgsc_two_meter,8675052,,,,,,,,,,,,,,,,0,,True,daytime_days_unspecified,,,,,LOW,,HI,,,False,,,,,,,,,,,,,,,,,,[]
sgsc,sgsc_two_meter,8675178,,,,,,,,SeparateHouse,,,,,,,,0,,False,daytime_days_unspecified,,,,,LOW,,LOW,,,False,,,,,,,,False,False,False,False,False,,,,,,[]
sgsc,sgsc_two_meter,8675198,,,,,,,,SeparateHouse,,,,,,,,0,,False,daytime_days_unspecified,,,,,HI,,MED,,,False,,,,,,,,False,False,False,False,False,,,,,,[]
sgsc,sgsc_two_meter,8675216,,,,,,,,,,,,,,,,0,,True,daytime_days_unspecified,,,,,NONE,,MED,,,True,,,,,,,,,,,,,,,,,,[]
sgsc,sgsc_two_meter,8675600,,,,,,,,SeparateHouse,,,,,,,,4,,False,daytime_days_unspecified,,,,,LOW,,HI,,,True,,,,,,,,True,True,False,True,False,,,,,,[]
sgsc,sgsc_two_meter,8676174,,,,,,,,SeparateHouse,,,,,,,,0,,False,daytime_days_unspecified,,,,,LOW,,HI,,,True,,,,,,,,False,False,False,False,False,,,,,,[]
sgsc,sgsc_two_meter,8676918,,,,,,,,Unit,,,,,,,,0,,False,daytime_days_unspecified,,,,,MED,,HI,,,True,,,,,,,,False,False,False,False,False,,,,,,[]
sgsc,sgsc_two_meter,8679184,,,,,,,,,,,,,,,,0,,True,daytime_days_unspecified,,,,,NONE,,HI,,,True,,,,,,,,,,,,,,,,,,[]
sgsc,sgsc_two_meter,8679192,,,,,,,,,,,,,,,,0,,True,daytime_days_unspecified,,,,,LOW,,HI,,,True,,,,,,,,,,,,,,,,,,[]
sgsc,sgsc_two_meter,8679314,,,,,,,,,,,,,,,,0,,True,daytime_days_unspecified,,,,,LOW,,HI,,,True,,,,,,,,,,,,,,,,,,[]
sgsc,sgsc_two_meter,8679346,,,,,,,,,,,,,,,,0,,True,daytime_days_unspecified,,,,,LOW,,HI,,,True,,,,,,,,,,,,,,,,,,[]
sgsc,sgsc_two_meter,8679380,,,,,,,,SeparateHouse,,,,,,,,0,,False,daytime_days_unspecified,,,,,LOW,,MED,,,True,,,,,,,,True,False,False,True,False,,,,,,[]
sgsc,sgsc_two_meter,8679410,,,,,,,,SeparateHouse,,,,,,,,0,,False,daytime_days_unspecified,,,,,LOW,,MED,,,True,,,,,,,,False,False,False,False,False,,,,,,[]
sgsc,sgsc_two_meter,8679464,,,,,,,,,,,,,,,,0,,True,daytime_days_unspecified,,,,,LOW,,HI,,,False,,,,,,,,,,,,,,,,,,[]
sgsc,sgsc_two_meter,8680792,,,,,,,,SeparateHouse,,,,,,,,0,,False,daytime_days_unspecified,,,,,NONE,,LOW,,,True,,,,,,,,False,False,False,False,False,,,,,,[]
sgsc,sgsc_two_meter,8680802,,,,,,,,SeparateHouse,,,,,,,,0,,False,daytime_days_unspecified,,,,,MED,,MED,,,True,,,,,,,,False,False,False,False,False,,,,,,[]
sgsc,sgsc_two_meter,8680896,,,,,,,,SeparateHouse,,,,,,,,0,,False,daytime_days_unspecified,,,,,LOW,,HI,,,True,,,,,,,,False,False,False,False,False,,,,,,[]
sgsc,sgsc_two_meter,8682000,,,,,,,,Unit,,,,,,,,0,,False,daytime_days_unspecified,,,,,NONE,,MED,,,False,,,,,,,,False,False,False,False,False,,,,,,[]
sgsc,sgsc_two_meter,8682064,,,,,,,,Unit,,,,,,,,0,,False,daytime_days_unspecified,,,,,LOW,,HI,,,False,,,,,,,,False,False,False,False,False,,,,,,[]
sgsc,sgsc_two_meter,8682472,,,,,,,,,,,,,,,,0,,True,daytime_days_unspecified,,,,,NONE,,MED,,,True,,,,,,,,,,,,,,,,,,[]
sgsc,sgsc_two_meter,8683862,,,,,,,,,,,,,,,,0,,True,daytime_days_unspecified,,,,,LOW,,HI,,,True,,,,,,,,,,,,,,,,,,[]
sgsc,sgsc_two_meter,8684014,,,,,,,,,,,,,,,,0,,True,daytime_days_unspecified,,,,,LOW,,LOW,,,False,,,,,,,,,,,,,,,,,,[]
sgsc,sgsc_two_meter,8684080,,,,,,,,,,,,,,,,0,,True,daytime_days_unspecified,,,,,LOW,,HI,,,True,,,,,,,,,,,,,,,,,,[]
sgsc,sgsc_two_meter,8684082,,,,,,,,,,,,,,,,0,,True,daytime_days_unspecified,,,,,LOW,,HI,,,True,,,,,,,,,,,,,,,,,,[]
sgsc,sgsc_two_meter,8684102,,,,,,,,,,,,,,,,0,,True,daytime_days_unspecified,,,,,LOW,,HI,,,True,,,,,,,,,,,,,,,,,,[]
sgsc,sgsc_two_meter,8684208,,,,,,,,Unit,,,,,,,,0,,False,daytime_days_unspecified,,,,,LOW,,HI,,,False,,,,,,,,False,False,False,False,False,,,,,,[]
sgsc,sgsc_two_meter,8686270,,,,,,,,SeparateHouse,,,,,,,,0,,False,daytime_days_unspecified,,,,,MED,,MED,,,True,,,,,,,,False,False,False,False,False,,,,,,[]
sgsc,sgsc_two_meter,8687000,,,,,,,,SeparateHouse,,,,,,,,0,,False,daytime_days_unspecified,,,,,LOW,,MED,,,True,,,,,,,,False,False,False,False,False,,,,,,[]
sgsc,sgsc_two_meter,8687500,,,,,,,,,,,,,,,,0,,True,daytime_days_unspecified,,,,,MED,,LOW,,,True,,,,,,,,,,,,,,,,,,[]
sgsc,sgsc_two_meter,8687508,,,,,,,,SeparateHouse,,,,,,,,0,,False,daytime_days_unspecified,,,,,LOW,,MED,,,True,,,,,,,,False,False,False,False,False,,,,,,[]
sgsc,sgsc_two_meter,8687792,,,,,,,,SeparateHouse,,,,,,,,0,,False,daytime_days_unspecified,,,,,NONE,,HI,,,True,,,,,,,,False,False,False,False,False,,,,,,[]
sgsc,sgsc_two_meter,8687902,,,,,,,,,,,,,,,,0,,True,daytime_days_unspecified,,,,,LOW,,HI,,,True,,,,,,,,,,,,,,,,,,[]
sgsc,sgsc_two_meter,8688194,,,,,,,,Unit,,,,,,,,0,,False,daytime_days_unspecified,,,,,LOW,,HI,,,False,,,,,,,,False,False,False,False,False,,,,,,[]
sgsc,sgsc_two_meter,8688274,,,,,,,,Unit,,,,,,,,0,,False,daytime_days_unspecified,,,,,LOW,,HI,,,False,,,,,,,,False,False,False,False,False,,,,,,[]
sgsc,sgsc_two_meter,8690618,,,,,,,,SeparateHouse,,,,,,,,0,,False,daytime_days_unspecified,,,,,NONE,,HI,,,False,,,,,,,,False,False,False,False,False,,,,,,[]
sgsc,sgsc_two_meter,8692244,,,,,,,,,,,,,,,,0,,True,daytime_days_unspecified,,,,,LOW,,HI,,,True,,,,,,,,,,,,,,,,,,[]
sgsc,sgsc_two_meter,8695078,,,,,,,,,,,,,,,,0,,True,daytime_days_unspecified,,,,,LOW,,MED,,,True,,,,,,,,,,,,,,,,,,[]
sgsc,sgsc_two_meter,8695160,,,,,,,,SeparateHouse,,,,,,,,1,,False,daytime_days_unspecified,,,,,LOW,,HI,,,True,,,,,,,,True,True,False,True,False,,,,,,[]
sgsc,sgsc_two_meter,8695172,,,,,,,,SeparateHouse,,,,,,,,7,,False,daytime_days_unspecified,,,,,LOW,,HI,,,True,,,,,,,,True,True,False,True,True,,,,,,[]
sgsc,sgsc_two_meter,8696740,,,,,,,,,,,,,,,,0,,True,daytime_days_unspecified,,,,,LOW,,HI,,,False,,,,,,,,,,,,,,,,,,[]
sgsc,sgsc_two_meter,8702194,,,,,,,,,,,,,,,,0,,True,daytime_days_unspecified,,,,,HI,,HI,,,True,,,,,,,,,,,,,,,,,,[]
sgsc,sgsc_two_meter,8707874,,,,,,,,,,,,,,,,0,,True,daytime_days_unspecified,,,,,LOW,,HI,,,False,,,,,,,,,,,,,,,,,,[]
sgsc,sgsc_two_meter,8708300,,,,,,,,,,,,,,,,0,,True,daytime_days_unspecified,,,,,NONE,,HI,,,False,,,,,,,,,,,,,,,,,,[]
sgsc,sgsc_two_meter,8711290,,,,,,,,,,,,,,,,0,,True,daytime_days_unspecified,,,,,LOW,,HI,,,False,,,,,,,,,,,,,,,,,,[]
sgsc,sgsc_two_meter,8711296,,,,,,,,,,,,,,,,0,,True,daytime_days_unspecified,,,,,MED,,MED,,,True,,,,,,,,,,,,,,,,,,[]
sgsc,sgsc_two_meter,8711352,,,,,,,,,,,,,,,,0,,True,daytime_days_unspecified,,,,,MED,,MED,,,True,,,,,,,,,,,,,,,,,,[]
sgsc,sgsc_two_meter,8725310,,,,,,,,,,,,,,,,7,,True,daytime_days_unspecified,,,,,MED,,MED,,,True,,,,,,,,,,,,,,,,,,[]
sgsc,sgsc_two_meter,8726388,,,,,,,,,,,,,,,,2,,True,daytime_days_unspecified,,,,,LOW,,HI,,,True,,,,,,,,,,,,,,,,,,[]
sgsc,sgsc_two_meter,8740564,,,,,,,,,,,,,,,,0,,True,daytime_days_unspecified,,,,,NONE,,HI,,,True,,,,,,,,,,,,,,,,,,[]
sgsc,sgsc_two_meter,8740960,,,,,,,,SeparateHouse,,,,,,,,0,,False,daytime_days_unspecified,,,,,LOW,,MED,,,True,,,,,,,,False,False,False,False,False,,,,,,[]
sgsc,sgsc_two_meter,8741100,,,,,,,,SeparateHouse,,,,,,,,0,,False,daytime_days_unspecified,,,,,MED,,LOW,,,True,,,,,,,,False,False,False,False,False,,,,,,[]
sgsc,sgsc_two_meter,8741110,,,,,,,,SeparateHouse,,,,,,,,0,,False,daytime_days_unspecified,,,,,LOW,,MED,,,True,,,,,,,,False,False,False,False,False,,,,,,[]
sgsc,sgsc_two_meter,8778746,,,,,,,,SeparateHouse,,,,,,,,1,,False,daytime_days_unspecified,,,,,LOW,,HI,,,True,,,,,,,,True,True,True,False,False,,,,,,[]
sgsc,sgsc_two_meter,8781064,,,,,,,,SeparateHouse,,,,,,,,1,,False,daytime_days_unspecified,,,,,LOW,,LOW,,,True,,,,,,,,True,True,False,True,False,,,,,,[]
sgsc,sgsc_two_meter,8781150,,,,,,,,SeparateHouse,,,,,,,,7,,False,daytime_days_unspecified,,,,,NONE,,MED,,,True,,,,,,,,True,True,True,True,False,,,,,,[]
sgsc,sgsc_two_meter,8786764,,,,,,,,,,,,,,,,0,,True,daytime_days_unspecified,,,,,LOW,,MED,,,True,,,,,,,,,,,,,,,,,,[]
sgsc,sgsc_two_meter,8799298,,,,,,,,,,,,,,,,0,,True,daytime_days_unspecified,,,,,HI,,HI,,,True,,,,,,,,,,,,,,,,,,[]
sgsc,sgsc_two_meter,8804848,,,,,,,,,,,,,,,,4,,True,daytime_days_unspecified,,,,,LOW,,HI,,,True,,,,,,,,,,,,,,,,,,[]
sgsc,sgsc_two_meter,8860576,,,,,,,,,,,,,,,,3,,True,daytime_days_unspecified,,,,,LOW,,HI,,,True,,,,,,,,,,,,,,,,,,[]
sgsc,sgsc_two_meter,8918552,,,,,,,,SeparateHouse,,,,,,,,0,,False,daytime_days_unspecified,,,,,MED,,MED,,,True,,,,,,,,False,False,False,False,False,,,,,,[]
sgsc,sgsc_two_meter,8918562,,,,,,,,,,,,,,,,0,,True,daytime_days_unspecified,,,,,LOW,,MED,,,True,,,,,,,,,,,,,,,,,,[]
sgsc,sgsc_two_meter,8921884,,,,,,,,SeparateHouse,,,,,,,,2,,False,daytime_days_unspecified,,,,,LOW,,HI,,,True,,,,,,,,True,True,True,True,False,,,,,,[]
sgsc,sgsc_two_meter,8921958,,,,,,,,SeparateHouse,,,,,,,,6,,False,daytime_days_unspecified,,,,,LOW,,HI,,,True,,,,,,,,True,True,False,True,False,,,,,,[]
sgsc,sgsc_two_meter,8934292,,,,,,,,,,,,,,,,1,,True,daytime_days_unspecified,,,,,NONE,,NONE,,,True,,,,,,,,,,,,,,,,,,[]
sgsc,sgsc_two_meter,8952284,,,,,,,,,,,,,,,,0,,True,daytime_days_unspecified,,,,,MED,,NONE,,,True,,,,,,,,,,,,,,,,,,[]
sgsc,sgsc_two_meter,8952302,,,,,,,,,,,,,,,,0,,True,daytime_days_unspecified,,,,,HI,,MED,,,True,,,,,,,,,,,,,,,,,,[]
sgsc,sgsc_two_meter,8952364,,,,,,,,SeparateHouse,,,,,,,,0,,False,daytime_days_unspecified,,,,,LOW,,HI,,,True,,,,,,,,False,False,False,False,False,,,,,,[]
sgsc,sgsc_two_meter,8952384,,,,,,,,SeparateHouse,,,,,,,,0,,False,daytime_days_unspecified,,,,,LOW,,HI,,,True,,,,,,,,False,False,False,False,False,,,,,,[]
sgsc,sgsc_two_meter,8952790,,,,,,,,SeparateHouse,,,,,,,,0,,False,daytime_days_unspecified,,,,,LOW,,NONE,,,True,,,,,,,,False,False,False,False,False,,,,,,[]
sgsc,sgsc_two_meter,8952830,,,,,,,,SeparateHouse,,,,,,,,1,,False,daytime_days_unspecified,,,,,MED,,HI,,,True,,,,,,,,True,True,True,True,False,,,,,,[]
sgsc,sgsc_two_meter,8952880,,,,,,,,SeparateHouse,,,,,,,,0,,False,daytime_days_unspecified,,,,,LOW,,HI,,,True,,,,,,,,False,False,False,False,False,,,,,,[]
sgsc,sgsc_two_meter,8952920,,,,,,,,,,,,,,,,0,,True,daytime_days_unspecified,,,,,NONE,,HI,,,True,,,,,,,,,,,,,,,,,,[]
sgsc,sgsc_two_meter,8952926,,,,,,,,,,,,,,,,0,,True,daytime_days_unspecified,,,,,LOW,,MED,,,True,,,,,,,,,,,,,,,,,,[]
sgsc,sgsc_two_meter,8990422,,,,,,,,,,,,,,,,0,,True,daytime_days_unspecified,,,,,LOW,,HI,,,True,,,,,,,,,,,,,,,,,,[]
sgsc,sgsc_two_meter,8990492,,,,,,,,SeparateHouse,,,,,,,,0,,False,daytime_days_unspecified,,,,,LOW,,HI,,,True,,,,,,,,False,False,False,False,False,,,,,,[]
sgsc,sgsc_two_meter,9007342,,,,,,,,SeparateHouse,,,,,,,,3,,False,daytime_days_unspecified,,,,,LOW,,MED,,,True,,,,,,,,True,True,True,True,True,,,,,,[]
sgsc,sgsc_two_meter,9007384,,,,,,,,,,,,,,,,0,,True,daytime_days_unspecified,,,,,HI,,HI,,,True,,,,,,,,,,,,,,,,,,[]
sgsc,sgsc_two_meter,9007858,,,,,,,,,,,,,,,,1,,True,daytime_days_unspecified,,,,,NONE,,MED,,,True,,,,,,,,,,,,,,,,,,[]
sgsc,sgsc_two_meter,9007912,,,,,,,,,,,,,,,,0,,True,daytime_days_unspecified,,,,,LOW,,HI,,,True,,,,,,,,,,,,,,,,,,[]
sgsc,sgsc_two_meter,9012366,,,,,,,,,,,,,,,,0,,True,daytime_days_unspecified,,,,,MED,,MED,,,True,,,,,,,,,,,,,,,,,,[]
sgsc,sgsc_two_meter,9014808,,,,,,,,,,,,,,,,0,,True,daytime_days_unspecified,,,,,NONE,,MED,,,True,,,,,,,,,,,,,,,,,,[]
sgsc,sgsc_two_meter,9018808,,,,,,,,,,,,,,,,0,,True,daytime_days_unspecified,,,,,MED,,MED,,,True,,,,,,,,,,,,,,,,,,[]
sgsc,sgsc_two_meter,9020814,,,,,,,,SeparateHouse,,,,,,,,0,,False,daytime_days_unspecified,,,,,NONE,,HI,,,True,,,,,,,,False,False,False,False,False,,,,,,[]
sgsc,sgsc_two_meter,9022092,,,,,,,,,,,,,,,,0,,True,daytime_days_unspecified,,,,,LOW,,HI,,,True,,,,,,,,,,,,,,,,,,[]
sgsc,sgsc_two_meter,9029378,,,,,,,,SeparateHouse,,,,,,,,0,,False,daytime_days_unspecified,,,,,LOW,,MED,,,True,,,,,,,,False,False,False,False,False,,,,,,[]
sgsc,sgsc_two_meter,9029384,,,,,,,,SeparateHouse,,,,,,,,1,,False,daytime_days_unspecified,,,,,MED,,LOW,,,True,,,,,,,,True,True,True,True,False,,,,,,[]
sgsc,sgsc_two_meter,9030320,,,,,,,,,,,,,,,,0,,True,daytime_days_unspecified,,,,,LOW,,HI,,,True,,,,,,,,,,,,,,,,,,[]
sgsc,sgsc_two_meter,9045014,,,,,,,,,,,,,,,,0,,True,daytime_days_unspecified,,,,,MED,,MED,,,True,,,,,,,,,,,,,,,,,,[]
sgsc,sgsc_two_meter,9048366,,,,,,,,SeparateHouse,,,,,,,,0,,False,daytime_days_unspecified,,,,,MED,,MED,,,True,,,,,,,,False,False,False,False,False,,,,,,[]
sgsc,sgsc_two_meter,9049752,,,,,,,,,,,,,,,,7,,True,daytime_days_unspecified,,,,,MED,,MED,,,True,,,,,,,,,,,,,,,,,,[]
sgsc,sgsc_two_meter,9049962,,,,,,,,,,,,,,,,0,,True,daytime_days_unspecified,,,,,MED,,MED,,,True,,,,,,,,,,,,,,,,,,[]
sgsc,sgsc_two_meter,9053676,,,,,,,,,,,,,,,,0,,True,daytime_days_unspecified,,,,,NONE,,HI,,,True,,,,,,,,,,,,,,,,,,[]
sgsc,sgsc_two_meter,9055300,,,,,,,,,,,,,,,,0,,True,daytime_days_unspecified,,,,,NONE,,LOW,,,True,,,,,,,,,,,,,,,,,,[]
sgsc,sgsc_two_meter,9066390,,,,,,,,,,,,,,,,2,,True,daytime_days_unspecified,,,,,MED,,HI,,,True,,,,,,,,,,,,,,,,,,[]
sgsc,sgsc_two_meter,9069164,,,,,,,,SeparateHouse,,,,,,,,1,,False,daytime_days_unspecified,,,,,MED,,HI,,,True,,,,,,,,True,True,True,True,False,,,,,,[]
sgsc,sgsc_two_meter,9070256,,,,,,,,,,,,,,,,0,,True,daytime_days_unspecified,,,,,LOW,,HI,,,True,,,,,,,,,,,,,,,,,,[]
sgsc,sgsc_two_meter,9077120,,,,,,,,,,,,,,,,0,,True,daytime_days_unspecified,,,,,MED,,MED,,,True,,,,,,,,,,,,,,,,,,[]
sgsc,sgsc_two_meter,9082208,,,,,,,,,,,,,,,,0,,True,daytime_days_unspecified,,,,,LOW,,HI,,,True,,,,,,,,,,,,,,,,,,[]
sgsc,sgsc_two_meter,9083374,,,,,,,,,,,,,,,,1,,True,daytime_days_unspecified,,,,,NONE,,MED,,,True,,,,,,,,,,,,,,,,,,[]
sgsc,sgsc_two_meter,9092798,,,,,,,,,,,,,,,,0,,True,daytime_days_unspecified,,,,,LOW,,MED,,,True,,,,,,,,,,,,,,,,,,[]
sgsc,sgsc_two_meter,9095456,,,,,,,,SeparateHouse,,,,,,,,0,,False,daytime_days_unspecified,,,,,MED,,MED,,,True,,,,,,,,False,False,False,False,False,,,,,,[]
sgsc,sgsc_two_meter,9109614,,,,,,,,,,,,,,,,5,,True,daytime_days_unspecified,,,,,NONE,,HI,,,True,,,,,,,,,,,,,,,,,,[]
sgsc,sgsc_two_meter,9109622,,,,,,,,,,,,,,,,1,,True,daytime_days_unspecified,,,,,MED,,MED,,,True,,,,,,,,,,,,,,,,,,[]
sgsc,sgsc_two_meter,9136335,,,,,,,,SeparateHouse,,,,,,,,1,,False,daytime_days_unspecified,,,,,MED,,HI,,,True,,,,,,,,True,True,False,False,False,,,,,,[]
sgsc,sgsc_two_meter,9183219,,,,,,,,,,,,,,,,0,,True,daytime_days_unspecified,,,,,MED,,HI,,,True,,,,,,,,,,,,,,,,,,[]
sgsc,sgsc_two_meter,9183235,,,,,,,,,,,,,,,,0,,True,daytime_days_unspecified,,,,,MED,,HI,,,True,,,,,,,,,,,,,,,,,,[]
sgsc,sgsc_two_meter,9213431,,,,,,,,,,,,,,,,0,,True,daytime_days_unspecified,,,,,NONE,,MED,,,True,,,,,,,,,,,,,,,,,,[]
sgsc,sgsc_two_meter,9227175,,,,,,,,,,,,,,,,4,,True,daytime_days_unspecified,,,,,LOW,,HI,,,True,,,,,,,,,,,,,,,,,,[]
sgsc,sgsc_two_meter,9275761,,,,,,,,,,,,,,,,0,,True,daytime_days_unspecified,,,,,NONE,,HI,,,True,,,,,,,,,,,,,,,,,,[]
sgsc,sgsc_two_meter,9284157,,,,,,,,,,,,,,,,0,,True,daytime_days_unspecified,,,,,LOW,,MED,,,True,,,,,,,,,,,,,,,,,,[]
sgsc,sgsc_two_meter,9297701,,,,,,,,,,,,,,,,0,,True,daytime_days_unspecified,,,,,LOW,,HI,,,True,,,,,,,,,,,,,,,,,,[]
sgsc,sgsc_two_meter,9307827,,,,,,,,,,,,,,,,0,,True,daytime_days_unspecified,,,,,NONE,,HI,,,True,,,,,,,,,,,,,,,,,,[]
sgsc,sgsc_two_meter,9314521,,,,,,,,,,,,,,,,0,,True,daytime_days_unspecified,,,,,NONE,,HI,,,True,,,,,,,,,,,,,,,,,,[]
sgsc,sgsc_two_meter,9316673,,,,,,,,SeparateHouse,,,,,,,,0,,False,daytime_days_unspecified,,,,,NONE,,HI,,,True,,,,,,,,True,False,False,True,False,,,,,,[]
sgsc,sgsc_two_meter,9325083,,,,,,,,,,,,,,,,4,,True,daytime_days_unspecified,,,,,NONE,,MED,,,False,,,,,,,,,,,,,,,,,,[]
sgsc,sgsc_two_meter,9335043,,,,,,,,,,,,,,,,0,,True,daytime_days_unspecified,,,,,NONE,,HI,,,False,,,,,,,,,,,,,,,,,,[]
sgsc,sgsc_two_meter,9351294,,,,,,,,,,,,,,,,0,,True,daytime_days_unspecified,,,,,LOW,,HI,,,False,,,,,,,,,,,,,,,,,,[]
sgsc,sgsc_two_meter,9351404,,,,,,,,,,,,,,,,0,,True,daytime_days_unspecified,,,,,LOW,,HI,,,False,,,,,,,,,,,,,,,,,,[]
sgsc,sgsc_two_meter,9395268,,,,,,,,,,,,,,,,0,,True,daytime_days_unspecified,,,,,LOW,,LOW,,,True,,,,,,,,,,,,,,,,,,[]
sgsc,sgsc_two_meter,9509943,,,,,,,,SeparateHouse,,,,,,,,0,,False,daytime_days_unspecified,,,,,NONE,,HI,,,True,,,,,,,,True,False,True,True,False,,,,,,[]
sgsc,sgsc_two_meter,9723414,,,,,,,,,,,,,,,,0,,True,daytime_days_unspecified,,,,,NONE,,MED,,,True,,,,,,,,,,,,,,,,,,[]
sgsc,sgsc_two_meter,9743110,,,,,,,,SeparateHouse,,,,,,,,0,,False,daytime_days_unspecified,,,,,NONE,,MED,,,True,,,,,,,,False,False,False,False,False,,,,,,[]
sgsc,sgsc_two_meter,9773228,,,,,,,,,,,,,,,,0,,True,daytime_days_unspecified,,,,,NONE,,HI,,,True,,,,,,,,,,,,,,,,,,[]
sgsc,sgsc_two_meter,9773332,,,,,,,,SeparateHouse,,,,,,,,0,,False,daytime_days_unspecified,,,,,MED,,MED,,,True,,,,,,,,False,False,False,False,False,,,,,,[]
sgsc,sgsc_two_meter,9817974,,,,,,,,,,,,,,,,0,,True,daytime_days_unspecified,,,,,NONE,,HI,,,True,,,,,,,,,,,,,,,,,,[]
sgsc,sgsc_two_meter,9822290,,,,,,,,,,,,,,,,0,,True,daytime_days_unspecified,,,,,LOW,,MED,,,True,,,,,,,,,,,,,,,,,,[]
sgsc,sgsc_two_meter,9822618,,,,,,,,SeparateHouse,,,,,,,,0,,False,daytime_days_unspecified,,,,,MED,,MED,,,True,,,,,,,,False,False,False,False,False,,,,,,[]
sgsc,sgsc_two_meter,9826658,,,,,,,,SeparateHouse,,,,,,,,0,,False,daytime_days_unspecified,,,,,LOW,,MED,,,True,,,,,,,,True,False,True,True,False,,,,,,[]
sgsc,sgsc_two_meter,9875100,,,,,,,,,,,,,,,,5,,True,daytime_days_unspecified,,,,,MED,,HI,,,False,,,,,,,,,,,,,,,,,,[]
sgsc,sgsc_two_meter,9905118,,,,,,,,,,,,,,,,0,,True,daytime_days_unspecified,,,,,LOW,,MED,,,True,,,,,,,,,,,,,,,,,,[]
sgsc,sgsc_two_meter,9937740,,,,,,,,,,,,,,,,0,,True,daytime_days_unspecified,,,,,NONE,,MED,,,False,,,,,,,,,,,,,,,,,,[]
sgsc,sgsc_two_meter,9994458,,,,,,,,SeparateHouse,,,,,,,,0,,False,daytime_days_unspecified,,,,,NONE,,MED,,,True,,,,,,,,False,False,False,False,False,,,,,,[]
